source,source_split,task_id,context_group
bird_mini_sqlite,mini_dev_sqlite,1471,debit_card_specializing
bird_mini_sqlite,mini_dev_sqlite,1472,debit_card_specializing
bird_mini_sqlite,mini_dev_sqlite,1473,debit_card_specializing
bird_mini_sqlite,mini_dev_sqlite,1476,debit_card_specializing
bird_mini_sqlite,mini_dev_sqlite,1479,debit_card_specializing
bird_mini_sqlite,mini_dev_sqlite,1480,debit_card_specializing
bird_mini_sqlite,mini_dev_sqlite,1481,debit_card_specializing
bird_mini_sqlite,mini_dev_sqlite,1482,debit_card_specializing
bird_mini_sqlite,mini_dev_sqlite,1483,debit_card_specializing
bird_mini_sqlite,mini_dev_sqlite,1484,debit_card_specializing
bird_mini_sqlite,mini_dev_sqlite,1486,debit_card_specializing
bird_mini_sqlite,mini_dev_sqlite,1490,debit_card_specializing
bird_mini_sqlite,mini_dev_sqlite,1493,debit_card_specializing
bird_mini_sqlite,mini_dev_sqlite,1498,debit_card_specializing
bird_mini_sqlite,mini_dev_sqlite,1500,debit_card_specializing
bird_mini_sqlite,mini_dev_sqlite,1501,debit_card_specializing
bird_mini_sqlite,mini_dev_sqlite,1505,debit_card_specializing
bird_mini_sqlite,mini_dev_sqlite,1506,debit_card_specializing
bird_mini_sqlite,mini_dev_sqlite,1507,debit_card_specializing
bird_mini_sqlite,mini_dev_sqlite,1509,debit_card_specializing
bird_mini_sqlite,mini_dev_sqlite,1514,debit_card_specializing
bird_mini_sqlite,mini_dev_sqlite,1515,debit_card_specializing
bird_mini_sqlite,mini_dev_sqlite,1521,debit_card_specializing
bird_mini_sqlite,mini_dev_sqlite,1524,debit_card_specializing
bird_mini_sqlite,mini_dev_sqlite,1525,debit_card_specializing
bird_mini_sqlite,mini_dev_sqlite,1526,debit_card_specializing
bird_mini_sqlite,mini_dev_sqlite,1528,debit_card_specializing
bird_mini_sqlite,mini_dev_sqlite,1529,debit_card_specializing
bird_mini_sqlite,mini_dev_sqlite,1531,debit_card_specializing
bird_mini_sqlite,mini_dev_sqlite,1533,debit_card_specializing
bird_mini_sqlite,mini_dev_sqlite,1312,student_club
bird_mini_sqlite,mini_dev_sqlite,1317,student_club
bird_mini_sqlite,mini_dev_sqlite,1322,student_club
bird_mini_sqlite,mini_dev_sqlite,1323,student_club
bird_mini_sqlite,mini_dev_sqlite,1331,student_club
bird_mini_sqlite,mini_dev_sqlite,1334,student_club
bird_mini_sqlite,mini_dev_sqlite,1338,student_club
bird_mini_sqlite,mini_dev_sqlite,1339,student_club
bird_mini_sqlite,mini_dev_sqlite,1340,student_club
bird_mini_sqlite,mini_dev_sqlite,1344,student_club
bird_mini_sqlite,mini_dev_sqlite,1346,student_club
bird_mini_sqlite,mini_dev_sqlite,1350,student_club
bird_mini_sqlite,mini_dev_sqlite,1351,student_club
bird_mini_sqlite,mini_dev_sqlite,1352,student_club
bird_mini_sqlite,mini_dev_sqlite,1356,student_club
bird_mini_sqlite,mini_dev_sqlite,1357,student_club
bird_mini_sqlite,mini_dev_sqlite,1359,student_club
bird_mini_sqlite,mini_dev_sqlite,1361,student_club
bird_mini_sqlite,mini_dev_sqlite,1362,student_club
bird_mini_sqlite,mini_dev_sqlite,1368,student_club
bird_mini_sqlite,mini_dev_sqlite,1371,student_club
bird_mini_sqlite,mini_dev_sqlite,1375,student_club
bird_mini_sqlite,mini_dev_sqlite,1376,student_club
bird_mini_sqlite,mini_dev_sqlite,1378,student_club
bird_mini_sqlite,mini_dev_sqlite,1380,student_club
bird_mini_sqlite,mini_dev_sqlite,1381,student_club
bird_mini_sqlite,mini_dev_sqlite,1387,student_club
bird_mini_sqlite,mini_dev_sqlite,1389,student_club
bird_mini_sqlite,mini_dev_sqlite,1390,student_club
bird_mini_sqlite,mini_dev_sqlite,1392,student_club
bird_mini_sqlite,mini_dev_sqlite,1394,student_club
bird_mini_sqlite,mini_dev_sqlite,1398,student_club
bird_mini_sqlite,mini_dev_sqlite,1399,student_club
bird_mini_sqlite,mini_dev_sqlite,1401,student_club
bird_mini_sqlite,mini_dev_sqlite,1403,student_club
bird_mini_sqlite,mini_dev_sqlite,1404,student_club
bird_mini_sqlite,mini_dev_sqlite,1405,student_club
bird_mini_sqlite,mini_dev_sqlite,1409,student_club
bird_mini_sqlite,mini_dev_sqlite,1410,student_club
bird_mini_sqlite,mini_dev_sqlite,1411,student_club
bird_mini_sqlite,mini_dev_sqlite,1422,student_club
bird_mini_sqlite,mini_dev_sqlite,1426,student_club
bird_mini_sqlite,mini_dev_sqlite,1427,student_club
bird_mini_sqlite,mini_dev_sqlite,1432,student_club
bird_mini_sqlite,mini_dev_sqlite,1435,student_club
bird_mini_sqlite,mini_dev_sqlite,1457,student_club
bird_mini_sqlite,mini_dev_sqlite,1460,student_club
bird_mini_sqlite,mini_dev_sqlite,1464,student_club
bird_mini_sqlite,mini_dev_sqlite,1149,thrombosis_prediction
bird_mini_sqlite,mini_dev_sqlite,1150,thrombosis_prediction
bird_mini_sqlite,mini_dev_sqlite,1152,thrombosis_prediction
bird_mini_sqlite,mini_dev_sqlite,1153,thrombosis_prediction
bird_mini_sqlite,mini_dev_sqlite,1155,thrombosis_prediction
bird_mini_sqlite,mini_dev_sqlite,1156,thrombosis_prediction
bird_mini_sqlite,mini_dev_sqlite,1157,thrombosis_prediction
bird_mini_sqlite,mini_dev_sqlite,1162,thrombosis_prediction
bird_mini_sqlite,mini_dev_sqlite,1164,thrombosis_prediction
bird_mini_sqlite,mini_dev_sqlite,1166,thrombosis_prediction
bird_mini_sqlite,mini_dev_sqlite,1168,thrombosis_prediction
bird_mini_sqlite,mini_dev_sqlite,1169,thrombosis_prediction
bird_mini_sqlite,mini_dev_sqlite,1171,thrombosis_prediction
bird_mini_sqlite,mini_dev_sqlite,1175,thrombosis_prediction
bird_mini_sqlite,mini_dev_sqlite,1179,thrombosis_prediction
bird_mini_sqlite,mini_dev_sqlite,1185,thrombosis_prediction
bird_mini_sqlite,mini_dev_sqlite,1187,thrombosis_prediction
bird_mini_sqlite,mini_dev_sqlite,1189,thrombosis_prediction
bird_mini_sqlite,mini_dev_sqlite,1192,thrombosis_prediction
bird_mini_sqlite,mini_dev_sqlite,1195,thrombosis_prediction
bird_mini_sqlite,mini_dev_sqlite,1198,thrombosis_prediction
bird_mini_sqlite,mini_dev_sqlite,1201,thrombosis_prediction
bird_mini_sqlite,mini_dev_sqlite,1205,thrombosis_prediction
bird_mini_sqlite,mini_dev_sqlite,1208,thrombosis_prediction
bird_mini_sqlite,mini_dev_sqlite,1209,thrombosis_prediction
bird_mini_sqlite,mini_dev_sqlite,1220,thrombosis_prediction
bird_mini_sqlite,mini_dev_sqlite,1225,thrombosis_prediction
bird_mini_sqlite,mini_dev_sqlite,1227,thrombosis_prediction
bird_mini_sqlite,mini_dev_sqlite,1229,thrombosis_prediction
bird_mini_sqlite,mini_dev_sqlite,1231,thrombosis_prediction
bird_mini_sqlite,mini_dev_sqlite,1232,thrombosis_prediction
bird_mini_sqlite,mini_dev_sqlite,1235,thrombosis_prediction
bird_mini_sqlite,mini_dev_sqlite,1238,thrombosis_prediction
bird_mini_sqlite,mini_dev_sqlite,1239,thrombosis_prediction
bird_mini_sqlite,mini_dev_sqlite,1241,thrombosis_prediction
bird_mini_sqlite,mini_dev_sqlite,1242,thrombosis_prediction
bird_mini_sqlite,mini_dev_sqlite,1243,thrombosis_prediction
bird_mini_sqlite,mini_dev_sqlite,1247,thrombosis_prediction
bird_mini_sqlite,mini_dev_sqlite,1251,thrombosis_prediction
bird_mini_sqlite,mini_dev_sqlite,1252,thrombosis_prediction
bird_mini_sqlite,mini_dev_sqlite,1254,thrombosis_prediction
bird_mini_sqlite,mini_dev_sqlite,1255,thrombosis_prediction
bird_mini_sqlite,mini_dev_sqlite,1256,thrombosis_prediction
bird_mini_sqlite,mini_dev_sqlite,1257,thrombosis_prediction
bird_mini_sqlite,mini_dev_sqlite,1265,thrombosis_prediction
bird_mini_sqlite,mini_dev_sqlite,1267,thrombosis_prediction
bird_mini_sqlite,mini_dev_sqlite,1270,thrombosis_prediction
bird_mini_sqlite,mini_dev_sqlite,1275,thrombosis_prediction
bird_mini_sqlite,mini_dev_sqlite,1281,thrombosis_prediction
bird_mini_sqlite,mini_dev_sqlite,1302,thrombosis_prediction
bird_mini_sqlite,mini_dev_sqlite,1025,european_football_2
bird_mini_sqlite,mini_dev_sqlite,1028,european_football_2
bird_mini_sqlite,mini_dev_sqlite,1029,european_football_2
bird_mini_sqlite,mini_dev_sqlite,1030,european_football_2
bird_mini_sqlite,mini_dev_sqlite,1031,european_football_2
bird_mini_sqlite,mini_dev_sqlite,1032,european_football_2
bird_mini_sqlite,mini_dev_sqlite,1035,european_football_2
bird_mini_sqlite,mini_dev_sqlite,1036,european_football_2
bird_mini_sqlite,mini_dev_sqlite,1037,european_football_2
bird_mini_sqlite,mini_dev_sqlite,1039,european_football_2
bird_mini_sqlite,mini_dev_sqlite,1040,european_football_2
bird_mini_sqlite,mini_dev_sqlite,1042,european_football_2
bird_mini_sqlite,mini_dev_sqlite,1044,european_football_2
bird_mini_sqlite,mini_dev_sqlite,1048,european_football_2
bird_mini_sqlite,mini_dev_sqlite,1057,european_football_2
bird_mini_sqlite,mini_dev_sqlite,1058,european_football_2
bird_mini_sqlite,mini_dev_sqlite,1068,european_football_2
bird_mini_sqlite,mini_dev_sqlite,1076,european_football_2
bird_mini_sqlite,mini_dev_sqlite,1078,european_football_2
bird_mini_sqlite,mini_dev_sqlite,1079,european_football_2
bird_mini_sqlite,mini_dev_sqlite,1080,european_football_2
bird_mini_sqlite,mini_dev_sqlite,1084,european_football_2
bird_mini_sqlite,mini_dev_sqlite,1088,european_football_2
bird_mini_sqlite,mini_dev_sqlite,1091,european_football_2
bird_mini_sqlite,mini_dev_sqlite,1092,european_football_2
bird_mini_sqlite,mini_dev_sqlite,1094,european_football_2
bird_mini_sqlite,mini_dev_sqlite,1096,european_football_2
bird_mini_sqlite,mini_dev_sqlite,1098,european_football_2
bird_mini_sqlite,mini_dev_sqlite,1102,european_football_2
bird_mini_sqlite,mini_dev_sqlite,1103,european_football_2
bird_mini_sqlite,mini_dev_sqlite,1105,european_football_2
bird_mini_sqlite,mini_dev_sqlite,1107,european_football_2
bird_mini_sqlite,mini_dev_sqlite,1110,european_football_2
bird_mini_sqlite,mini_dev_sqlite,1113,european_football_2
bird_mini_sqlite,mini_dev_sqlite,1114,european_football_2
bird_mini_sqlite,mini_dev_sqlite,1115,european_football_2
bird_mini_sqlite,mini_dev_sqlite,1116,european_football_2
bird_mini_sqlite,mini_dev_sqlite,1122,european_football_2
bird_mini_sqlite,mini_dev_sqlite,1124,european_football_2
bird_mini_sqlite,mini_dev_sqlite,1130,european_football_2
bird_mini_sqlite,mini_dev_sqlite,1133,european_football_2
bird_mini_sqlite,mini_dev_sqlite,1134,european_football_2
bird_mini_sqlite,mini_dev_sqlite,1135,european_football_2
bird_mini_sqlite,mini_dev_sqlite,1136,european_football_2
bird_mini_sqlite,mini_dev_sqlite,1139,european_football_2
bird_mini_sqlite,mini_dev_sqlite,1141,european_football_2
bird_mini_sqlite,mini_dev_sqlite,1144,european_football_2
bird_mini_sqlite,mini_dev_sqlite,1145,european_football_2
bird_mini_sqlite,mini_dev_sqlite,1146,european_football_2
bird_mini_sqlite,mini_dev_sqlite,1147,european_football_2
bird_mini_sqlite,mini_dev_sqlite,1148,european_football_2
bird_mini_sqlite,mini_dev_sqlite,846,formula_1
bird_mini_sqlite,mini_dev_sqlite,847,formula_1
bird_mini_sqlite,mini_dev_sqlite,850,formula_1
bird_mini_sqlite,mini_dev_sqlite,854,formula_1
bird_mini_sqlite,mini_dev_sqlite,857,formula_1
bird_mini_sqlite,mini_dev_sqlite,859,formula_1
bird_mini_sqlite,mini_dev_sqlite,861,formula_1
bird_mini_sqlite,mini_dev_sqlite,862,formula_1
bird_mini_sqlite,mini_dev_sqlite,865,formula_1
bird_mini_sqlite,mini_dev_sqlite,866,formula_1
bird_mini_sqlite,mini_dev_sqlite,868,formula_1
bird_mini_sqlite,mini_dev_sqlite,869,formula_1
bird_mini_sqlite,mini_dev_sqlite,872,formula_1
bird_mini_sqlite,mini_dev_sqlite,875,formula_1
bird_mini_sqlite,mini_dev_sqlite,877,formula_1
bird_mini_sqlite,mini_dev_sqlite,879,formula_1
bird_mini_sqlite,mini_dev_sqlite,880,formula_1
bird_mini_sqlite,mini_dev_sqlite,881,formula_1
bird_mini_sqlite,mini_dev_sqlite,884,formula_1
bird_mini_sqlite,mini_dev_sqlite,892,formula_1
bird_mini_sqlite,mini_dev_sqlite,894,formula_1
bird_mini_sqlite,mini_dev_sqlite,895,formula_1
bird_mini_sqlite,mini_dev_sqlite,896,formula_1
bird_mini_sqlite,mini_dev_sqlite,897,formula_1
bird_mini_sqlite,mini_dev_sqlite,898,formula_1
bird_mini_sqlite,mini_dev_sqlite,901,formula_1
bird_mini_sqlite,mini_dev_sqlite,902,formula_1
bird_mini_sqlite,mini_dev_sqlite,904,formula_1
bird_mini_sqlite,mini_dev_sqlite,906,formula_1
bird_mini_sqlite,mini_dev_sqlite,909,formula_1
bird_mini_sqlite,mini_dev_sqlite,910,formula_1
bird_mini_sqlite,mini_dev_sqlite,912,formula_1
bird_mini_sqlite,mini_dev_sqlite,915,formula_1
bird_mini_sqlite,mini_dev_sqlite,928,formula_1
bird_mini_sqlite,mini_dev_sqlite,930,formula_1
bird_mini_sqlite,mini_dev_sqlite,931,formula_1
bird_mini_sqlite,mini_dev_sqlite,933,formula_1
bird_mini_sqlite,mini_dev_sqlite,937,formula_1
bird_mini_sqlite,mini_dev_sqlite,940,formula_1
bird_mini_sqlite,mini_dev_sqlite,944,formula_1
bird_mini_sqlite,mini_dev_sqlite,945,formula_1
bird_mini_sqlite,mini_dev_sqlite,948,formula_1
bird_mini_sqlite,mini_dev_sqlite,950,formula_1
bird_mini_sqlite,mini_dev_sqlite,951,formula_1
bird_mini_sqlite,mini_dev_sqlite,954,formula_1
bird_mini_sqlite,mini_dev_sqlite,955,formula_1
bird_mini_sqlite,mini_dev_sqlite,959,formula_1
bird_mini_sqlite,mini_dev_sqlite,960,formula_1
bird_mini_sqlite,mini_dev_sqlite,962,formula_1
bird_mini_sqlite,mini_dev_sqlite,963,formula_1
bird_mini_sqlite,mini_dev_sqlite,964,formula_1
bird_mini_sqlite,mini_dev_sqlite,967,formula_1
bird_mini_sqlite,mini_dev_sqlite,971,formula_1
bird_mini_sqlite,mini_dev_sqlite,972,formula_1
bird_mini_sqlite,mini_dev_sqlite,977,formula_1
bird_mini_sqlite,mini_dev_sqlite,978,formula_1
bird_mini_sqlite,mini_dev_sqlite,981,formula_1
bird_mini_sqlite,mini_dev_sqlite,988,formula_1
bird_mini_sqlite,mini_dev_sqlite,989,formula_1
bird_mini_sqlite,mini_dev_sqlite,990,formula_1
bird_mini_sqlite,mini_dev_sqlite,717,superhero
bird_mini_sqlite,mini_dev_sqlite,994,formula_1
bird_mini_sqlite,mini_dev_sqlite,1001,formula_1
bird_mini_sqlite,mini_dev_sqlite,1002,formula_1
bird_mini_sqlite,mini_dev_sqlite,1003,formula_1
bird_mini_sqlite,mini_dev_sqlite,1011,formula_1
bird_mini_sqlite,mini_dev_sqlite,1014,formula_1
bird_mini_sqlite,mini_dev_sqlite,719,superhero
bird_mini_sqlite,mini_dev_sqlite,723,superhero
bird_mini_sqlite,mini_dev_sqlite,724,superhero
bird_mini_sqlite,mini_dev_sqlite,726,superhero
bird_mini_sqlite,mini_dev_sqlite,728,superhero
bird_mini_sqlite,mini_dev_sqlite,730,superhero
bird_mini_sqlite,mini_dev_sqlite,732,superhero
bird_mini_sqlite,mini_dev_sqlite,733,superhero
bird_mini_sqlite,mini_dev_sqlite,736,superhero
bird_mini_sqlite,mini_dev_sqlite,737,superhero
bird_mini_sqlite,mini_dev_sqlite,738,superhero
bird_mini_sqlite,mini_dev_sqlite,739,superhero
bird_mini_sqlite,mini_dev_sqlite,740,superhero
bird_mini_sqlite,mini_dev_sqlite,743,superhero
bird_mini_sqlite,mini_dev_sqlite,744,superhero
bird_mini_sqlite,mini_dev_sqlite,745,superhero
bird_mini_sqlite,mini_dev_sqlite,747,superhero
bird_mini_sqlite,mini_dev_sqlite,750,superhero
bird_mini_sqlite,mini_dev_sqlite,751,superhero
bird_mini_sqlite,mini_dev_sqlite,753,superhero
bird_mini_sqlite,mini_dev_sqlite,758,superhero
bird_mini_sqlite,mini_dev_sqlite,760,superhero
bird_mini_sqlite,mini_dev_sqlite,761,superhero
bird_mini_sqlite,mini_dev_sqlite,764,superhero
bird_mini_sqlite,mini_dev_sqlite,765,superhero
bird_mini_sqlite,mini_dev_sqlite,766,superhero
bird_mini_sqlite,mini_dev_sqlite,769,superhero
bird_mini_sqlite,mini_dev_sqlite,772,superhero
bird_mini_sqlite,mini_dev_sqlite,773,superhero
bird_mini_sqlite,mini_dev_sqlite,775,superhero
bird_mini_sqlite,mini_dev_sqlite,779,superhero
bird_mini_sqlite,mini_dev_sqlite,781,superhero
bird_mini_sqlite,mini_dev_sqlite,782,superhero
bird_mini_sqlite,mini_dev_sqlite,785,superhero
bird_mini_sqlite,mini_dev_sqlite,786,superhero
bird_mini_sqlite,mini_dev_sqlite,788,superhero
bird_mini_sqlite,mini_dev_sqlite,790,superhero
bird_mini_sqlite,mini_dev_sqlite,791,superhero
bird_mini_sqlite,mini_dev_sqlite,792,superhero
bird_mini_sqlite,mini_dev_sqlite,794,superhero
bird_mini_sqlite,mini_dev_sqlite,796,superhero
bird_mini_sqlite,mini_dev_sqlite,797,superhero
bird_mini_sqlite,mini_dev_sqlite,798,superhero
bird_mini_sqlite,mini_dev_sqlite,800,superhero
bird_mini_sqlite,mini_dev_sqlite,801,superhero
bird_mini_sqlite,mini_dev_sqlite,806,superhero
bird_mini_sqlite,mini_dev_sqlite,819,superhero
bird_mini_sqlite,mini_dev_sqlite,822,superhero
bird_mini_sqlite,mini_dev_sqlite,824,superhero
bird_mini_sqlite,mini_dev_sqlite,825,superhero
bird_mini_sqlite,mini_dev_sqlite,829,superhero
bird_mini_sqlite,mini_dev_sqlite,531,codebase_community
bird_mini_sqlite,mini_dev_sqlite,532,codebase_community
bird_mini_sqlite,mini_dev_sqlite,533,codebase_community
bird_mini_sqlite,mini_dev_sqlite,539,codebase_community
bird_mini_sqlite,mini_dev_sqlite,537,codebase_community
bird_mini_sqlite,mini_dev_sqlite,544,codebase_community
bird_mini_sqlite,mini_dev_sqlite,547,codebase_community
bird_mini_sqlite,mini_dev_sqlite,549,codebase_community
bird_mini_sqlite,mini_dev_sqlite,555,codebase_community
bird_mini_sqlite,mini_dev_sqlite,557,codebase_community
bird_mini_sqlite,mini_dev_sqlite,563,codebase_community
bird_mini_sqlite,mini_dev_sqlite,565,codebase_community
bird_mini_sqlite,mini_dev_sqlite,567,codebase_community
bird_mini_sqlite,mini_dev_sqlite,568,codebase_community
bird_mini_sqlite,mini_dev_sqlite,571,codebase_community
bird_mini_sqlite,mini_dev_sqlite,572,codebase_community
bird_mini_sqlite,mini_dev_sqlite,573,codebase_community
bird_mini_sqlite,mini_dev_sqlite,576,codebase_community
bird_mini_sqlite,mini_dev_sqlite,578,codebase_community
bird_mini_sqlite,mini_dev_sqlite,581,codebase_community
bird_mini_sqlite,mini_dev_sqlite,584,codebase_community
bird_mini_sqlite,mini_dev_sqlite,586,codebase_community
bird_mini_sqlite,mini_dev_sqlite,587,codebase_community
bird_mini_sqlite,mini_dev_sqlite,592,codebase_community
bird_mini_sqlite,mini_dev_sqlite,595,codebase_community
bird_mini_sqlite,mini_dev_sqlite,598,codebase_community
bird_mini_sqlite,mini_dev_sqlite,604,codebase_community
bird_mini_sqlite,mini_dev_sqlite,629,codebase_community
bird_mini_sqlite,mini_dev_sqlite,633,codebase_community
bird_mini_sqlite,mini_dev_sqlite,634,codebase_community
bird_mini_sqlite,mini_dev_sqlite,637,codebase_community
bird_mini_sqlite,mini_dev_sqlite,639,codebase_community
bird_mini_sqlite,mini_dev_sqlite,640,codebase_community
bird_mini_sqlite,mini_dev_sqlite,665,codebase_community
bird_mini_sqlite,mini_dev_sqlite,669,codebase_community
bird_mini_sqlite,mini_dev_sqlite,671,codebase_community
bird_mini_sqlite,mini_dev_sqlite,672,codebase_community
bird_mini_sqlite,mini_dev_sqlite,678,codebase_community
bird_mini_sqlite,mini_dev_sqlite,682,codebase_community
bird_mini_sqlite,mini_dev_sqlite,683,codebase_community
bird_mini_sqlite,mini_dev_sqlite,685,codebase_community
bird_mini_sqlite,mini_dev_sqlite,687,codebase_community
bird_mini_sqlite,mini_dev_sqlite,694,codebase_community
bird_mini_sqlite,mini_dev_sqlite,701,codebase_community
bird_mini_sqlite,mini_dev_sqlite,704,codebase_community
bird_mini_sqlite,mini_dev_sqlite,705,codebase_community
bird_mini_sqlite,mini_dev_sqlite,707,codebase_community
bird_mini_sqlite,mini_dev_sqlite,710,codebase_community
bird_mini_sqlite,mini_dev_sqlite,716,codebase_community
bird_mini_sqlite,mini_dev_sqlite,340,card_games
bird_mini_sqlite,mini_dev_sqlite,341,card_games
bird_mini_sqlite,mini_dev_sqlite,344,card_games
bird_mini_sqlite,mini_dev_sqlite,345,card_games
bird_mini_sqlite,mini_dev_sqlite,346,card_games
bird_mini_sqlite,mini_dev_sqlite,347,card_games
bird_mini_sqlite,mini_dev_sqlite,349,card_games
bird_mini_sqlite,mini_dev_sqlite,352,card_games
bird_mini_sqlite,mini_dev_sqlite,356,card_games
bird_mini_sqlite,mini_dev_sqlite,358,card_games
bird_mini_sqlite,mini_dev_sqlite,366,card_games
bird_mini_sqlite,mini_dev_sqlite,368,card_games
bird_mini_sqlite,mini_dev_sqlite,371,card_games
bird_mini_sqlite,mini_dev_sqlite,377,card_games
bird_mini_sqlite,mini_dev_sqlite,379,card_games
bird_mini_sqlite,mini_dev_sqlite,383,card_games
bird_mini_sqlite,mini_dev_sqlite,391,card_games
bird_mini_sqlite,mini_dev_sqlite,397,card_games
bird_mini_sqlite,mini_dev_sqlite,402,card_games
bird_mini_sqlite,mini_dev_sqlite,405,card_games
bird_mini_sqlite,mini_dev_sqlite,407,card_games
bird_mini_sqlite,mini_dev_sqlite,408,card_games
bird_mini_sqlite,mini_dev_sqlite,409,card_games
bird_mini_sqlite,mini_dev_sqlite,412,card_games
bird_mini_sqlite,mini_dev_sqlite,414,card_games
bird_mini_sqlite,mini_dev_sqlite,415,card_games
bird_mini_sqlite,mini_dev_sqlite,416,card_games
bird_mini_sqlite,mini_dev_sqlite,422,card_games
bird_mini_sqlite,mini_dev_sqlite,424,card_games
bird_mini_sqlite,mini_dev_sqlite,427,card_games
bird_mini_sqlite,mini_dev_sqlite,440,card_games
bird_mini_sqlite,mini_dev_sqlite,459,card_games
bird_mini_sqlite,mini_dev_sqlite,462,card_games
bird_mini_sqlite,mini_dev_sqlite,465,card_games
bird_mini_sqlite,mini_dev_sqlite,466,card_games
bird_mini_sqlite,mini_dev_sqlite,468,card_games
bird_mini_sqlite,mini_dev_sqlite,469,card_games
bird_mini_sqlite,mini_dev_sqlite,472,card_games
bird_mini_sqlite,mini_dev_sqlite,473,card_games
bird_mini_sqlite,mini_dev_sqlite,474,card_games
bird_mini_sqlite,mini_dev_sqlite,477,card_games
bird_mini_sqlite,mini_dev_sqlite,479,card_games
bird_mini_sqlite,mini_dev_sqlite,480,card_games
bird_mini_sqlite,mini_dev_sqlite,483,card_games
bird_mini_sqlite,mini_dev_sqlite,484,card_games
bird_mini_sqlite,mini_dev_sqlite,486,card_games
bird_mini_sqlite,mini_dev_sqlite,487,card_games
bird_mini_sqlite,mini_dev_sqlite,518,card_games
bird_mini_sqlite,mini_dev_sqlite,522,card_games
bird_mini_sqlite,mini_dev_sqlite,528,card_games
bird_mini_sqlite,mini_dev_sqlite,529,card_games
bird_mini_sqlite,mini_dev_sqlite,530,card_games
bird_mini_sqlite,mini_dev_sqlite,195,toxicology
bird_mini_sqlite,mini_dev_sqlite,197,toxicology
bird_mini_sqlite,mini_dev_sqlite,198,toxicology
bird_mini_sqlite,mini_dev_sqlite,200,toxicology
bird_mini_sqlite,mini_dev_sqlite,201,toxicology
bird_mini_sqlite,mini_dev_sqlite,206,toxicology
bird_mini_sqlite,mini_dev_sqlite,207,toxicology
bird_mini_sqlite,mini_dev_sqlite,208,toxicology
bird_mini_sqlite,mini_dev_sqlite,212,toxicology
bird_mini_sqlite,mini_dev_sqlite,213,toxicology
bird_mini_sqlite,mini_dev_sqlite,215,toxicology
bird_mini_sqlite,mini_dev_sqlite,218,toxicology
bird_mini_sqlite,mini_dev_sqlite,219,toxicology
bird_mini_sqlite,mini_dev_sqlite,220,toxicology
bird_mini_sqlite,mini_dev_sqlite,226,toxicology
bird_mini_sqlite,mini_dev_sqlite,227,toxicology
bird_mini_sqlite,mini_dev_sqlite,228,toxicology
bird_mini_sqlite,mini_dev_sqlite,230,toxicology
bird_mini_sqlite,mini_dev_sqlite,231,toxicology
bird_mini_sqlite,mini_dev_sqlite,232,toxicology
bird_mini_sqlite,mini_dev_sqlite,234,toxicology
bird_mini_sqlite,mini_dev_sqlite,236,toxicology
bird_mini_sqlite,mini_dev_sqlite,239,toxicology
bird_mini_sqlite,mini_dev_sqlite,240,toxicology
bird_mini_sqlite,mini_dev_sqlite,242,toxicology
bird_mini_sqlite,mini_dev_sqlite,243,toxicology
bird_mini_sqlite,mini_dev_sqlite,244,toxicology
bird_mini_sqlite,mini_dev_sqlite,245,toxicology
bird_mini_sqlite,mini_dev_sqlite,247,toxicology
bird_mini_sqlite,mini_dev_sqlite,248,toxicology
bird_mini_sqlite,mini_dev_sqlite,249,toxicology
bird_mini_sqlite,mini_dev_sqlite,253,toxicology
bird_mini_sqlite,mini_dev_sqlite,255,toxicology
bird_mini_sqlite,mini_dev_sqlite,260,toxicology
bird_mini_sqlite,mini_dev_sqlite,263,toxicology
bird_mini_sqlite,mini_dev_sqlite,268,toxicology
bird_mini_sqlite,mini_dev_sqlite,273,toxicology
bird_mini_sqlite,mini_dev_sqlite,281,toxicology
bird_mini_sqlite,mini_dev_sqlite,282,toxicology
bird_mini_sqlite,mini_dev_sqlite,327,toxicology
bird_mini_sqlite,mini_dev_sqlite,5,california_schools
bird_mini_sqlite,mini_dev_sqlite,11,california_schools
bird_mini_sqlite,mini_dev_sqlite,12,california_schools
bird_mini_sqlite,mini_dev_sqlite,17,california_schools
bird_mini_sqlite,mini_dev_sqlite,23,california_schools
bird_mini_sqlite,mini_dev_sqlite,24,california_schools
bird_mini_sqlite,mini_dev_sqlite,25,california_schools
bird_mini_sqlite,mini_dev_sqlite,26,california_schools
bird_mini_sqlite,mini_dev_sqlite,27,california_schools
bird_mini_sqlite,mini_dev_sqlite,28,california_schools
bird_mini_sqlite,mini_dev_sqlite,31,california_schools
bird_mini_sqlite,mini_dev_sqlite,32,california_schools
bird_mini_sqlite,mini_dev_sqlite,37,california_schools
bird_mini_sqlite,mini_dev_sqlite,36,california_schools
bird_mini_sqlite,mini_dev_sqlite,39,california_schools
bird_mini_sqlite,mini_dev_sqlite,40,california_schools
bird_mini_sqlite,mini_dev_sqlite,41,california_schools
bird_mini_sqlite,mini_dev_sqlite,45,california_schools
bird_mini_sqlite,mini_dev_sqlite,46,california_schools
bird_mini_sqlite,mini_dev_sqlite,47,california_schools
bird_mini_sqlite,mini_dev_sqlite,48,california_schools
bird_mini_sqlite,mini_dev_sqlite,50,california_schools
bird_mini_sqlite,mini_dev_sqlite,62,california_schools
bird_mini_sqlite,mini_dev_sqlite,72,california_schools
bird_mini_sqlite,mini_dev_sqlite,77,california_schools
bird_mini_sqlite,mini_dev_sqlite,79,california_schools
bird_mini_sqlite,mini_dev_sqlite,82,california_schools
bird_mini_sqlite,mini_dev_sqlite,83,california_schools
bird_mini_sqlite,mini_dev_sqlite,85,california_schools
bird_mini_sqlite,mini_dev_sqlite,87,california_schools
bird_mini_sqlite,mini_dev_sqlite,89,financial
bird_mini_sqlite,mini_dev_sqlite,92,financial
bird_mini_sqlite,mini_dev_sqlite,93,financial
bird_mini_sqlite,mini_dev_sqlite,94,financial
bird_mini_sqlite,mini_dev_sqlite,95,financial
bird_mini_sqlite,mini_dev_sqlite,98,financial
bird_mini_sqlite,mini_dev_sqlite,99,financial
bird_mini_sqlite,mini_dev_sqlite,100,financial
bird_mini_sqlite,mini_dev_sqlite,112,financial
bird_mini_sqlite,mini_dev_sqlite,115,financial
bird_mini_sqlite,mini_dev_sqlite,116,financial
bird_mini_sqlite,mini_dev_sqlite,117,financial
bird_mini_sqlite,mini_dev_sqlite,118,financial
bird_mini_sqlite,mini_dev_sqlite,125,financial
bird_mini_sqlite,mini_dev_sqlite,128,financial
bird_mini_sqlite,mini_dev_sqlite,136,financial
bird_mini_sqlite,mini_dev_sqlite,129,financial
bird_mini_sqlite,mini_dev_sqlite,137,financial
bird_mini_sqlite,mini_dev_sqlite,138,financial
bird_mini_sqlite,mini_dev_sqlite,145,financial
bird_mini_sqlite,mini_dev_sqlite,149,financial
bird_mini_sqlite,mini_dev_sqlite,152,financial
bird_mini_sqlite,mini_dev_sqlite,159,financial
bird_mini_sqlite,mini_dev_sqlite,168,financial
bird_mini_sqlite,mini_dev_sqlite,169,financial
bird_mini_sqlite,mini_dev_sqlite,173,financial
bird_mini_sqlite,mini_dev_sqlite,186,financial
bird_mini_sqlite,mini_dev_sqlite,189,financial
bird_mini_sqlite,mini_dev_sqlite,192,financial
bird_mini_sqlite,mini_dev_sqlite,194,financial
bird_mini_sqlite,mini_dev_sqlite,119,financial
bird_mini_sqlite,mini_dev_sqlite,120,financial
bird_mini_pg,mini_dev_pg,1471,debit_card_specializing
bird_mini_pg,mini_dev_pg,1472,debit_card_specializing
bird_mini_pg,mini_dev_pg,1473,debit_card_specializing
bird_mini_pg,mini_dev_pg,1476,debit_card_specializing
bird_mini_pg,mini_dev_pg,1479,debit_card_specializing
bird_mini_pg,mini_dev_pg,1480,debit_card_specializing
bird_mini_pg,mini_dev_pg,1481,debit_card_specializing
bird_mini_pg,mini_dev_pg,1482,debit_card_specializing
bird_mini_pg,mini_dev_pg,1483,debit_card_specializing
bird_mini_pg,mini_dev_pg,1484,debit_card_specializing
bird_mini_pg,mini_dev_pg,1486,debit_card_specializing
bird_mini_pg,mini_dev_pg,1490,debit_card_specializing
bird_mini_pg,mini_dev_pg,1493,debit_card_specializing
bird_mini_pg,mini_dev_pg,1498,debit_card_specializing
bird_mini_pg,mini_dev_pg,1500,debit_card_specializing
bird_mini_pg,mini_dev_pg,1501,debit_card_specializing
bird_mini_pg,mini_dev_pg,1505,debit_card_specializing
bird_mini_pg,mini_dev_pg,1506,debit_card_specializing
bird_mini_pg,mini_dev_pg,1507,debit_card_specializing
bird_mini_pg,mini_dev_pg,1509,debit_card_specializing
bird_mini_pg,mini_dev_pg,1514,debit_card_specializing
bird_mini_pg,mini_dev_pg,1515,debit_card_specializing
bird_mini_pg,mini_dev_pg,1521,debit_card_specializing
bird_mini_pg,mini_dev_pg,1524,debit_card_specializing
bird_mini_pg,mini_dev_pg,1525,debit_card_specializing
bird_mini_pg,mini_dev_pg,1526,debit_card_specializing
bird_mini_pg,mini_dev_pg,1528,debit_card_specializing
bird_mini_pg,mini_dev_pg,1529,debit_card_specializing
bird_mini_pg,mini_dev_pg,1531,debit_card_specializing
bird_mini_pg,mini_dev_pg,1533,debit_card_specializing
bird_mini_pg,mini_dev_pg,1312,student_club
bird_mini_pg,mini_dev_pg,1317,student_club
bird_mini_pg,mini_dev_pg,1322,student_club
bird_mini_pg,mini_dev_pg,1323,student_club
bird_mini_pg,mini_dev_pg,1331,student_club
bird_mini_pg,mini_dev_pg,1334,student_club
bird_mini_pg,mini_dev_pg,1338,student_club
bird_mini_pg,mini_dev_pg,1339,student_club
bird_mini_pg,mini_dev_pg,1340,student_club
bird_mini_pg,mini_dev_pg,1344,student_club
bird_mini_pg,mini_dev_pg,1346,student_club
bird_mini_pg,mini_dev_pg,1350,student_club
bird_mini_pg,mini_dev_pg,1351,student_club
bird_mini_pg,mini_dev_pg,1352,student_club
bird_mini_pg,mini_dev_pg,1356,student_club
bird_mini_pg,mini_dev_pg,1357,student_club
bird_mini_pg,mini_dev_pg,1359,student_club
bird_mini_pg,mini_dev_pg,1361,student_club
bird_mini_pg,mini_dev_pg,1362,student_club
bird_mini_pg,mini_dev_pg,1368,student_club
bird_mini_pg,mini_dev_pg,1371,student_club
bird_mini_pg,mini_dev_pg,1375,student_club
bird_mini_pg,mini_dev_pg,1376,student_club
bird_mini_pg,mini_dev_pg,1378,student_club
bird_mini_pg,mini_dev_pg,1380,student_club
bird_mini_pg,mini_dev_pg,1381,student_club
bird_mini_pg,mini_dev_pg,1387,student_club
bird_mini_pg,mini_dev_pg,1389,student_club
bird_mini_pg,mini_dev_pg,1390,student_club
bird_mini_pg,mini_dev_pg,1392,student_club
bird_mini_pg,mini_dev_pg,1394,student_club
bird_mini_pg,mini_dev_pg,1398,student_club
bird_mini_pg,mini_dev_pg,1399,student_club
bird_mini_pg,mini_dev_pg,1401,student_club
bird_mini_pg,mini_dev_pg,1403,student_club
bird_mini_pg,mini_dev_pg,1404,student_club
bird_mini_pg,mini_dev_pg,1405,student_club
bird_mini_pg,mini_dev_pg,1409,student_club
bird_mini_pg,mini_dev_pg,1410,student_club
bird_mini_pg,mini_dev_pg,1411,student_club
bird_mini_pg,mini_dev_pg,1422,student_club
bird_mini_pg,mini_dev_pg,1426,student_club
bird_mini_pg,mini_dev_pg,1427,student_club
bird_mini_pg,mini_dev_pg,1432,student_club
bird_mini_pg,mini_dev_pg,1435,student_club
bird_mini_pg,mini_dev_pg,1457,student_club
bird_mini_pg,mini_dev_pg,1460,student_club
bird_mini_pg,mini_dev_pg,1464,student_club
bird_mini_pg,mini_dev_pg,1149,thrombosis_prediction
bird_mini_pg,mini_dev_pg,1150,thrombosis_prediction
bird_mini_pg,mini_dev_pg,1152,thrombosis_prediction
bird_mini_pg,mini_dev_pg,1153,thrombosis_prediction
bird_mini_pg,mini_dev_pg,1155,thrombosis_prediction
bird_mini_pg,mini_dev_pg,1156,thrombosis_prediction
bird_mini_pg,mini_dev_pg,1157,thrombosis_prediction
bird_mini_pg,mini_dev_pg,1162,thrombosis_prediction
bird_mini_pg,mini_dev_pg,1164,thrombosis_prediction
bird_mini_pg,mini_dev_pg,1166,thrombosis_prediction
bird_mini_pg,mini_dev_pg,1168,thrombosis_prediction
bird_mini_pg,mini_dev_pg,1169,thrombosis_prediction
bird_mini_pg,mini_dev_pg,1171,thrombosis_prediction
bird_mini_pg,mini_dev_pg,1175,thrombosis_prediction
bird_mini_pg,mini_dev_pg,1179,thrombosis_prediction
bird_mini_pg,mini_dev_pg,1185,thrombosis_prediction
bird_mini_pg,mini_dev_pg,1187,thrombosis_prediction
bird_mini_pg,mini_dev_pg,1189,thrombosis_prediction
bird_mini_pg,mini_dev_pg,1192,thrombosis_prediction
bird_mini_pg,mini_dev_pg,1195,thrombosis_prediction
bird_mini_pg,mini_dev_pg,1198,thrombosis_prediction
bird_mini_pg,mini_dev_pg,1201,thrombosis_prediction
bird_mini_pg,mini_dev_pg,1205,thrombosis_prediction
bird_mini_pg,mini_dev_pg,1208,thrombosis_prediction
bird_mini_pg,mini_dev_pg,1209,thrombosis_prediction
bird_mini_pg,mini_dev_pg,1220,thrombosis_prediction
bird_mini_pg,mini_dev_pg,1225,thrombosis_prediction
bird_mini_pg,mini_dev_pg,1227,thrombosis_prediction
bird_mini_pg,mini_dev_pg,1229,thrombosis_prediction
bird_mini_pg,mini_dev_pg,1231,thrombosis_prediction
bird_mini_pg,mini_dev_pg,1232,thrombosis_prediction
bird_mini_pg,mini_dev_pg,1235,thrombosis_prediction
bird_mini_pg,mini_dev_pg,1238,thrombosis_prediction
bird_mini_pg,mini_dev_pg,1239,thrombosis_prediction
bird_mini_pg,mini_dev_pg,1241,thrombosis_prediction
bird_mini_pg,mini_dev_pg,1242,thrombosis_prediction
bird_mini_pg,mini_dev_pg,1243,thrombosis_prediction
bird_mini_pg,mini_dev_pg,1247,thrombosis_prediction
bird_mini_pg,mini_dev_pg,1251,thrombosis_prediction
bird_mini_pg,mini_dev_pg,1252,thrombosis_prediction
bird_mini_pg,mini_dev_pg,1254,thrombosis_prediction
bird_mini_pg,mini_dev_pg,1255,thrombosis_prediction
bird_mini_pg,mini_dev_pg,1256,thrombosis_prediction
bird_mini_pg,mini_dev_pg,1257,thrombosis_prediction
bird_mini_pg,mini_dev_pg,1265,thrombosis_prediction
bird_mini_pg,mini_dev_pg,1267,thrombosis_prediction
bird_mini_pg,mini_dev_pg,1270,thrombosis_prediction
bird_mini_pg,mini_dev_pg,1275,thrombosis_prediction
bird_mini_pg,mini_dev_pg,1281,thrombosis_prediction
bird_mini_pg,mini_dev_pg,1302,thrombosis_prediction
bird_mini_pg,mini_dev_pg,1025,european_football_2
bird_mini_pg,mini_dev_pg,1028,european_football_2
bird_mini_pg,mini_dev_pg,1029,european_football_2
bird_mini_pg,mini_dev_pg,1030,european_football_2
bird_mini_pg,mini_dev_pg,1031,european_football_2
bird_mini_pg,mini_dev_pg,1032,european_football_2
bird_mini_pg,mini_dev_pg,1035,european_football_2
bird_mini_pg,mini_dev_pg,1036,european_football_2
bird_mini_pg,mini_dev_pg,1037,european_football_2
bird_mini_pg,mini_dev_pg,1039,european_football_2
bird_mini_pg,mini_dev_pg,1040,european_football_2
bird_mini_pg,mini_dev_pg,1042,european_football_2
bird_mini_pg,mini_dev_pg,1044,european_football_2
bird_mini_pg,mini_dev_pg,1048,european_football_2
bird_mini_pg,mini_dev_pg,1057,european_football_2
bird_mini_pg,mini_dev_pg,1058,european_football_2
bird_mini_pg,mini_dev_pg,1068,european_football_2
bird_mini_pg,mini_dev_pg,1076,european_football_2
bird_mini_pg,mini_dev_pg,1078,european_football_2
bird_mini_pg,mini_dev_pg,1079,european_football_2
bird_mini_pg,mini_dev_pg,1080,european_football_2
bird_mini_pg,mini_dev_pg,1084,european_football_2
bird_mini_pg,mini_dev_pg,1088,european_football_2
bird_mini_pg,mini_dev_pg,1091,european_football_2
bird_mini_pg,mini_dev_pg,1092,european_football_2
bird_mini_pg,mini_dev_pg,1094,european_football_2
bird_mini_pg,mini_dev_pg,1096,european_football_2
bird_mini_pg,mini_dev_pg,1098,european_football_2
bird_mini_pg,mini_dev_pg,1102,european_football_2
bird_mini_pg,mini_dev_pg,1103,european_football_2
bird_mini_pg,mini_dev_pg,1105,european_football_2
bird_mini_pg,mini_dev_pg,1107,european_football_2
bird_mini_pg,mini_dev_pg,1110,european_football_2
bird_mini_pg,mini_dev_pg,1113,european_football_2
bird_mini_pg,mini_dev_pg,1114,european_football_2
bird_mini_pg,mini_dev_pg,1115,european_football_2
bird_mini_pg,mini_dev_pg,1116,european_football_2
bird_mini_pg,mini_dev_pg,1122,european_football_2
bird_mini_pg,mini_dev_pg,1124,european_football_2
bird_mini_pg,mini_dev_pg,1130,european_football_2
bird_mini_pg,mini_dev_pg,1133,european_football_2
bird_mini_pg,mini_dev_pg,1134,european_football_2
bird_mini_pg,mini_dev_pg,1135,european_football_2
bird_mini_pg,mini_dev_pg,1136,european_football_2
bird_mini_pg,mini_dev_pg,1139,european_football_2
bird_mini_pg,mini_dev_pg,1141,european_football_2
bird_mini_pg,mini_dev_pg,1144,european_football_2
bird_mini_pg,mini_dev_pg,1145,european_football_2
bird_mini_pg,mini_dev_pg,1146,european_football_2
bird_mini_pg,mini_dev_pg,1147,european_football_2
bird_mini_pg,mini_dev_pg,1148,european_football_2
bird_mini_pg,mini_dev_pg,846,formula_1
bird_mini_pg,mini_dev_pg,847,formula_1
bird_mini_pg,mini_dev_pg,850,formula_1
bird_mini_pg,mini_dev_pg,854,formula_1
bird_mini_pg,mini_dev_pg,857,formula_1
bird_mini_pg,mini_dev_pg,859,formula_1
bird_mini_pg,mini_dev_pg,861,formula_1
bird_mini_pg,mini_dev_pg,862,formula_1
bird_mini_pg,mini_dev_pg,865,formula_1
bird_mini_pg,mini_dev_pg,866,formula_1
bird_mini_pg,mini_dev_pg,868,formula_1
bird_mini_pg,mini_dev_pg,869,formula_1
bird_mini_pg,mini_dev_pg,872,formula_1
bird_mini_pg,mini_dev_pg,875,formula_1
bird_mini_pg,mini_dev_pg,877,formula_1
bird_mini_pg,mini_dev_pg,879,formula_1
bird_mini_pg,mini_dev_pg,880,formula_1
bird_mini_pg,mini_dev_pg,881,formula_1
bird_mini_pg,mini_dev_pg,884,formula_1
bird_mini_pg,mini_dev_pg,892,formula_1
bird_mini_pg,mini_dev_pg,894,formula_1
bird_mini_pg,mini_dev_pg,895,formula_1
bird_mini_pg,mini_dev_pg,896,formula_1
bird_mini_pg,mini_dev_pg,897,formula_1
bird_mini_pg,mini_dev_pg,898,formula_1
bird_mini_pg,mini_dev_pg,901,formula_1
bird_mini_pg,mini_dev_pg,902,formula_1
bird_mini_pg,mini_dev_pg,904,formula_1
bird_mini_pg,mini_dev_pg,906,formula_1
bird_mini_pg,mini_dev_pg,909,formula_1
bird_mini_pg,mini_dev_pg,910,formula_1
bird_mini_pg,mini_dev_pg,912,formula_1
bird_mini_pg,mini_dev_pg,915,formula_1
bird_mini_pg,mini_dev_pg,928,formula_1
bird_mini_pg,mini_dev_pg,930,formula_1
bird_mini_pg,mini_dev_pg,931,formula_1
bird_mini_pg,mini_dev_pg,933,formula_1
bird_mini_pg,mini_dev_pg,937,formula_1
bird_mini_pg,mini_dev_pg,940,formula_1
bird_mini_pg,mini_dev_pg,944,formula_1
bird_mini_pg,mini_dev_pg,945,formula_1
bird_mini_pg,mini_dev_pg,948,formula_1
bird_mini_pg,mini_dev_pg,950,formula_1
bird_mini_pg,mini_dev_pg,951,formula_1
bird_mini_pg,mini_dev_pg,954,formula_1
bird_mini_pg,mini_dev_pg,955,formula_1
bird_mini_pg,mini_dev_pg,959,formula_1
bird_mini_pg,mini_dev_pg,960,formula_1
bird_mini_pg,mini_dev_pg,962,formula_1
bird_mini_pg,mini_dev_pg,963,formula_1
bird_mini_pg,mini_dev_pg,964,formula_1
bird_mini_pg,mini_dev_pg,967,formula_1
bird_mini_pg,mini_dev_pg,971,formula_1
bird_mini_pg,mini_dev_pg,972,formula_1
bird_mini_pg,mini_dev_pg,977,formula_1
bird_mini_pg,mini_dev_pg,978,formula_1
bird_mini_pg,mini_dev_pg,981,formula_1
bird_mini_pg,mini_dev_pg,988,formula_1
bird_mini_pg,mini_dev_pg,989,formula_1
bird_mini_pg,mini_dev_pg,990,formula_1
bird_mini_pg,mini_dev_pg,717,superhero
bird_mini_pg,mini_dev_pg,994,formula_1
bird_mini_pg,mini_dev_pg,1001,formula_1
bird_mini_pg,mini_dev_pg,1002,formula_1
bird_mini_pg,mini_dev_pg,1003,formula_1
bird_mini_pg,mini_dev_pg,1011,formula_1
bird_mini_pg,mini_dev_pg,1014,formula_1
bird_mini_pg,mini_dev_pg,719,superhero
bird_mini_pg,mini_dev_pg,723,superhero
bird_mini_pg,mini_dev_pg,724,superhero
bird_mini_pg,mini_dev_pg,726,superhero
bird_mini_pg,mini_dev_pg,728,superhero
bird_mini_pg,mini_dev_pg,730,superhero
bird_mini_pg,mini_dev_pg,732,superhero
bird_mini_pg,mini_dev_pg,733,superhero
bird_mini_pg,mini_dev_pg,736,superhero
bird_mini_pg,mini_dev_pg,737,superhero
bird_mini_pg,mini_dev_pg,738,superhero
bird_mini_pg,mini_dev_pg,739,superhero
bird_mini_pg,mini_dev_pg,740,superhero
bird_mini_pg,mini_dev_pg,743,superhero
bird_mini_pg,mini_dev_pg,744,superhero
bird_mini_pg,mini_dev_pg,745,superhero
bird_mini_pg,mini_dev_pg,747,superhero
bird_mini_pg,mini_dev_pg,750,superhero
bird_mini_pg,mini_dev_pg,751,superhero
bird_mini_pg,mini_dev_pg,753,superhero
bird_mini_pg,mini_dev_pg,758,superhero
bird_mini_pg,mini_dev_pg,760,superhero
bird_mini_pg,mini_dev_pg,761,superhero
bird_mini_pg,mini_dev_pg,764,superhero
bird_mini_pg,mini_dev_pg,765,superhero
bird_mini_pg,mini_dev_pg,766,superhero
bird_mini_pg,mini_dev_pg,769,superhero
bird_mini_pg,mini_dev_pg,772,superhero
bird_mini_pg,mini_dev_pg,773,superhero
bird_mini_pg,mini_dev_pg,775,superhero
bird_mini_pg,mini_dev_pg,779,superhero
bird_mini_pg,mini_dev_pg,781,superhero
bird_mini_pg,mini_dev_pg,782,superhero
bird_mini_pg,mini_dev_pg,785,superhero
bird_mini_pg,mini_dev_pg,786,superhero
bird_mini_pg,mini_dev_pg,788,superhero
bird_mini_pg,mini_dev_pg,790,superhero
bird_mini_pg,mini_dev_pg,791,superhero
bird_mini_pg,mini_dev_pg,792,superhero
bird_mini_pg,mini_dev_pg,794,superhero
bird_mini_pg,mini_dev_pg,796,superhero
bird_mini_pg,mini_dev_pg,797,superhero
bird_mini_pg,mini_dev_pg,798,superhero
bird_mini_pg,mini_dev_pg,800,superhero
bird_mini_pg,mini_dev_pg,801,superhero
bird_mini_pg,mini_dev_pg,806,superhero
bird_mini_pg,mini_dev_pg,819,superhero
bird_mini_pg,mini_dev_pg,822,superhero
bird_mini_pg,mini_dev_pg,824,superhero
bird_mini_pg,mini_dev_pg,825,superhero
bird_mini_pg,mini_dev_pg,829,superhero
bird_mini_pg,mini_dev_pg,531,codebase_community
bird_mini_pg,mini_dev_pg,532,codebase_community
bird_mini_pg,mini_dev_pg,533,codebase_community
bird_mini_pg,mini_dev_pg,539,codebase_community
bird_mini_pg,mini_dev_pg,537,codebase_community
bird_mini_pg,mini_dev_pg,544,codebase_community
bird_mini_pg,mini_dev_pg,547,codebase_community
bird_mini_pg,mini_dev_pg,549,codebase_community
bird_mini_pg,mini_dev_pg,555,codebase_community
bird_mini_pg,mini_dev_pg,557,codebase_community
bird_mini_pg,mini_dev_pg,563,codebase_community
bird_mini_pg,mini_dev_pg,565,codebase_community
bird_mini_pg,mini_dev_pg,567,codebase_community
bird_mini_pg,mini_dev_pg,568,codebase_community
bird_mini_pg,mini_dev_pg,571,codebase_community
bird_mini_pg,mini_dev_pg,572,codebase_community
bird_mini_pg,mini_dev_pg,573,codebase_community
bird_mini_pg,mini_dev_pg,576,codebase_community
bird_mini_pg,mini_dev_pg,578,codebase_community
bird_mini_pg,mini_dev_pg,581,codebase_community
bird_mini_pg,mini_dev_pg,584,codebase_community
bird_mini_pg,mini_dev_pg,586,codebase_community
bird_mini_pg,mini_dev_pg,587,codebase_community
bird_mini_pg,mini_dev_pg,592,codebase_community
bird_mini_pg,mini_dev_pg,595,codebase_community
bird_mini_pg,mini_dev_pg,598,codebase_community
bird_mini_pg,mini_dev_pg,604,codebase_community
bird_mini_pg,mini_dev_pg,629,codebase_community
bird_mini_pg,mini_dev_pg,633,codebase_community
bird_mini_pg,mini_dev_pg,634,codebase_community
bird_mini_pg,mini_dev_pg,637,codebase_community
bird_mini_pg,mini_dev_pg,639,codebase_community
bird_mini_pg,mini_dev_pg,640,codebase_community
bird_mini_pg,mini_dev_pg,665,codebase_community
bird_mini_pg,mini_dev_pg,669,codebase_community
bird_mini_pg,mini_dev_pg,671,codebase_community
bird_mini_pg,mini_dev_pg,672,codebase_community
bird_mini_pg,mini_dev_pg,678,codebase_community
bird_mini_pg,mini_dev_pg,682,codebase_community
bird_mini_pg,mini_dev_pg,683,codebase_community
bird_mini_pg,mini_dev_pg,685,codebase_community
bird_mini_pg,mini_dev_pg,687,codebase_community
bird_mini_pg,mini_dev_pg,694,codebase_community
bird_mini_pg,mini_dev_pg,701,codebase_community
bird_mini_pg,mini_dev_pg,704,codebase_community
bird_mini_pg,mini_dev_pg,705,codebase_community
bird_mini_pg,mini_dev_pg,707,codebase_community
bird_mini_pg,mini_dev_pg,710,codebase_community
bird_mini_pg,mini_dev_pg,716,codebase_community
bird_mini_pg,mini_dev_pg,340,card_games
bird_mini_pg,mini_dev_pg,341,card_games
bird_mini_pg,mini_dev_pg,344,card_games
bird_mini_pg,mini_dev_pg,345,card_games
bird_mini_pg,mini_dev_pg,346,card_games
bird_mini_pg,mini_dev_pg,347,card_games
bird_mini_pg,mini_dev_pg,349,card_games
bird_mini_pg,mini_dev_pg,352,card_games
bird_mini_pg,mini_dev_pg,356,card_games
bird_mini_pg,mini_dev_pg,358,card_games
bird_mini_pg,mini_dev_pg,366,card_games
bird_mini_pg,mini_dev_pg,368,card_games
bird_mini_pg,mini_dev_pg,371,card_games
bird_mini_pg,mini_dev_pg,377,card_games
bird_mini_pg,mini_dev_pg,379,card_games
bird_mini_pg,mini_dev_pg,383,card_games
bird_mini_pg,mini_dev_pg,391,card_games
bird_mini_pg,mini_dev_pg,397,card_games
bird_mini_pg,mini_dev_pg,402,card_games
bird_mini_pg,mini_dev_pg,405,card_games
bird_mini_pg,mini_dev_pg,407,card_games
bird_mini_pg,mini_dev_pg,408,card_games
bird_mini_pg,mini_dev_pg,409,card_games
bird_mini_pg,mini_dev_pg,412,card_games
bird_mini_pg,mini_dev_pg,414,card_games
bird_mini_pg,mini_dev_pg,415,card_games
bird_mini_pg,mini_dev_pg,416,card_games
bird_mini_pg,mini_dev_pg,422,card_games
bird_mini_pg,mini_dev_pg,424,card_games
bird_mini_pg,mini_dev_pg,427,card_games
bird_mini_pg,mini_dev_pg,440,card_games
bird_mini_pg,mini_dev_pg,459,card_games
bird_mini_pg,mini_dev_pg,462,card_games
bird_mini_pg,mini_dev_pg,465,card_games
bird_mini_pg,mini_dev_pg,466,card_games
bird_mini_pg,mini_dev_pg,468,card_games
bird_mini_pg,mini_dev_pg,469,card_games
bird_mini_pg,mini_dev_pg,472,card_games
bird_mini_pg,mini_dev_pg,473,card_games
bird_mini_pg,mini_dev_pg,474,card_games
bird_mini_pg,mini_dev_pg,477,card_games
bird_mini_pg,mini_dev_pg,479,card_games
bird_mini_pg,mini_dev_pg,480,card_games
bird_mini_pg,mini_dev_pg,483,card_games
bird_mini_pg,mini_dev_pg,484,card_games
bird_mini_pg,mini_dev_pg,486,card_games
bird_mini_pg,mini_dev_pg,487,card_games
bird_mini_pg,mini_dev_pg,518,card_games
bird_mini_pg,mini_dev_pg,522,card_games
bird_mini_pg,mini_dev_pg,528,card_games
bird_mini_pg,mini_dev_pg,529,card_games
bird_mini_pg,mini_dev_pg,530,card_games
bird_mini_pg,mini_dev_pg,195,toxicology
bird_mini_pg,mini_dev_pg,197,toxicology
bird_mini_pg,mini_dev_pg,198,toxicology
bird_mini_pg,mini_dev_pg,200,toxicology
bird_mini_pg,mini_dev_pg,201,toxicology
bird_mini_pg,mini_dev_pg,206,toxicology
bird_mini_pg,mini_dev_pg,207,toxicology
bird_mini_pg,mini_dev_pg,208,toxicology
bird_mini_pg,mini_dev_pg,212,toxicology
bird_mini_pg,mini_dev_pg,213,toxicology
bird_mini_pg,mini_dev_pg,215,toxicology
bird_mini_pg,mini_dev_pg,218,toxicology
bird_mini_pg,mini_dev_pg,219,toxicology
bird_mini_pg,mini_dev_pg,220,toxicology
bird_mini_pg,mini_dev_pg,226,toxicology
bird_mini_pg,mini_dev_pg,227,toxicology
bird_mini_pg,mini_dev_pg,228,toxicology
bird_mini_pg,mini_dev_pg,230,toxicology
bird_mini_pg,mini_dev_pg,231,toxicology
bird_mini_pg,mini_dev_pg,232,toxicology
bird_mini_pg,mini_dev_pg,234,toxicology
bird_mini_pg,mini_dev_pg,236,toxicology
bird_mini_pg,mini_dev_pg,239,toxicology
bird_mini_pg,mini_dev_pg,240,toxicology
bird_mini_pg,mini_dev_pg,242,toxicology
bird_mini_pg,mini_dev_pg,243,toxicology
bird_mini_pg,mini_dev_pg,244,toxicology
bird_mini_pg,mini_dev_pg,245,toxicology
bird_mini_pg,mini_dev_pg,247,toxicology
bird_mini_pg,mini_dev_pg,248,toxicology
bird_mini_pg,mini_dev_pg,249,toxicology
bird_mini_pg,mini_dev_pg,253,toxicology
bird_mini_pg,mini_dev_pg,255,toxicology
bird_mini_pg,mini_dev_pg,260,toxicology
bird_mini_pg,mini_dev_pg,263,toxicology
bird_mini_pg,mini_dev_pg,268,toxicology
bird_mini_pg,mini_dev_pg,273,toxicology
bird_mini_pg,mini_dev_pg,281,toxicology
bird_mini_pg,mini_dev_pg,282,toxicology
bird_mini_pg,mini_dev_pg,327,toxicology
bird_mini_pg,mini_dev_pg,5,california_schools
bird_mini_pg,mini_dev_pg,11,california_schools
bird_mini_pg,mini_dev_pg,12,california_schools
bird_mini_pg,mini_dev_pg,17,california_schools
bird_mini_pg,mini_dev_pg,23,california_schools
bird_mini_pg,mini_dev_pg,24,california_schools
bird_mini_pg,mini_dev_pg,25,california_schools
bird_mini_pg,mini_dev_pg,26,california_schools
bird_mini_pg,mini_dev_pg,27,california_schools
bird_mini_pg,mini_dev_pg,28,california_schools
bird_mini_pg,mini_dev_pg,31,california_schools
bird_mini_pg,mini_dev_pg,32,california_schools
bird_mini_pg,mini_dev_pg,37,california_schools
bird_mini_pg,mini_dev_pg,36,california_schools
bird_mini_pg,mini_dev_pg,39,california_schools
bird_mini_pg,mini_dev_pg,40,california_schools
bird_mini_pg,mini_dev_pg,41,california_schools
bird_mini_pg,mini_dev_pg,45,california_schools
bird_mini_pg,mini_dev_pg,46,california_schools
bird_mini_pg,mini_dev_pg,47,california_schools
bird_mini_pg,mini_dev_pg,48,california_schools
bird_mini_pg,mini_dev_pg,50,california_schools
bird_mini_pg,mini_dev_pg,62,california_schools
bird_mini_pg,mini_dev_pg,72,california_schools
bird_mini_pg,mini_dev_pg,77,california_schools
bird_mini_pg,mini_dev_pg,79,california_schools
bird_mini_pg,mini_dev_pg,82,california_schools
bird_mini_pg,mini_dev_pg,83,california_schools
bird_mini_pg,mini_dev_pg,85,california_schools
bird_mini_pg,mini_dev_pg,87,california_schools
bird_mini_pg,mini_dev_pg,89,financial
bird_mini_pg,mini_dev_pg,92,financial
bird_mini_pg,mini_dev_pg,93,financial
bird_mini_pg,mini_dev_pg,94,financial
bird_mini_pg,mini_dev_pg,95,financial
bird_mini_pg,mini_dev_pg,98,financial
bird_mini_pg,mini_dev_pg,99,financial
bird_mini_pg,mini_dev_pg,100,financial
bird_mini_pg,mini_dev_pg,112,financial
bird_mini_pg,mini_dev_pg,115,financial
bird_mini_pg,mini_dev_pg,116,financial
bird_mini_pg,mini_dev_pg,117,financial
bird_mini_pg,mini_dev_pg,118,financial
bird_mini_pg,mini_dev_pg,125,financial
bird_mini_pg,mini_dev_pg,128,financial
bird_mini_pg,mini_dev_pg,136,financial
bird_mini_pg,mini_dev_pg,137,financial
bird_mini_pg,mini_dev_pg,138,financial
bird_mini_pg,mini_dev_pg,129,financial
bird_mini_pg,mini_dev_pg,145,financial
bird_mini_pg,mini_dev_pg,149,financial
bird_mini_pg,mini_dev_pg,152,financial
bird_mini_pg,mini_dev_pg,159,financial
bird_mini_pg,mini_dev_pg,168,financial
bird_mini_pg,mini_dev_pg,169,financial
bird_mini_pg,mini_dev_pg,173,financial
bird_mini_pg,mini_dev_pg,186,financial
bird_mini_pg,mini_dev_pg,189,financial
bird_mini_pg,mini_dev_pg,192,financial
bird_mini_pg,mini_dev_pg,194,financial
bird_mini_pg,mini_dev_pg,119,financial
bird_mini_pg,mini_dev_pg,120,financial
swe_verified,test,astropy__astropy-12907,astropy/astropy
swe_verified,test,astropy__astropy-13033,astropy/astropy
swe_verified,test,astropy__astropy-13236,astropy/astropy
swe_verified,test,astropy__astropy-13398,astropy/astropy
swe_verified,test,astropy__astropy-13453,astropy/astropy
swe_verified,test,astropy__astropy-13579,astropy/astropy
swe_verified,test,astropy__astropy-13977,astropy/astropy
swe_verified,test,astropy__astropy-14096,astropy/astropy
swe_verified,test,astropy__astropy-14182,astropy/astropy
swe_verified,test,astropy__astropy-14309,astropy/astropy
swe_verified,test,astropy__astropy-14365,astropy/astropy
swe_verified,test,astropy__astropy-14369,astropy/astropy
swe_verified,test,astropy__astropy-14508,astropy/astropy
swe_verified,test,astropy__astropy-14539,astropy/astropy
swe_verified,test,astropy__astropy-14598,astropy/astropy
swe_verified,test,astropy__astropy-14995,astropy/astropy
swe_verified,test,astropy__astropy-7166,astropy/astropy
swe_verified,test,astropy__astropy-7336,astropy/astropy
swe_verified,test,astropy__astropy-7606,astropy/astropy
swe_verified,test,astropy__astropy-7671,astropy/astropy
swe_verified,test,astropy__astropy-8707,astropy/astropy
swe_verified,test,astropy__astropy-8872,astropy/astropy
swe_verified,test,django__django-10097,django/django
swe_verified,test,django__django-10554,django/django
swe_verified,test,django__django-10880,django/django
swe_verified,test,django__django-10914,django/django
swe_verified,test,django__django-10973,django/django
swe_verified,test,django__django-10999,django/django
swe_verified,test,django__django-11066,django/django
swe_verified,test,django__django-11087,django/django
swe_verified,test,django__django-11095,django/django
swe_verified,test,django__django-11099,django/django
swe_verified,test,django__django-11119,django/django
swe_verified,test,django__django-11133,django/django
swe_verified,test,django__django-11138,django/django
swe_verified,test,django__django-11141,django/django
swe_verified,test,django__django-11149,django/django
swe_verified,test,django__django-11163,django/django
swe_verified,test,django__django-11179,django/django
swe_verified,test,django__django-11206,django/django
swe_verified,test,django__django-11211,django/django
swe_verified,test,django__django-11239,django/django
swe_verified,test,django__django-11265,django/django
swe_verified,test,django__django-11276,django/django
swe_verified,test,django__django-11292,django/django
swe_verified,test,django__django-11299,django/django
swe_verified,test,django__django-11333,django/django
swe_verified,test,django__django-11400,django/django
swe_verified,test,django__django-11433,django/django
swe_verified,test,django__django-11451,django/django
swe_verified,test,django__django-11477,django/django
swe_verified,test,django__django-11490,django/django
swe_verified,test,django__django-11532,django/django
swe_verified,test,django__django-11551,django/django
swe_verified,test,django__django-11555,django/django
swe_verified,test,django__django-11603,django/django
swe_verified,test,django__django-11728,django/django
swe_verified,test,django__django-11734,django/django
swe_verified,test,django__django-11740,django/django
swe_verified,test,django__django-11749,django/django
swe_verified,test,django__django-11790,django/django
swe_verified,test,django__django-11815,django/django
swe_verified,test,django__django-11820,django/django
swe_verified,test,django__django-11848,django/django
swe_verified,test,django__django-11880,django/django
swe_verified,test,django__django-11885,django/django
swe_verified,test,django__django-11951,django/django
swe_verified,test,django__django-11964,django/django
swe_verified,test,django__django-11999,django/django
swe_verified,test,django__django-12039,django/django
swe_verified,test,django__django-12050,django/django
swe_verified,test,django__django-12125,django/django
swe_verified,test,django__django-12143,django/django
swe_verified,test,django__django-12155,django/django
swe_verified,test,django__django-12193,django/django
swe_verified,test,django__django-12209,django/django
swe_verified,test,django__django-12262,django/django
swe_verified,test,django__django-12273,django/django
swe_verified,test,django__django-12276,django/django
swe_verified,test,django__django-12304,django/django
swe_verified,test,django__django-12308,django/django
swe_verified,test,django__django-12325,django/django
swe_verified,test,django__django-12406,django/django
swe_verified,test,django__django-12419,django/django
swe_verified,test,django__django-12663,django/django
swe_verified,test,django__django-12708,django/django
swe_verified,test,django__django-12713,django/django
swe_verified,test,django__django-12741,django/django
swe_verified,test,django__django-12754,django/django
swe_verified,test,django__django-12774,django/django
swe_verified,test,django__django-12858,django/django
swe_verified,test,django__django-12965,django/django
swe_verified,test,django__django-13012,django/django
swe_verified,test,django__django-13023,django/django
swe_verified,test,django__django-13028,django/django
swe_verified,test,django__django-13033,django/django
swe_verified,test,django__django-13089,django/django
swe_verified,test,django__django-13109,django/django
swe_verified,test,django__django-13112,django/django
swe_verified,test,django__django-13121,django/django
swe_verified,test,django__django-13128,django/django
swe_verified,test,django__django-13158,django/django
swe_verified,test,django__django-13195,django/django
swe_verified,test,django__django-13212,django/django
swe_verified,test,django__django-13279,django/django
swe_verified,test,django__django-13297,django/django
swe_verified,test,django__django-13315,django/django
swe_verified,test,django__django-13343,django/django
swe_verified,test,django__django-13344,django/django
swe_verified,test,django__django-13346,django/django
swe_verified,test,django__django-13363,django/django
swe_verified,test,django__django-13401,django/django
swe_verified,test,django__django-13406,django/django
swe_verified,test,django__django-13410,django/django
swe_verified,test,django__django-13417,django/django
swe_verified,test,django__django-13449,django/django
swe_verified,test,django__django-13512,django/django
swe_verified,test,django__django-13513,django/django
swe_verified,test,django__django-13516,django/django
swe_verified,test,django__django-13551,django/django
swe_verified,test,django__django-13568,django/django
swe_verified,test,django__django-13569,django/django
swe_verified,test,django__django-13590,django/django
swe_verified,test,django__django-13658,django/django
swe_verified,test,django__django-13670,django/django
swe_verified,test,django__django-13741,django/django
swe_verified,test,django__django-13786,django/django
swe_verified,test,django__django-13794,django/django
swe_verified,test,django__django-13807,django/django
swe_verified,test,django__django-13809,django/django
swe_verified,test,django__django-13810,django/django
swe_verified,test,django__django-13820,django/django
swe_verified,test,django__django-13821,django/django
swe_verified,test,django__django-13837,django/django
swe_verified,test,django__django-13925,django/django
swe_verified,test,django__django-13933,django/django
swe_verified,test,django__django-13964,django/django
swe_verified,test,django__django-14007,django/django
swe_verified,test,django__django-14011,django/django
swe_verified,test,django__django-14017,django/django
swe_verified,test,django__django-14034,django/django
swe_verified,test,django__django-14053,django/django
swe_verified,test,django__django-14089,django/django
swe_verified,test,django__django-14122,django/django
swe_verified,test,django__django-14140,django/django
swe_verified,test,django__django-14155,django/django
swe_verified,test,django__django-14170,django/django
swe_verified,test,django__django-14238,django/django
swe_verified,test,django__django-14311,django/django
swe_verified,test,django__django-14315,django/django
swe_verified,test,django__django-14349,django/django
swe_verified,test,django__django-14351,django/django
swe_verified,test,django__django-14373,django/django
swe_verified,test,django__django-14376,django/django
swe_verified,test,django__django-14404,django/django
swe_verified,test,django__django-14434,django/django
swe_verified,test,django__django-14493,django/django
swe_verified,test,django__django-14500,django/django
swe_verified,test,django__django-14534,django/django
swe_verified,test,django__django-14539,django/django
swe_verified,test,django__django-14559,django/django
swe_verified,test,django__django-14580,django/django
swe_verified,test,django__django-14608,django/django
swe_verified,test,django__django-14631,django/django
swe_verified,test,django__django-14672,django/django
swe_verified,test,django__django-14725,django/django
swe_verified,test,django__django-14752,django/django
swe_verified,test,django__django-14765,django/django
swe_verified,test,django__django-14771,django/django
swe_verified,test,django__django-14787,django/django
swe_verified,test,django__django-14792,django/django
swe_verified,test,django__django-14855,django/django
swe_verified,test,django__django-14915,django/django
swe_verified,test,django__django-14999,django/django
swe_verified,test,django__django-15022,django/django
swe_verified,test,django__django-15037,django/django
swe_verified,test,django__django-15098,django/django
swe_verified,test,django__django-15103,django/django
swe_verified,test,django__django-15104,django/django
swe_verified,test,django__django-15127,django/django
swe_verified,test,django__django-15128,django/django
swe_verified,test,django__django-15161,django/django
swe_verified,test,django__django-15252,django/django
swe_verified,test,django__django-15268,django/django
swe_verified,test,django__django-15277,django/django
swe_verified,test,django__django-15278,django/django
swe_verified,test,django__django-15280,django/django
swe_verified,test,django__django-15315,django/django
swe_verified,test,django__django-15368,django/django
swe_verified,test,django__django-15375,django/django
swe_verified,test,django__django-15380,django/django
swe_verified,test,django__django-15382,django/django
swe_verified,test,django__django-15467,django/django
swe_verified,test,django__django-15499,django/django
swe_verified,test,django__django-15503,django/django
swe_verified,test,django__django-15525,django/django
swe_verified,test,django__django-15554,django/django
swe_verified,test,django__django-15561,django/django
swe_verified,test,django__django-15563,django/django
swe_verified,test,django__django-15569,django/django
swe_verified,test,django__django-15572,django/django
swe_verified,test,django__django-15629,django/django
swe_verified,test,django__django-15695,django/django
swe_verified,test,django__django-15731,django/django
swe_verified,test,django__django-15732,django/django
swe_verified,test,django__django-15741,django/django
swe_verified,test,django__django-15814,django/django
swe_verified,test,django__django-15851,django/django
swe_verified,test,django__django-15863,django/django
swe_verified,test,django__django-15916,django/django
swe_verified,test,django__django-15930,django/django
swe_verified,test,django__django-15957,django/django
swe_verified,test,django__django-15973,django/django
swe_verified,test,django__django-15987,django/django
swe_verified,test,django__django-16032,django/django
swe_verified,test,django__django-16082,django/django
swe_verified,test,django__django-16100,django/django
swe_verified,test,django__django-16116,django/django
swe_verified,test,django__django-16136,django/django
swe_verified,test,django__django-16139,django/django
swe_verified,test,django__django-16145,django/django
swe_verified,test,django__django-16255,django/django
swe_verified,test,django__django-16256,django/django
swe_verified,test,django__django-16263,django/django
swe_verified,test,django__django-16315,django/django
swe_verified,test,django__django-16333,django/django
swe_verified,test,django__django-16429,django/django
swe_verified,test,django__django-16454,django/django
swe_verified,test,django__django-16485,django/django
swe_verified,test,django__django-16493,django/django
swe_verified,test,django__django-16502,django/django
swe_verified,test,django__django-16527,django/django
swe_verified,test,django__django-16560,django/django
swe_verified,test,django__django-16569,django/django
swe_verified,test,django__django-16595,django/django
swe_verified,test,django__django-16612,django/django
swe_verified,test,django__django-16631,django/django
swe_verified,test,django__django-16642,django/django
swe_verified,test,django__django-16661,django/django
swe_verified,test,django__django-16662,django/django
swe_verified,test,django__django-16667,django/django
swe_verified,test,django__django-16801,django/django
swe_verified,test,django__django-16819,django/django
swe_verified,test,django__django-16877,django/django
swe_verified,test,django__django-16899,django/django
swe_verified,test,django__django-16901,django/django
swe_verified,test,django__django-16938,django/django
swe_verified,test,django__django-16950,django/django
swe_verified,test,django__django-17029,django/django
swe_verified,test,django__django-17084,django/django
swe_verified,test,django__django-17087,django/django
swe_verified,test,django__django-7530,django/django
swe_verified,test,django__django-9296,django/django
swe_verified,test,matplotlib__matplotlib-13989,matplotlib/matplotlib
swe_verified,test,matplotlib__matplotlib-14623,matplotlib/matplotlib
swe_verified,test,matplotlib__matplotlib-20488,matplotlib/matplotlib
swe_verified,test,matplotlib__matplotlib-20676,matplotlib/matplotlib
swe_verified,test,matplotlib__matplotlib-20826,matplotlib/matplotlib
swe_verified,test,matplotlib__matplotlib-20859,matplotlib/matplotlib
swe_verified,test,matplotlib__matplotlib-21568,matplotlib/matplotlib
swe_verified,test,matplotlib__matplotlib-22719,matplotlib/matplotlib
swe_verified,test,matplotlib__matplotlib-22865,matplotlib/matplotlib
swe_verified,test,matplotlib__matplotlib-22871,matplotlib/matplotlib
swe_verified,test,matplotlib__matplotlib-23299,matplotlib/matplotlib
swe_verified,test,matplotlib__matplotlib-23314,matplotlib/matplotlib
swe_verified,test,matplotlib__matplotlib-23412,matplotlib/matplotlib
swe_verified,test,matplotlib__matplotlib-23476,matplotlib/matplotlib
swe_verified,test,matplotlib__matplotlib-24026,matplotlib/matplotlib
swe_verified,test,matplotlib__matplotlib-24149,matplotlib/matplotlib
swe_verified,test,matplotlib__matplotlib-24177,matplotlib/matplotlib
swe_verified,test,matplotlib__matplotlib-24570,matplotlib/matplotlib
swe_verified,test,matplotlib__matplotlib-24627,matplotlib/matplotlib
swe_verified,test,matplotlib__matplotlib-24637,matplotlib/matplotlib
swe_verified,test,matplotlib__matplotlib-24870,matplotlib/matplotlib
swe_verified,test,matplotlib__matplotlib-24970,matplotlib/matplotlib
swe_verified,test,matplotlib__matplotlib-25122,matplotlib/matplotlib
swe_verified,test,matplotlib__matplotlib-25287,matplotlib/matplotlib
swe_verified,test,matplotlib__matplotlib-25311,matplotlib/matplotlib
swe_verified,test,matplotlib__matplotlib-25332,matplotlib/matplotlib
swe_verified,test,matplotlib__matplotlib-25479,matplotlib/matplotlib
swe_verified,test,matplotlib__matplotlib-25775,matplotlib/matplotlib
swe_verified,test,matplotlib__matplotlib-25960,matplotlib/matplotlib
swe_verified,test,matplotlib__matplotlib-26113,matplotlib/matplotlib
swe_verified,test,matplotlib__matplotlib-26208,matplotlib/matplotlib
swe_verified,test,matplotlib__matplotlib-26291,matplotlib/matplotlib
swe_verified,test,matplotlib__matplotlib-26342,matplotlib/matplotlib
swe_verified,test,matplotlib__matplotlib-26466,matplotlib/matplotlib
swe_verified,test,mwaskom__seaborn-3069,mwaskom/seaborn
swe_verified,test,mwaskom__seaborn-3187,mwaskom/seaborn
swe_verified,test,pallets__flask-5014,pallets/flask
swe_verified,test,psf__requests-1142,psf/requests
swe_verified,test,psf__requests-1724,psf/requests
swe_verified,test,psf__requests-1766,psf/requests
swe_verified,test,psf__requests-1921,psf/requests
swe_verified,test,psf__requests-2317,psf/requests
swe_verified,test,psf__requests-2931,psf/requests
swe_verified,test,psf__requests-5414,psf/requests
swe_verified,test,psf__requests-6028,psf/requests
swe_verified,test,pydata__xarray-2905,pydata/xarray
swe_verified,test,pydata__xarray-3095,pydata/xarray
swe_verified,test,pydata__xarray-3151,pydata/xarray
swe_verified,test,pydata__xarray-3305,pydata/xarray
swe_verified,test,pydata__xarray-3677,pydata/xarray
swe_verified,test,pydata__xarray-3993,pydata/xarray
swe_verified,test,pydata__xarray-4075,pydata/xarray
swe_verified,test,pydata__xarray-4094,pydata/xarray
swe_verified,test,pydata__xarray-4356,pydata/xarray
swe_verified,test,pydata__xarray-4629,pydata/xarray
swe_verified,test,pydata__xarray-4687,pydata/xarray
swe_verified,test,pydata__xarray-4695,pydata/xarray
swe_verified,test,pydata__xarray-4966,pydata/xarray
swe_verified,test,pydata__xarray-6461,pydata/xarray
swe_verified,test,pydata__xarray-6599,pydata/xarray
swe_verified,test,pydata__xarray-6721,pydata/xarray
swe_verified,test,pydata__xarray-6744,pydata/xarray
swe_verified,test,pydata__xarray-6938,pydata/xarray
swe_verified,test,pydata__xarray-6992,pydata/xarray
swe_verified,test,pydata__xarray-7229,pydata/xarray
swe_verified,test,pydata__xarray-7233,pydata/xarray
swe_verified,test,pydata__xarray-7393,pydata/xarray
swe_verified,test,pylint-dev__pylint-4551,pylint-dev/pylint
swe_verified,test,pylint-dev__pylint-4604,pylint-dev/pylint
swe_verified,test,pylint-dev__pylint-4661,pylint-dev/pylint
swe_verified,test,pylint-dev__pylint-4970,pylint-dev/pylint
swe_verified,test,pylint-dev__pylint-6386,pylint-dev/pylint
swe_verified,test,pylint-dev__pylint-6528,pylint-dev/pylint
swe_verified,test,pylint-dev__pylint-6903,pylint-dev/pylint
swe_verified,test,pylint-dev__pylint-7080,pylint-dev/pylint
swe_verified,test,pylint-dev__pylint-7277,pylint-dev/pylint
swe_verified,test,pylint-dev__pylint-8898,pylint-dev/pylint
swe_verified,test,pytest-dev__pytest-10051,pytest-dev/pytest
swe_verified,test,pytest-dev__pytest-10081,pytest-dev/pytest
swe_verified,test,pytest-dev__pytest-10356,pytest-dev/pytest
swe_verified,test,pytest-dev__pytest-5262,pytest-dev/pytest
swe_verified,test,pytest-dev__pytest-5631,pytest-dev/pytest
swe_verified,test,pytest-dev__pytest-5787,pytest-dev/pytest
swe_verified,test,pytest-dev__pytest-5809,pytest-dev/pytest
swe_verified,test,pytest-dev__pytest-5840,pytest-dev/pytest
swe_verified,test,pytest-dev__pytest-6197,pytest-dev/pytest
swe_verified,test,pytest-dev__pytest-6202,pytest-dev/pytest
swe_verified,test,pytest-dev__pytest-7205,pytest-dev/pytest
swe_verified,test,pytest-dev__pytest-7236,pytest-dev/pytest
swe_verified,test,pytest-dev__pytest-7324,pytest-dev/pytest
swe_verified,test,pytest-dev__pytest-7432,pytest-dev/pytest
swe_verified,test,pytest-dev__pytest-7490,pytest-dev/pytest
swe_verified,test,pytest-dev__pytest-7521,pytest-dev/pytest
swe_verified,test,pytest-dev__pytest-7571,pytest-dev/pytest
swe_verified,test,pytest-dev__pytest-7982,pytest-dev/pytest
swe_verified,test,pytest-dev__pytest-8399,pytest-dev/pytest
swe_verified,test,scikit-learn__scikit-learn-10297,scikit-learn/scikit-learn
swe_verified,test,scikit-learn__scikit-learn-10844,scikit-learn/scikit-learn
swe_verified,test,scikit-learn__scikit-learn-10908,scikit-learn/scikit-learn
swe_verified,test,scikit-learn__scikit-learn-11310,scikit-learn/scikit-learn
swe_verified,test,scikit-learn__scikit-learn-11578,scikit-learn/scikit-learn
swe_verified,test,scikit-learn__scikit-learn-12585,scikit-learn/scikit-learn
swe_verified,test,scikit-learn__scikit-learn-12682,scikit-learn/scikit-learn
swe_verified,test,scikit-learn__scikit-learn-12973,scikit-learn/scikit-learn
swe_verified,test,scikit-learn__scikit-learn-13124,scikit-learn/scikit-learn
swe_verified,test,scikit-learn__scikit-learn-13135,scikit-learn/scikit-learn
swe_verified,test,scikit-learn__scikit-learn-13142,scikit-learn/scikit-learn
swe_verified,test,scikit-learn__scikit-learn-13328,scikit-learn/scikit-learn
swe_verified,test,scikit-learn__scikit-learn-13439,scikit-learn/scikit-learn
swe_verified,test,scikit-learn__scikit-learn-13496,scikit-learn/scikit-learn
swe_verified,test,scikit-learn__scikit-learn-13779,scikit-learn/scikit-learn
swe_verified,test,scikit-learn__scikit-learn-14053,scikit-learn/scikit-learn
swe_verified,test,scikit-learn__scikit-learn-14087,scikit-learn/scikit-learn
swe_verified,test,scikit-learn__scikit-learn-14141,scikit-learn/scikit-learn
swe_verified,test,scikit-learn__scikit-learn-14496,scikit-learn/scikit-learn
swe_verified,test,scikit-learn__scikit-learn-14629,scikit-learn/scikit-learn
swe_verified,test,scikit-learn__scikit-learn-14710,scikit-learn/scikit-learn
swe_verified,test,scikit-learn__scikit-learn-14894,scikit-learn/scikit-learn
swe_verified,test,scikit-learn__scikit-learn-14983,scikit-learn/scikit-learn
swe_verified,test,scikit-learn__scikit-learn-15100,scikit-learn/scikit-learn
swe_verified,test,scikit-learn__scikit-learn-25102,scikit-learn/scikit-learn
swe_verified,test,scikit-learn__scikit-learn-25232,scikit-learn/scikit-learn
swe_verified,test,scikit-learn__scikit-learn-25747,scikit-learn/scikit-learn
swe_verified,test,scikit-learn__scikit-learn-25931,scikit-learn/scikit-learn
swe_verified,test,scikit-learn__scikit-learn-25973,scikit-learn/scikit-learn
swe_verified,test,scikit-learn__scikit-learn-26194,scikit-learn/scikit-learn
swe_verified,test,scikit-learn__scikit-learn-26323,scikit-learn/scikit-learn
swe_verified,test,scikit-learn__scikit-learn-9288,scikit-learn/scikit-learn
swe_verified,test,sphinx-doc__sphinx-10323,sphinx-doc/sphinx
swe_verified,test,sphinx-doc__sphinx-10435,sphinx-doc/sphinx
swe_verified,test,sphinx-doc__sphinx-10449,sphinx-doc/sphinx
swe_verified,test,sphinx-doc__sphinx-10466,sphinx-doc/sphinx
swe_verified,test,sphinx-doc__sphinx-10614,sphinx-doc/sphinx
swe_verified,test,sphinx-doc__sphinx-10673,sphinx-doc/sphinx
swe_verified,test,sphinx-doc__sphinx-11445,sphinx-doc/sphinx
swe_verified,test,sphinx-doc__sphinx-11510,sphinx-doc/sphinx
swe_verified,test,sphinx-doc__sphinx-7440,sphinx-doc/sphinx
swe_verified,test,sphinx-doc__sphinx-7454,sphinx-doc/sphinx
swe_verified,test,sphinx-doc__sphinx-7462,sphinx-doc/sphinx
swe_verified,test,sphinx-doc__sphinx-7590,sphinx-doc/sphinx
swe_verified,test,sphinx-doc__sphinx-7748,sphinx-doc/sphinx
swe_verified,test,sphinx-doc__sphinx-7757,sphinx-doc/sphinx
swe_verified,test,sphinx-doc__sphinx-7889,sphinx-doc/sphinx
swe_verified,test,sphinx-doc__sphinx-7910,sphinx-doc/sphinx
swe_verified,test,sphinx-doc__sphinx-7985,sphinx-doc/sphinx
swe_verified,test,sphinx-doc__sphinx-8035,sphinx-doc/sphinx
swe_verified,test,sphinx-doc__sphinx-8056,sphinx-doc/sphinx
swe_verified,test,sphinx-doc__sphinx-8120,sphinx-doc/sphinx
swe_verified,test,sphinx-doc__sphinx-8265,sphinx-doc/sphinx
swe_verified,test,sphinx-doc__sphinx-8269,sphinx-doc/sphinx
swe_verified,test,sphinx-doc__sphinx-8459,sphinx-doc/sphinx
swe_verified,test,sphinx-doc__sphinx-8475,sphinx-doc/sphinx
swe_verified,test,sphinx-doc__sphinx-8548,sphinx-doc/sphinx
swe_verified,test,sphinx-doc__sphinx-8551,sphinx-doc/sphinx
swe_verified,test,sphinx-doc__sphinx-8593,sphinx-doc/sphinx
swe_verified,test,sphinx-doc__sphinx-8595,sphinx-doc/sphinx
swe_verified,test,sphinx-doc__sphinx-8621,sphinx-doc/sphinx
swe_verified,test,sphinx-doc__sphinx-8638,sphinx-doc/sphinx
swe_verified,test,sphinx-doc__sphinx-8721,sphinx-doc/sphinx
swe_verified,test,sphinx-doc__sphinx-9229,sphinx-doc/sphinx
swe_verified,test,sphinx-doc__sphinx-9230,sphinx-doc/sphinx
swe_verified,test,sphinx-doc__sphinx-9258,sphinx-doc/sphinx
swe_verified,test,sphinx-doc__sphinx-9281,sphinx-doc/sphinx
swe_verified,test,sphinx-doc__sphinx-9320,sphinx-doc/sphinx
swe_verified,test,sphinx-doc__sphinx-9367,sphinx-doc/sphinx
swe_verified,test,sphinx-doc__sphinx-9461,sphinx-doc/sphinx
swe_verified,test,sphinx-doc__sphinx-9591,sphinx-doc/sphinx
swe_verified,test,sphinx-doc__sphinx-9602,sphinx-doc/sphinx
swe_verified,test,sphinx-doc__sphinx-9658,sphinx-doc/sphinx
swe_verified,test,sphinx-doc__sphinx-9673,sphinx-doc/sphinx
swe_verified,test,sphinx-doc__sphinx-9698,sphinx-doc/sphinx
swe_verified,test,sphinx-doc__sphinx-9711,sphinx-doc/sphinx
swe_verified,test,sympy__sympy-11618,sympy/sympy
swe_verified,test,sympy__sympy-12096,sympy/sympy
swe_verified,test,sympy__sympy-12419,sympy/sympy
swe_verified,test,sympy__sympy-12481,sympy/sympy
swe_verified,test,sympy__sympy-12489,sympy/sympy
swe_verified,test,sympy__sympy-13031,sympy/sympy
swe_verified,test,sympy__sympy-13091,sympy/sympy
swe_verified,test,sympy__sympy-13372,sympy/sympy
swe_verified,test,sympy__sympy-13480,sympy/sympy
swe_verified,test,sympy__sympy-13551,sympy/sympy
swe_verified,test,sympy__sympy-13615,sympy/sympy
swe_verified,test,sympy__sympy-13647,sympy/sympy
swe_verified,test,sympy__sympy-13757,sympy/sympy
swe_verified,test,sympy__sympy-13798,sympy/sympy
swe_verified,test,sympy__sympy-13852,sympy/sympy
swe_verified,test,sympy__sympy-13877,sympy/sympy
swe_verified,test,sympy__sympy-13878,sympy/sympy
swe_verified,test,sympy__sympy-13974,sympy/sympy
swe_verified,test,sympy__sympy-14248,sympy/sympy
swe_verified,test,sympy__sympy-14531,sympy/sympy
swe_verified,test,sympy__sympy-14711,sympy/sympy
swe_verified,test,sympy__sympy-14976,sympy/sympy
swe_verified,test,sympy__sympy-15017,sympy/sympy
swe_verified,test,sympy__sympy-15345,sympy/sympy
swe_verified,test,sympy__sympy-15349,sympy/sympy
swe_verified,test,sympy__sympy-15599,sympy/sympy
swe_verified,test,sympy__sympy-15809,sympy/sympy
swe_verified,test,sympy__sympy-15875,sympy/sympy
swe_verified,test,sympy__sympy-15976,sympy/sympy
swe_verified,test,sympy__sympy-16450,sympy/sympy
swe_verified,test,sympy__sympy-16597,sympy/sympy
swe_verified,test,sympy__sympy-16766,sympy/sympy
swe_verified,test,sympy__sympy-16792,sympy/sympy
swe_verified,test,sympy__sympy-16886,sympy/sympy
swe_verified,test,sympy__sympy-17139,sympy/sympy
swe_verified,test,sympy__sympy-17318,sympy/sympy
swe_verified,test,sympy__sympy-17630,sympy/sympy
swe_verified,test,sympy__sympy-17655,sympy/sympy
swe_verified,test,sympy__sympy-18189,sympy/sympy
swe_verified,test,sympy__sympy-18199,sympy/sympy
swe_verified,test,sympy__sympy-18211,sympy/sympy
swe_verified,test,sympy__sympy-18698,sympy/sympy
swe_verified,test,sympy__sympy-18763,sympy/sympy
swe_verified,test,sympy__sympy-19040,sympy/sympy
swe_verified,test,sympy__sympy-19346,sympy/sympy
swe_verified,test,sympy__sympy-19495,sympy/sympy
swe_verified,test,sympy__sympy-19637,sympy/sympy
swe_verified,test,sympy__sympy-19783,sympy/sympy
swe_verified,test,sympy__sympy-19954,sympy/sympy
swe_verified,test,sympy__sympy-20154,sympy/sympy
swe_verified,test,sympy__sympy-20428,sympy/sympy
swe_verified,test,sympy__sympy-20438,sympy/sympy
swe_verified,test,sympy__sympy-20590,sympy/sympy
swe_verified,test,sympy__sympy-20801,sympy/sympy
swe_verified,test,sympy__sympy-20916,sympy/sympy
swe_verified,test,sympy__sympy-21379,sympy/sympy
swe_verified,test,sympy__sympy-21596,sympy/sympy
swe_verified,test,sympy__sympy-21612,sympy/sympy
swe_verified,test,sympy__sympy-21847,sympy/sympy
swe_verified,test,sympy__sympy-21930,sympy/sympy
swe_verified,test,sympy__sympy-22080,sympy/sympy
swe_verified,test,sympy__sympy-22456,sympy/sympy
swe_verified,test,sympy__sympy-22714,sympy/sympy
swe_verified,test,sympy__sympy-22914,sympy/sympy
swe_verified,test,sympy__sympy-23262,sympy/sympy
swe_verified,test,sympy__sympy-23413,sympy/sympy
swe_verified,test,sympy__sympy-23534,sympy/sympy
swe_verified,test,sympy__sympy-23824,sympy/sympy
swe_verified,test,sympy__sympy-23950,sympy/sympy
swe_verified,test,sympy__sympy-24066,sympy/sympy
swe_verified,test,sympy__sympy-24213,sympy/sympy
swe_verified,test,sympy__sympy-24443,sympy/sympy
swe_verified,test,sympy__sympy-24539,sympy/sympy
swe_verified,test,sympy__sympy-24562,sympy/sympy
swe_verified,test,sympy__sympy-24661,sympy/sympy
bird-interact-full,dev,solar_panel_1,solar_panel
bird-interact-full,dev,solar_panel_2,solar_panel
bird-interact-full,dev,solar_panel_3,solar_panel
bird-interact-full,dev,solar_panel_4,solar_panel
bird-interact-full,dev,solar_panel_5,solar_panel
bird-interact-full,dev,solar_panel_6,solar_panel
bird-interact-full,dev,solar_panel_7,solar_panel
bird-interact-full,dev,solar_panel_8,solar_panel
bird-interact-full,dev,solar_panel_9,solar_panel
bird-interact-full,dev,solar_panel_10,solar_panel
bird-interact-full,dev,solar_panel_11,solar_panel
bird-interact-full,dev,solar_panel_12,solar_panel
bird-interact-full,dev,solar_panel_13,solar_panel
bird-interact-full,dev,solar_panel_14,solar_panel
bird-interact-full,dev,solar_panel_15,solar_panel
bird-interact-full,dev,solar_panel_16,solar_panel
bird-interact-full,dev,solar_panel_17,solar_panel
bird-interact-full,dev,solar_panel_18,solar_panel
bird-interact-full,dev,solar_panel_19,solar_panel
bird-interact-full,dev,solar_panel_20,solar_panel
bird-interact-full,dev,solar_panel_M_1,solar_panel
bird-interact-full,dev,solar_panel_M_2,solar_panel
bird-interact-full,dev,solar_panel_M_3,solar_panel
bird-interact-full,dev,solar_panel_M_4,solar_panel
bird-interact-full,dev,solar_panel_M_5,solar_panel
bird-interact-full,dev,solar_panel_M_6,solar_panel
bird-interact-full,dev,solar_panel_M_7,solar_panel
bird-interact-full,dev,solar_panel_M_8,solar_panel
bird-interact-full,dev,solar_panel_M_9,solar_panel
bird-interact-full,dev,solar_panel_M_10,solar_panel
bird-interact-full,dev,hulushows_1,hulushows
bird-interact-full,dev,hulushows_2,hulushows
bird-interact-full,dev,hulushows_3,hulushows
bird-interact-full,dev,hulushows_4,hulushows
bird-interact-full,dev,hulushows_5,hulushows
bird-interact-full,dev,hulushows_6,hulushows
bird-interact-full,dev,hulushows_7,hulushows
bird-interact-full,dev,hulushows_8,hulushows
bird-interact-full,dev,hulushows_9,hulushows
bird-interact-full,dev,hulushows_10,hulushows
bird-interact-full,dev,hulushows_11,hulushows
bird-interact-full,dev,hulushows_12,hulushows
bird-interact-full,dev,hulushows_13,hulushows
bird-interact-full,dev,hulushows_14,hulushows
bird-interact-full,dev,hulushows_15,hulushows
bird-interact-full,dev,hulushows_16,hulushows
bird-interact-full,dev,hulushows_17,hulushows
bird-interact-full,dev,hulushows_18,hulushows
bird-interact-full,dev,hulushows_19,hulushows
bird-interact-full,dev,hulushows_20,hulushows
bird-interact-full,dev,hulushows_M_1,hulushows
bird-interact-full,dev,hulushows_M_2,hulushows
bird-interact-full,dev,hulushows_M_3,hulushows
bird-interact-full,dev,hulushows_M_4,hulushows
bird-interact-full,dev,hulushows_M_5,hulushows
bird-interact-full,dev,hulushows_M_6,hulushows
bird-interact-full,dev,hulushows_M_7,hulushows
bird-interact-full,dev,hulushows_M_8,hulushows
bird-interact-full,dev,hulushows_M_9,hulushows
bird-interact-full,dev,hulushows_M_10,hulushows
bird-interact-full,dev,cybermarket_pattern_1,cybermarket_pattern
bird-interact-full,dev,cybermarket_pattern_M_1,cybermarket_pattern
bird-interact-full,dev,cybermarket_pattern_M_2,cybermarket_pattern
bird-interact-full,dev,cybermarket_pattern_M_3,cybermarket_pattern
bird-interact-full,dev,cybermarket_pattern_M_4,cybermarket_pattern
bird-interact-full,dev,cybermarket_pattern_2,cybermarket_pattern
bird-interact-full,dev,cybermarket_pattern_3,cybermarket_pattern
bird-interact-full,dev,cybermarket_pattern_4,cybermarket_pattern
bird-interact-full,dev,cybermarket_pattern_5,cybermarket_pattern
bird-interact-full,dev,cybermarket_pattern_M_5,cybermarket_pattern
bird-interact-full,dev,cybermarket_pattern_6,cybermarket_pattern
bird-interact-full,dev,cybermarket_pattern_7,cybermarket_pattern
bird-interact-full,dev,cybermarket_pattern_8,cybermarket_pattern
bird-interact-full,dev,cybermarket_pattern_9,cybermarket_pattern
bird-interact-full,dev,cybermarket_pattern_M_6,cybermarket_pattern
bird-interact-full,dev,cybermarket_pattern_10,cybermarket_pattern
bird-interact-full,dev,cybermarket_pattern_M_7,cybermarket_pattern
bird-interact-full,dev,cybermarket_pattern_M_8,cybermarket_pattern
bird-interact-full,dev,cybermarket_pattern_11,cybermarket_pattern
bird-interact-full,dev,cybermarket_pattern_12,cybermarket_pattern
bird-interact-full,dev,cybermarket_pattern_13,cybermarket_pattern
bird-interact-full,dev,cybermarket_pattern_M_9,cybermarket_pattern
bird-interact-full,dev,cybermarket_pattern_14,cybermarket_pattern
bird-interact-full,dev,cybermarket_pattern_15,cybermarket_pattern
bird-interact-full,dev,cybermarket_pattern_16,cybermarket_pattern
bird-interact-full,dev,cybermarket_pattern_M_10,cybermarket_pattern
bird-interact-full,dev,cybermarket_pattern_17,cybermarket_pattern
bird-interact-full,dev,cybermarket_pattern_18,cybermarket_pattern
bird-interact-full,dev,cybermarket_pattern_19,cybermarket_pattern
bird-interact-full,dev,cybermarket_pattern_20,cybermarket_pattern
bird-interact-full,dev,archeology_scan_1,archeology_scan
bird-interact-full,dev,archeology_scan_2,archeology_scan
bird-interact-full,dev,archeology_scan_3,archeology_scan
bird-interact-full,dev,archeology_scan_4,archeology_scan
bird-interact-full,dev,archeology_scan_5,archeology_scan
bird-interact-full,dev,archeology_scan_6,archeology_scan
bird-interact-full,dev,archeology_scan_7,archeology_scan
bird-interact-full,dev,archeology_scan_8,archeology_scan
bird-interact-full,dev,archeology_scan_9,archeology_scan
bird-interact-full,dev,archeology_scan_10,archeology_scan
bird-interact-full,dev,archeology_scan_M_1,archeology_scan
bird-interact-full,dev,archeology_scan_M_3,archeology_scan
bird-interact-full,dev,archeology_scan_M_4,archeology_scan
bird-interact-full,dev,cross_border_1,cross_border
bird-interact-full,dev,cross_border_2,cross_border
bird-interact-full,dev,cross_border_3,cross_border
bird-interact-full,dev,cross_border_4,cross_border
bird-interact-full,dev,cross_border_5,cross_border
bird-interact-full,dev,cross_border_6,cross_border
bird-interact-full,dev,cross_border_7,cross_border
bird-interact-full,dev,cross_border_8,cross_border
bird-interact-full,dev,cross_border_9,cross_border
bird-interact-full,dev,cross_border_10,cross_border
bird-interact-full,dev,cross_border_M_1,cross_border
bird-interact-full,dev,cross_border_M_2,cross_border
bird-interact-full,dev,cross_border_M_3,cross_border
bird-interact-full,dev,cross_border_M_4,cross_border
bird-interact-full,dev,cross_border_M_5,cross_border
bird-interact-full,dev,cross_border_11,cross_border
bird-interact-full,dev,cross_border_12,cross_border
bird-interact-full,dev,cross_border_13,cross_border
bird-interact-full,dev,cross_border_14,cross_border
bird-interact-full,dev,cross_border_15,cross_border
bird-interact-full,dev,cross_border_16,cross_border
bird-interact-full,dev,cross_border_17,cross_border
bird-interact-full,dev,cross_border_18,cross_border
bird-interact-full,dev,cross_border_19,cross_border
bird-interact-full,dev,cross_border_20,cross_border
bird-interact-full,dev,cross_border_M_6,cross_border
bird-interact-full,dev,cross_border_M_7,cross_border
bird-interact-full,dev,cross_border_M_8,cross_border
bird-interact-full,dev,cross_border_M_10,cross_border
bird-interact-full,dev,crypto_exchange_1,crypto_exchange
bird-interact-full,dev,crypto_exchange_2,crypto_exchange
bird-interact-full,dev,crypto_exchange_3,crypto_exchange
bird-interact-full,dev,crypto_exchange_4,crypto_exchange
bird-interact-full,dev,crypto_exchange_5,crypto_exchange
bird-interact-full,dev,crypto_exchange_6,crypto_exchange
bird-interact-full,dev,crypto_exchange_7,crypto_exchange
bird-interact-full,dev,crypto_exchange_8,crypto_exchange
bird-interact-full,dev,crypto_exchange_9,crypto_exchange
bird-interact-full,dev,crypto_exchange_10,crypto_exchange
bird-interact-full,dev,crypto_exchange_M_1,crypto_exchange
bird-interact-full,dev,crypto_exchange_M_2,crypto_exchange
bird-interact-full,dev,crypto_exchange_M_3,crypto_exchange
bird-interact-full,dev,crypto_exchange_M_4,crypto_exchange
bird-interact-full,dev,crypto_exchange_M_5,crypto_exchange
bird-interact-full,dev,crypto_exchange_11,crypto_exchange
bird-interact-full,dev,crypto_exchange_12,crypto_exchange
bird-interact-full,dev,crypto_exchange_13,crypto_exchange
bird-interact-full,dev,crypto_exchange_14,crypto_exchange
bird-interact-full,dev,crypto_exchange_15,crypto_exchange
bird-interact-full,dev,crypto_exchange_16,crypto_exchange
bird-interact-full,dev,crypto_exchange_17,crypto_exchange
bird-interact-full,dev,crypto_exchange_18,crypto_exchange
bird-interact-full,dev,crypto_exchange_19,crypto_exchange
bird-interact-full,dev,crypto_exchange_20,crypto_exchange
bird-interact-full,dev,crypto_exchange_M_6,crypto_exchange
bird-interact-full,dev,crypto_exchange_M_7,crypto_exchange
bird-interact-full,dev,crypto_exchange_M_8,crypto_exchange
bird-interact-full,dev,crypto_exchange_M_9,crypto_exchange
bird-interact-full,dev,crypto_exchange_M_10,crypto_exchange
bird-interact-full,dev,polar_equipment_1,polar_equipment
bird-interact-full,dev,polar_equipment_2,polar_equipment
bird-interact-full,dev,polar_equipment_3,polar_equipment
bird-interact-full,dev,polar_equipment_4,polar_equipment
bird-interact-full,dev,polar_equipment_5,polar_equipment
bird-interact-full,dev,polar_equipment_6,polar_equipment
bird-interact-full,dev,polar_equipment_7,polar_equipment
bird-interact-full,dev,polar_equipment_8,polar_equipment
bird-interact-full,dev,polar_equipment_9,polar_equipment
bird-interact-full,dev,polar_equipment_10,polar_equipment
bird-interact-full,dev,polar_equipment_11,polar_equipment
bird-interact-full,dev,polar_equipment_12,polar_equipment
bird-interact-full,dev,polar_equipment_13,polar_equipment
bird-interact-full,dev,polar_equipment_14,polar_equipment
bird-interact-full,dev,polar_equipment_15,polar_equipment
bird-interact-full,dev,polar_equipment_16,polar_equipment
bird-interact-full,dev,polar_equipment_17,polar_equipment
bird-interact-full,dev,polar_equipment_18,polar_equipment
bird-interact-full,dev,polar_equipment_19,polar_equipment
bird-interact-full,dev,polar_equipment_20,polar_equipment
bird-interact-full,dev,polar_equipment_M_1,polar_equipment
bird-interact-full,dev,polar_equipment_M_2,polar_equipment
bird-interact-full,dev,polar_equipment_M_3,polar_equipment
bird-interact-full,dev,polar_equipment_M_4,polar_equipment
bird-interact-full,dev,polar_equipment_M_5,polar_equipment
bird-interact-full,dev,polar_equipment_M_6,polar_equipment
bird-interact-full,dev,polar_equipment_M_7,polar_equipment
bird-interact-full,dev,polar_equipment_M_8,polar_equipment
bird-interact-full,dev,polar_equipment_M_9,polar_equipment
bird-interact-full,dev,polar_equipment_M_10,polar_equipment
bird-interact-full,dev,sports_events_1,sports_events
bird-interact-full,dev,sports_events_2,sports_events
bird-interact-full,dev,sports_events_3,sports_events
bird-interact-full,dev,sports_events_4,sports_events
bird-interact-full,dev,sports_events_5,sports_events
bird-interact-full,dev,sports_events_6,sports_events
bird-interact-full,dev,sports_events_7,sports_events
bird-interact-full,dev,sports_events_8,sports_events
bird-interact-full,dev,sports_events_9,sports_events
bird-interact-full,dev,sports_events_10,sports_events
bird-interact-full,dev,sports_events_11,sports_events
bird-interact-full,dev,sports_events_12,sports_events
bird-interact-full,dev,sports_events_13,sports_events
bird-interact-full,dev,sports_events_14,sports_events
bird-interact-full,dev,sports_events_15,sports_events
bird-interact-full,dev,sports_events_16,sports_events
bird-interact-full,dev,sports_events_17,sports_events
bird-interact-full,dev,sports_events_18,sports_events
bird-interact-full,dev,sports_events_19,sports_events
bird-interact-full,dev,sports_events_20,sports_events
bird-interact-full,dev,sports_events_M_1,sports_events
bird-interact-full,dev,sports_events_M_2,sports_events
bird-interact-full,dev,sports_events_M_3,sports_events
bird-interact-full,dev,sports_events_M_4,sports_events
bird-interact-full,dev,sports_events_M_5,sports_events
bird-interact-full,dev,sports_events_M_6,sports_events
bird-interact-full,dev,sports_events_M_8,sports_events
bird-interact-full,dev,sports_events_29,sports_events
bird-interact-full,dev,sports_events_30,sports_events
bird-interact-full,dev,labor_certification_applications_1,labor_certification_applications
bird-interact-full,dev,labor_certification_applications_2,labor_certification_applications
bird-interact-full,dev,labor_certification_applications_3,labor_certification_applications
bird-interact-full,dev,labor_certification_applications_4,labor_certification_applications
bird-interact-full,dev,labor_certification_applications_5,labor_certification_applications
bird-interact-full,dev,labor_certification_applications_6,labor_certification_applications
bird-interact-full,dev,labor_certification_applications_7,labor_certification_applications
bird-interact-full,dev,labor_certification_applications_8,labor_certification_applications
bird-interact-full,dev,labor_certification_applications_10,labor_certification_applications
bird-interact-full,dev,labor_certification_applications_11,labor_certification_applications
bird-interact-full,dev,labor_certification_applications_12,labor_certification_applications
bird-interact-full,dev,labor_certification_applications_13,labor_certification_applications
bird-interact-full,dev,labor_certification_applications_14,labor_certification_applications
bird-interact-full,dev,labor_certification_applications_15,labor_certification_applications
bird-interact-full,dev,labor_certification_applications_16,labor_certification_applications
bird-interact-full,dev,labor_certification_applications_17,labor_certification_applications
bird-interact-full,dev,labor_certification_applications_18,labor_certification_applications
bird-interact-full,dev,labor_certification_applications_19,labor_certification_applications
bird-interact-full,dev,labor_certification_applications_20,labor_certification_applications
bird-interact-full,dev,labor_certification_applications_M_1,labor_certification_applications
bird-interact-full,dev,labor_certification_applications_M_2,labor_certification_applications
bird-interact-full,dev,labor_certification_applications_M_3,labor_certification_applications
bird-interact-full,dev,labor_certification_applications_M_4,labor_certification_applications
bird-interact-full,dev,labor_certification_applications_M_5,labor_certification_applications
bird-interact-full,dev,labor_certification_applications_M_6,labor_certification_applications
bird-interact-full,dev,labor_certification_applications_M_7,labor_certification_applications
bird-interact-full,dev,labor_certification_applications_M_8,labor_certification_applications
bird-interact-full,dev,labor_certification_applications_M_9,labor_certification_applications
bird-interact-full,dev,labor_certification_applications_M_10,labor_certification_applications
bird-interact-full,dev,insider_trading_1,insider_trading
bird-interact-full,dev,insider_trading_2,insider_trading
bird-interact-full,dev,insider_trading_3,insider_trading
bird-interact-full,dev,insider_trading_4,insider_trading
bird-interact-full,dev,insider_trading_5,insider_trading
bird-interact-full,dev,insider_trading_6,insider_trading
bird-interact-full,dev,insider_trading_7,insider_trading
bird-interact-full,dev,insider_trading_8,insider_trading
bird-interact-full,dev,insider_trading_9,insider_trading
bird-interact-full,dev,insider_trading_10,insider_trading
bird-interact-full,dev,insider_trading_11,insider_trading
bird-interact-full,dev,insider_trading_12,insider_trading
bird-interact-full,dev,insider_trading_13,insider_trading
bird-interact-full,dev,insider_trading_14,insider_trading
bird-interact-full,dev,insider_trading_15,insider_trading
bird-interact-full,dev,insider_trading_16,insider_trading
bird-interact-full,dev,insider_trading_17,insider_trading
bird-interact-full,dev,insider_trading_18,insider_trading
bird-interact-full,dev,insider_trading_19,insider_trading
bird-interact-full,dev,insider_trading_20,insider_trading
bird-interact-full,dev,insider_trading_M_1,insider_trading
bird-interact-full,dev,insider_trading_M_2,insider_trading
bird-interact-full,dev,insider_trading_M_3,insider_trading
bird-interact-full,dev,insider_trading_M_4,insider_trading
bird-interact-full,dev,insider_trading_M_5,insider_trading
bird-interact-full,dev,insider_trading_M_6,insider_trading
bird-interact-full,dev,insider_trading_M_7,insider_trading
bird-interact-full,dev,insider_trading_M_8,insider_trading
bird-interact-full,dev,insider_trading_M_9,insider_trading
bird-interact-full,dev,insider_trading_M_10,insider_trading
bird-interact-full,dev,virtual_idol_1,virtual_idol
bird-interact-full,dev,virtual_idol_2,virtual_idol
bird-interact-full,dev,virtual_idol_3,virtual_idol
bird-interact-full,dev,virtual_idol_4,virtual_idol
bird-interact-full,dev,virtual_idol_5,virtual_idol
bird-interact-full,dev,virtual_idol_6,virtual_idol
bird-interact-full,dev,virtual_idol_7,virtual_idol
bird-interact-full,dev,virtual_idol_9,virtual_idol
bird-interact-full,dev,virtual_idol_10,virtual_idol
bird-interact-full,dev,virtual_idol_11,virtual_idol
bird-interact-full,dev,virtual_idol_12,virtual_idol
bird-interact-full,dev,virtual_idol_13,virtual_idol
bird-interact-full,dev,virtual_idol_14,virtual_idol
bird-interact-full,dev,virtual_idol_15,virtual_idol
bird-interact-full,dev,virtual_idol_16,virtual_idol
bird-interact-full,dev,virtual_idol_17,virtual_idol
bird-interact-full,dev,virtual_idol_18,virtual_idol
bird-interact-full,dev,virtual_idol_19,virtual_idol
bird-interact-full,dev,virtual_idol_20,virtual_idol
bird-interact-full,dev,virtual_idol_M_1,virtual_idol
bird-interact-full,dev,virtual_idol_M_2,virtual_idol
bird-interact-full,dev,virtual_idol_M_3,virtual_idol
bird-interact-full,dev,virtual_idol_M_5,virtual_idol
bird-interact-full,dev,virtual_idol_M_6,virtual_idol
bird-interact-full,dev,virtual_idol_M_7,virtual_idol
bird-interact-full,dev,virtual_idol_M_8,virtual_idol
bird-interact-full,dev,virtual_idol_M_9,virtual_idol
bird-interact-full,dev,virtual_idol_M_10,virtual_idol
bird-interact-full,dev,organ_transplant_1,organ_transplant
bird-interact-full,dev,organ_transplant_2,organ_transplant
bird-interact-full,dev,organ_transplant_3,organ_transplant
bird-interact-full,dev,organ_transplant_4,organ_transplant
bird-interact-full,dev,organ_transplant_6,organ_transplant
bird-interact-full,dev,organ_transplant_7,organ_transplant
bird-interact-full,dev,organ_transplant_8,organ_transplant
bird-interact-full,dev,organ_transplant_9,organ_transplant
bird-interact-full,dev,organ_transplant_10,organ_transplant
bird-interact-full,dev,organ_transplant_11,organ_transplant
bird-interact-full,dev,organ_transplant_13,organ_transplant
bird-interact-full,dev,organ_transplant_14,organ_transplant
bird-interact-full,dev,organ_transplant_16,organ_transplant
bird-interact-full,dev,organ_transplant_17,organ_transplant
bird-interact-full,dev,organ_transplant_18,organ_transplant
bird-interact-full,dev,organ_transplant_19,organ_transplant
bird-interact-full,dev,organ_transplant_20,organ_transplant
bird-interact-full,dev,organ_transplant_21,organ_transplant
bird-interact-full,dev,organ_transplant_22,organ_transplant
bird-interact-full,dev,organ_transplant_M_1,organ_transplant
bird-interact-full,dev,organ_transplant_M_2,organ_transplant
bird-interact-full,dev,organ_transplant_M_3,organ_transplant
bird-interact-full,dev,organ_transplant_M_4,organ_transplant
bird-interact-full,dev,organ_transplant_M_5,organ_transplant
bird-interact-full,dev,organ_transplant_M_6,organ_transplant
bird-interact-full,dev,organ_transplant_M_7,organ_transplant
bird-interact-full,dev,organ_transplant_M_8,organ_transplant
bird-interact-full,dev,organ_transplant_M_9,organ_transplant
bird-interact-full,dev,organ_transplant_M_10,organ_transplant
bird-interact-full,dev,organ_transplant_M_11,organ_transplant
bird-interact-full,dev,organ_transplant_M_12,organ_transplant
bird-interact-full,dev,organ_transplant_M_13,organ_transplant
bird-interact-full,dev,mental_health_1,mental_health
bird-interact-full,dev,mental_health_2,mental_health
bird-interact-full,dev,mental_health_3,mental_health
bird-interact-full,dev,mental_health_4,mental_health
bird-interact-full,dev,mental_health_5,mental_health
bird-interact-full,dev,mental_health_6,mental_health
bird-interact-full,dev,mental_health_7,mental_health
bird-interact-full,dev,mental_health_8,mental_health
bird-interact-full,dev,mental_health_9,mental_health
bird-interact-full,dev,mental_health_10,mental_health
bird-interact-full,dev,mental_health_11,mental_health
bird-interact-full,dev,mental_health_12,mental_health
bird-interact-full,dev,mental_health_13,mental_health
bird-interact-full,dev,mental_health_14,mental_health
bird-interact-full,dev,mental_health_15,mental_health
bird-interact-full,dev,mental_health_16,mental_health
bird-interact-full,dev,mental_health_17,mental_health
bird-interact-full,dev,mental_health_18,mental_health
bird-interact-full,dev,mental_health_19,mental_health
bird-interact-full,dev,mental_health_20,mental_health
bird-interact-full,dev,mental_health_M_3,mental_health
bird-interact-full,dev,mental_health_M_4,mental_health
bird-interact-full,dev,mental_health_M_6,mental_health
bird-interact-full,dev,mental_health_M_8,mental_health
bird-interact-full,dev,mental_health_M_9,mental_health
bird-interact-full,dev,mental_health_M_10,mental_health
bird-interact-full,dev,reverse_logistics_1,reverse_logistics
bird-interact-full,dev,reverse_logistics_2,reverse_logistics
bird-interact-full,dev,reverse_logistics_3,reverse_logistics
bird-interact-full,dev,reverse_logistics_M_1,reverse_logistics
bird-interact-full,dev,reverse_logistics_4,reverse_logistics
bird-interact-full,dev,reverse_logistics_5,reverse_logistics
bird-interact-full,dev,reverse_logistics_6,reverse_logistics
bird-interact-full,dev,reverse_logistics_7,reverse_logistics
bird-interact-full,dev,reverse_logistics_8,reverse_logistics
bird-interact-full,dev,reverse_logistics_9,reverse_logistics
bird-interact-full,dev,reverse_logistics_M_2,reverse_logistics
bird-interact-full,dev,reverse_logistics_M_3,reverse_logistics
bird-interact-full,dev,reverse_logistics_10,reverse_logistics
bird-interact-full,dev,reverse_logistics_11,reverse_logistics
bird-interact-full,dev,reverse_logistics_12,reverse_logistics
bird-interact-full,dev,reverse_logistics_13,reverse_logistics
bird-interact-full,dev,reverse_logistics_M_4,reverse_logistics
bird-interact-full,dev,reverse_logistics_14,reverse_logistics
bird-interact-full,dev,reverse_logistics_15,reverse_logistics
bird-interact-full,dev,reverse_logistics_16,reverse_logistics
bird-interact-full,dev,reverse_logistics_M_5,reverse_logistics
bird-interact-full,dev,reverse_logistics_17,reverse_logistics
bird-interact-full,dev,reverse_logistics_18,reverse_logistics
bird-interact-full,dev,reverse_logistics_M_7,reverse_logistics
bird-interact-full,dev,reverse_logistics_19,reverse_logistics
bird-interact-full,dev,reverse_logistics_M_8,reverse_logistics
bird-interact-full,dev,reverse_logistics_20,reverse_logistics
bird-interact-full,dev,reverse_logistics_M_10,reverse_logistics
bird-interact-full,dev,robot_fault_prediction_1,robot_fault_prediction
bird-interact-full,dev,robot_fault_prediction_3,robot_fault_prediction
bird-interact-full,dev,robot_fault_prediction_4,robot_fault_prediction
bird-interact-full,dev,robot_fault_prediction_5,robot_fault_prediction
bird-interact-full,dev,robot_fault_prediction_6,robot_fault_prediction
bird-interact-full,dev,robot_fault_prediction_7,robot_fault_prediction
bird-interact-full,dev,robot_fault_prediction_8,robot_fault_prediction
bird-interact-full,dev,robot_fault_prediction_10,robot_fault_prediction
bird-interact-full,dev,robot_fault_prediction_11,robot_fault_prediction
bird-interact-full,dev,robot_fault_prediction_12,robot_fault_prediction
bird-interact-full,dev,robot_fault_prediction_M_1,robot_fault_prediction
bird-interact-full,dev,robot_fault_prediction_M_2,robot_fault_prediction
bird-interact-full,dev,robot_fault_prediction_M_3,robot_fault_prediction
bird-interact-full,dev,robot_fault_prediction_M_4,robot_fault_prediction
bird-interact-full,dev,robot_fault_prediction_M_5,robot_fault_prediction
bird-interact-full,dev,robot_fault_prediction_M_7,robot_fault_prediction
bird-interact-full,dev,robot_fault_prediction_M_8,robot_fault_prediction
bird-interact-full,dev,exchange_traded_funds_1,exchange_traded_funds
bird-interact-full,dev,exchange_traded_funds_2,exchange_traded_funds
bird-interact-full,dev,exchange_traded_funds_3,exchange_traded_funds
bird-interact-full,dev,exchange_traded_funds_4,exchange_traded_funds
bird-interact-full,dev,exchange_traded_funds_5,exchange_traded_funds
bird-interact-full,dev,exchange_traded_funds_6,exchange_traded_funds
bird-interact-full,dev,exchange_traded_funds_7,exchange_traded_funds
bird-interact-full,dev,exchange_traded_funds_8,exchange_traded_funds
bird-interact-full,dev,exchange_traded_funds_9,exchange_traded_funds
bird-interact-full,dev,exchange_traded_funds_10,exchange_traded_funds
bird-interact-full,dev,exchange_traded_funds_11,exchange_traded_funds
bird-interact-full,dev,exchange_traded_funds_12,exchange_traded_funds
bird-interact-full,dev,exchange_traded_funds_13,exchange_traded_funds
bird-interact-full,dev,exchange_traded_funds_14,exchange_traded_funds
bird-interact-full,dev,exchange_traded_funds_16,exchange_traded_funds
bird-interact-full,dev,exchange_traded_funds_17,exchange_traded_funds
bird-interact-full,dev,exchange_traded_funds_18,exchange_traded_funds
bird-interact-full,dev,exchange_traded_funds_19,exchange_traded_funds
bird-interact-full,dev,exchange_traded_funds_20,exchange_traded_funds
bird-interact-full,dev,exchange_traded_funds_M_1,exchange_traded_funds
bird-interact-full,dev,exchange_traded_funds_M_2,exchange_traded_funds
bird-interact-full,dev,exchange_traded_funds_M_3,exchange_traded_funds
bird-interact-full,dev,exchange_traded_funds_M_4,exchange_traded_funds
bird-interact-full,dev,exchange_traded_funds_M_6,exchange_traded_funds
bird-interact-full,dev,exchange_traded_funds_M_7,exchange_traded_funds
bird-interact-full,dev,exchange_traded_funds_M_8,exchange_traded_funds
bird-interact-full,dev,exchange_traded_funds_M_9,exchange_traded_funds
bird-interact-full,dev,exchange_traded_funds_M_10,exchange_traded_funds
bird-interact-full,dev,disaster_relief_1,disaster_relief
bird-interact-full,dev,disaster_relief_2,disaster_relief
bird-interact-full,dev,disaster_relief_3,disaster_relief
bird-interact-full,dev,disaster_relief_4,disaster_relief
bird-interact-full,dev,disaster_relief_5,disaster_relief
bird-interact-full,dev,disaster_relief_6,disaster_relief
bird-interact-full,dev,disaster_relief_7,disaster_relief
bird-interact-full,dev,disaster_relief_8,disaster_relief
bird-interact-full,dev,disaster_relief_9,disaster_relief
bird-interact-full,dev,disaster_relief_10,disaster_relief
bird-interact-full,dev,disaster_relief_11,disaster_relief
bird-interact-full,dev,disaster_relief_12,disaster_relief
bird-interact-full,dev,disaster_relief_M_1,disaster_relief
bird-interact-full,dev,disaster_relief_M_2,disaster_relief
bird-interact-full,dev,disaster_relief_M_3,disaster_relief
bird-interact-full,dev,households_1,households
bird-interact-full,dev,households_2,households
bird-interact-full,dev,households_3,households
bird-interact-full,dev,households_4,households
bird-interact-full,dev,households_5,households
bird-interact-full,dev,households_6,households
bird-interact-full,dev,households_7,households
bird-interact-full,dev,households_8,households
bird-interact-full,dev,households_9,households
bird-interact-full,dev,households_10,households
bird-interact-full,dev,households_11,households
bird-interact-full,dev,households_12,households
bird-interact-full,dev,households_13,households
bird-interact-full,dev,households_14,households
bird-interact-full,dev,households_15,households
bird-interact-full,dev,households_16,households
bird-interact-full,dev,households_17,households
bird-interact-full,dev,households_18,households
bird-interact-full,dev,households_19,households
bird-interact-full,dev,households_20,households
bird-interact-full,dev,households_M_1,households
bird-interact-full,dev,households_M_2,households
bird-interact-full,dev,households_M_4,households
bird-interact-full,dev,households_M_5,households
bird-interact-full,dev,households_M_6,households
bird-interact-full,dev,households_M_7,households
bird-interact-full,dev,households_M_8,households
bird-interact-full,dev,households_M_9,households
bird-interact-full,dev,households_M_10,households
bird-interact-full,dev,planets_data_1,planets_data
bird-interact-full,dev,planets_data_2,planets_data
bird-interact-full,dev,planets_data_4,planets_data
bird-interact-full,dev,planets_data_5,planets_data
bird-interact-full,dev,planets_data_6,planets_data
bird-interact-full,dev,planets_data_7,planets_data
bird-interact-full,dev,planets_data_8,planets_data
bird-interact-full,dev,planets_data_9,planets_data
bird-interact-full,dev,planets_data_10,planets_data
bird-interact-full,dev,planets_data_11,planets_data
bird-interact-full,dev,planets_data_12,planets_data
bird-interact-full,dev,planets_data_13,planets_data
bird-interact-full,dev,planets_data_14,planets_data
bird-interact-full,dev,planets_data_15,planets_data
bird-interact-full,dev,planets_data_16,planets_data
bird-interact-full,dev,planets_data_17,planets_data
bird-interact-full,dev,planets_data_18,planets_data
bird-interact-full,dev,planets_data_19,planets_data
bird-interact-full,dev,planets_data_20,planets_data
bird-interact-full,dev,planets_data_M_1,planets_data
bird-interact-full,dev,planets_data_M_2,planets_data
bird-interact-full,dev,planets_data_M_3,planets_data
bird-interact-full,dev,planets_data_M_4,planets_data
bird-interact-full,dev,planets_data_M_5,planets_data
bird-interact-full,dev,planets_data_M_6,planets_data
bird-interact-full,dev,planets_data_M_7,planets_data
bird-interact-full,dev,planets_data_M_8,planets_data
bird-interact-full,dev,planets_data_M_9,planets_data
bird-interact-full,dev,planets_data_M_10,planets_data
bird-interact-full,dev,museum_artifact_1,museum_artifact
bird-interact-full,dev,museum_artifact_2,museum_artifact
bird-interact-full,dev,museum_artifact_3,museum_artifact
bird-interact-full,dev,museum_artifact_4,museum_artifact
bird-interact-full,dev,museum_artifact_5,museum_artifact
bird-interact-full,dev,museum_artifact_6,museum_artifact
bird-interact-full,dev,museum_artifact_7,museum_artifact
bird-interact-full,dev,museum_artifact_8,museum_artifact
bird-interact-full,dev,museum_artifact_9,museum_artifact
bird-interact-full,dev,museum_artifact_10,museum_artifact
bird-interact-full,dev,museum_artifact_11,museum_artifact
bird-interact-full,dev,museum_artifact_12,museum_artifact
bird-interact-full,dev,museum_artifact_13,museum_artifact
bird-interact-full,dev,museum_artifact_14,museum_artifact
bird-interact-full,dev,museum_artifact_15,museum_artifact
bird-interact-full,dev,museum_artifact_16,museum_artifact
bird-interact-full,dev,museum_artifact_17,museum_artifact
bird-interact-full,dev,museum_artifact_18,museum_artifact
bird-interact-full,dev,museum_artifact_19,museum_artifact
bird-interact-full,dev,museum_artifact_20,museum_artifact
bird-interact-full,dev,museum_artifact_M_1,museum_artifact
bird-interact-full,dev,museum_artifact_M_2,museum_artifact
bird-interact-full,dev,museum_artifact_M_3,museum_artifact
bird-interact-full,dev,museum_artifact_M_4,museum_artifact
bird-interact-full,dev,museum_artifact_M_5,museum_artifact
bird-interact-full,dev,museum_artifact_M_6,museum_artifact
bird-interact-full,dev,museum_artifact_M_7,museum_artifact
bird-interact-full,dev,museum_artifact_M_8,museum_artifact
bird-interact-full,dev,museum_artifact_M_9,museum_artifact
bird-interact-full,dev,museum_artifact_M_10,museum_artifact
bird-interact-full,dev,fake_account_1,fake_account
bird-interact-full,dev,fake_account_2,fake_account
bird-interact-full,dev,fake_account_3,fake_account
bird-interact-full,dev,fake_account_4,fake_account
bird-interact-full,dev,fake_account_5,fake_account
bird-interact-full,dev,fake_account_6,fake_account
bird-interact-full,dev,fake_account_7,fake_account
bird-interact-full,dev,fake_account_8,fake_account
bird-interact-full,dev,fake_account_9,fake_account
bird-interact-full,dev,fake_account_10,fake_account
bird-interact-full,dev,fake_account_M_1,fake_account
bird-interact-full,dev,fake_account_11,fake_account
bird-interact-full,dev,fake_account_12,fake_account
bird-interact-full,dev,fake_account_M_2,fake_account
bird-interact-full,dev,fake_account_13,fake_account
bird-interact-full,dev,fake_account_14,fake_account
bird-interact-full,dev,fake_account_15,fake_account
bird-interact-full,dev,fake_account_16,fake_account
bird-interact-full,dev,fake_account_17,fake_account
bird-interact-full,dev,fake_account_18,fake_account
bird-interact-full,dev,fake_account_19,fake_account
bird-interact-full,dev,fake_account_20,fake_account
bird-interact-full,dev,fake_account_21,fake_account
bird-interact-full,dev,fake_account_22,fake_account
bird-interact-full,dev,fake_account_23,fake_account
bird-interact-full,dev,fake_account_M_3,fake_account
bird-interact-full,dev,fake_account_24,fake_account
bird-interact-full,dev,fake_account_M_4,fake_account
bird-interact-full,dev,fake_account_M_5,fake_account
bird-interact-full,dev,fake_account_M_6,fake_account
bird-interact-full,dev,cold_chain_pharma_compliance_1,cold_chain_pharma_compliance
bird-interact-full,dev,cold_chain_pharma_compliance_2,cold_chain_pharma_compliance
bird-interact-full,dev,cold_chain_pharma_compliance_3,cold_chain_pharma_compliance
bird-interact-full,dev,cold_chain_pharma_compliance_4,cold_chain_pharma_compliance
bird-interact-full,dev,cold_chain_pharma_compliance_5,cold_chain_pharma_compliance
bird-interact-full,dev,cold_chain_pharma_compliance_6,cold_chain_pharma_compliance
bird-interact-full,dev,cold_chain_pharma_compliance_7,cold_chain_pharma_compliance
bird-interact-full,dev,cold_chain_pharma_compliance_8,cold_chain_pharma_compliance
bird-interact-full,dev,cold_chain_pharma_compliance_9,cold_chain_pharma_compliance
bird-interact-full,dev,cold_chain_pharma_compliance_10,cold_chain_pharma_compliance
bird-interact-full,dev,cold_chain_pharma_compliance_11,cold_chain_pharma_compliance
bird-interact-full,dev,cold_chain_pharma_compliance_14,cold_chain_pharma_compliance
bird-interact-full,dev,cold_chain_pharma_compliance_15,cold_chain_pharma_compliance
bird-interact-full,dev,cold_chain_pharma_compliance_16,cold_chain_pharma_compliance
bird-interact-full,dev,cold_chain_pharma_compliance_17,cold_chain_pharma_compliance
bird-interact-full,dev,cold_chain_pharma_compliance_18,cold_chain_pharma_compliance
bird-interact-full,dev,cold_chain_pharma_compliance_19,cold_chain_pharma_compliance
bird-interact-full,dev,cold_chain_pharma_compliance_20,cold_chain_pharma_compliance
bird-interact-full,dev,cold_chain_pharma_compliance_M_1,cold_chain_pharma_compliance
bird-interact-full,dev,cold_chain_pharma_compliance_M_2,cold_chain_pharma_compliance
bird-interact-full,dev,cold_chain_pharma_compliance_M_3,cold_chain_pharma_compliance
bird-interact-full,dev,cold_chain_pharma_compliance_M_4,cold_chain_pharma_compliance
bird-interact-full,dev,cold_chain_pharma_compliance_M_5,cold_chain_pharma_compliance
bird-interact-full,dev,cold_chain_pharma_compliance_M_6,cold_chain_pharma_compliance
bird-interact-full,dev,cold_chain_pharma_compliance_M_7,cold_chain_pharma_compliance
bird-interact-full,dev,cold_chain_pharma_compliance_M_8,cold_chain_pharma_compliance
bird-interact-full,dev,cold_chain_pharma_compliance_M_9,cold_chain_pharma_compliance
bird-interact-full,dev,cold_chain_pharma_compliance_M_10,cold_chain_pharma_compliance
bird-interact-lite,dev,alien_1,alien
bird-interact-lite,dev,alien_2,alien
bird-interact-lite,dev,alien_3,alien
bird-interact-lite,dev,alien_4,alien
bird-interact-lite,dev,alien_5,alien
bird-interact-lite,dev,alien_6,alien
bird-interact-lite,dev,alien_7,alien
bird-interact-lite,dev,alien_8,alien
bird-interact-lite,dev,alien_9,alien
bird-interact-lite,dev,alien_10,alien
bird-interact-lite,dev,alien_M_1,alien
bird-interact-lite,dev,alien_M_2,alien
bird-interact-lite,dev,alien_M_3,alien
bird-interact-lite,dev,alien_M_4,alien
bird-interact-lite,dev,alien_M_5,alien
bird-interact-lite,dev,archeology_1,archeology
bird-interact-lite,dev,archeology_2,archeology
bird-interact-lite,dev,archeology_3,archeology
bird-interact-lite,dev,archeology_4,archeology
bird-interact-lite,dev,archeology_5,archeology
bird-interact-lite,dev,archeology_6,archeology
bird-interact-lite,dev,archeology_7,archeology
bird-interact-lite,dev,archeology_8,archeology
bird-interact-lite,dev,archeology_9,archeology
bird-interact-lite,dev,archeology_10,archeology
bird-interact-lite,dev,archeology_M_1,archeology
bird-interact-lite,dev,archeology_M_2,archeology
bird-interact-lite,dev,archeology_M_3,archeology
bird-interact-lite,dev,archeology_M_4,archeology
bird-interact-lite,dev,archeology_M_5,archeology
bird-interact-lite,dev,cross_db_1,cross_db
bird-interact-lite,dev,cross_db_2,cross_db
bird-interact-lite,dev,cross_db_3,cross_db
bird-interact-lite,dev,cross_db_4,cross_db
bird-interact-lite,dev,cross_db_5,cross_db
bird-interact-lite,dev,cross_db_6,cross_db
bird-interact-lite,dev,cross_db_7,cross_db
bird-interact-lite,dev,cross_db_8,cross_db
bird-interact-lite,dev,cross_db_9,cross_db
bird-interact-lite,dev,cross_db_10,cross_db
bird-interact-lite,dev,cross_db_M_1,cross_db
bird-interact-lite,dev,cross_db_M_2,cross_db
bird-interact-lite,dev,cross_db_M_3,cross_db
bird-interact-lite,dev,cross_db_M_4,cross_db
bird-interact-lite,dev,cross_db_M_5,cross_db
bird-interact-lite,dev,polar_1,polar
bird-interact-lite,dev,polar_2,polar
bird-interact-lite,dev,polar_3,polar
bird-interact-lite,dev,polar_4,polar
bird-interact-lite,dev,polar_5,polar
bird-interact-lite,dev,polar_6,polar
bird-interact-lite,dev,polar_7,polar
bird-interact-lite,dev,polar_8,polar
bird-interact-lite,dev,polar_9,polar
bird-interact-lite,dev,polar_10,polar
bird-interact-lite,dev,polar_M_1,polar
bird-interact-lite,dev,polar_M_2,polar
bird-interact-lite,dev,polar_M_3,polar
bird-interact-lite,dev,polar_M_4,polar
bird-interact-lite,dev,polar_M_5,polar
bird-interact-lite,dev,gaming_1,gaming
bird-interact-lite,dev,gaming_2,gaming
bird-interact-lite,dev,gaming_3,gaming
bird-interact-lite,dev,gaming_4,gaming
bird-interact-lite,dev,gaming_5,gaming
bird-interact-lite,dev,gaming_6,gaming
bird-interact-lite,dev,gaming_7,gaming
bird-interact-lite,dev,gaming_8,gaming
bird-interact-lite,dev,gaming_9,gaming
bird-interact-lite,dev,gaming_10,gaming
bird-interact-lite,dev,gaming_M_1,gaming
bird-interact-lite,dev,gaming_M_2,gaming
bird-interact-lite,dev,gaming_M_3,gaming
bird-interact-lite,dev,gaming_M_4,gaming
bird-interact-lite,dev,gaming_M_5,gaming
bird-interact-lite,dev,credit_1,credit
bird-interact-lite,dev,credit_2,credit
bird-interact-lite,dev,credit_3,credit
bird-interact-lite,dev,credit_4,credit
bird-interact-lite,dev,credit_5,credit
bird-interact-lite,dev,credit_6,credit
bird-interact-lite,dev,credit_7,credit
bird-interact-lite,dev,credit_8,credit
bird-interact-lite,dev,credit_9,credit
bird-interact-lite,dev,credit_10,credit
bird-interact-lite,dev,credit_M_1,credit
bird-interact-lite,dev,credit_M_2,credit
bird-interact-lite,dev,credit_M_3,credit
bird-interact-lite,dev,credit_M_4,credit
bird-interact-lite,dev,credit_M_5,credit
bird-interact-lite,dev,cybermarket_1,cybermarket
bird-interact-lite,dev,cybermarket_2,cybermarket
bird-interact-lite,dev,cybermarket_3,cybermarket
bird-interact-lite,dev,cybermarket_4,cybermarket
bird-interact-lite,dev,cybermarket_5,cybermarket
bird-interact-lite,dev,cybermarket_6,cybermarket
bird-interact-lite,dev,cybermarket_7,cybermarket
bird-interact-lite,dev,cybermarket_8,cybermarket
bird-interact-lite,dev,cybermarket_9,cybermarket
bird-interact-lite,dev,cybermarket_10,cybermarket
bird-interact-lite,dev,cybermarket_M_1,cybermarket
bird-interact-lite,dev,cybermarket_M_2,cybermarket
bird-interact-lite,dev,cybermarket_M_3,cybermarket
bird-interact-lite,dev,cybermarket_M_4,cybermarket
bird-interact-lite,dev,cybermarket_M_5,cybermarket
bird-interact-lite,dev,museum_1,museum
bird-interact-lite,dev,museum_2,museum
bird-interact-lite,dev,museum_3,museum
bird-interact-lite,dev,museum_4,museum
bird-interact-lite,dev,museum_5,museum
bird-interact-lite,dev,museum_6,museum
bird-interact-lite,dev,museum_7,museum
bird-interact-lite,dev,museum_8,museum
bird-interact-lite,dev,museum_9,museum
bird-interact-lite,dev,museum_10,museum
bird-interact-lite,dev,museum_M_1,museum
bird-interact-lite,dev,museum_M_2,museum
bird-interact-lite,dev,museum_M_3,museum
bird-interact-lite,dev,museum_M_4,museum
bird-interact-lite,dev,museum_M_5,museum
bird-interact-lite,dev,solar_1,solar
bird-interact-lite,dev,solar_2,solar
bird-interact-lite,dev,solar_3,solar
bird-interact-lite,dev,solar_4,solar
bird-interact-lite,dev,solar_5,solar
bird-interact-lite,dev,solar_6,solar
bird-interact-lite,dev,solar_7,solar
bird-interact-lite,dev,solar_8,solar
bird-interact-lite,dev,solar_9,solar
bird-interact-lite,dev,solar_10,solar
bird-interact-lite,dev,solar_M_1,solar
bird-interact-lite,dev,solar_M_2,solar
bird-interact-lite,dev,solar_M_3,solar
bird-interact-lite,dev,solar_M_4,solar
bird-interact-lite,dev,solar_M_5,solar
bird-interact-lite,dev,mental_1,mental
bird-interact-lite,dev,mental_2,mental
bird-interact-lite,dev,mental_3,mental
bird-interact-lite,dev,mental_4,mental
bird-interact-lite,dev,mental_5,mental
bird-interact-lite,dev,mental_6,mental
bird-interact-lite,dev,mental_7,mental
bird-interact-lite,dev,mental_8,mental
bird-interact-lite,dev,mental_9,mental
bird-interact-lite,dev,mental_10,mental
bird-interact-lite,dev,mental_M_1,mental
bird-interact-lite,dev,mental_M_2,mental
bird-interact-lite,dev,mental_M_3,mental
bird-interact-lite,dev,mental_M_4,mental
bird-interact-lite,dev,mental_M_5,mental
bird-interact-lite,dev,news_1,news
bird-interact-lite,dev,news_2,news
bird-interact-lite,dev,news_3,news
bird-interact-lite,dev,news_4,news
bird-interact-lite,dev,news_5,news
bird-interact-lite,dev,news_6,news
bird-interact-lite,dev,news_7,news
bird-interact-lite,dev,news_8,news
bird-interact-lite,dev,news_9,news
bird-interact-lite,dev,news_10,news
bird-interact-lite,dev,news_M_1,news
bird-interact-lite,dev,news_M_2,news
bird-interact-lite,dev,news_M_3,news
bird-interact-lite,dev,news_M_4,news
bird-interact-lite,dev,news_M_5,news
bird-interact-lite,dev,crypto_1,crypto
bird-interact-lite,dev,crypto_2,crypto
bird-interact-lite,dev,crypto_3,crypto
bird-interact-lite,dev,crypto_4,crypto
bird-interact-lite,dev,crypto_5,crypto
bird-interact-lite,dev,crypto_6,crypto
bird-interact-lite,dev,crypto_7,crypto
bird-interact-lite,dev,crypto_8,crypto
bird-interact-lite,dev,crypto_9,crypto
bird-interact-lite,dev,crypto_10,crypto
bird-interact-lite,dev,crypto_M_1,crypto
bird-interact-lite,dev,crypto_M_2,crypto
bird-interact-lite,dev,crypto_M_3,crypto
bird-interact-lite,dev,crypto_M_4,crypto
bird-interact-lite,dev,crypto_M_5,crypto
bird-interact-lite,dev,insider_1,insider
bird-interact-lite,dev,insider_2,insider
bird-interact-lite,dev,insider_3,insider
bird-interact-lite,dev,insider_4,insider
bird-interact-lite,dev,insider_5,insider
bird-interact-lite,dev,insider_6,insider
bird-interact-lite,dev,insider_7,insider
bird-interact-lite,dev,insider_8,insider
bird-interact-lite,dev,insider_9,insider
bird-interact-lite,dev,insider_10,insider
bird-interact-lite,dev,insider_M_1,insider
bird-interact-lite,dev,insider_M_2,insider
bird-interact-lite,dev,insider_M_3,insider
bird-interact-lite,dev,insider_M_4,insider
bird-interact-lite,dev,insider_M_5,insider
bird-interact-lite,dev,vaccine_1,vaccine
bird-interact-lite,dev,vaccine_2,vaccine
bird-interact-lite,dev,vaccine_3,vaccine
bird-interact-lite,dev,vaccine_4,vaccine
bird-interact-lite,dev,vaccine_5,vaccine
bird-interact-lite,dev,vaccine_6,vaccine
bird-interact-lite,dev,vaccine_7,vaccine
bird-interact-lite,dev,vaccine_8,vaccine
bird-interact-lite,dev,vaccine_9,vaccine
bird-interact-lite,dev,vaccine_10,vaccine
bird-interact-lite,dev,vaccine_M_1,vaccine
bird-interact-lite,dev,vaccine_M_2,vaccine
bird-interact-lite,dev,vaccine_M_3,vaccine
bird-interact-lite,dev,vaccine_M_4,vaccine
bird-interact-lite,dev,vaccine_M_5,vaccine
bird-interact-lite,dev,robot_1,robot
bird-interact-lite,dev,robot_2,robot
bird-interact-lite,dev,robot_3,robot
bird-interact-lite,dev,robot_4,robot
bird-interact-lite,dev,robot_5,robot
bird-interact-lite,dev,robot_6,robot
bird-interact-lite,dev,robot_7,robot
bird-interact-lite,dev,robot_8,robot
bird-interact-lite,dev,robot_9,robot
bird-interact-lite,dev,robot_10,robot
bird-interact-lite,dev,robot_M_1,robot
bird-interact-lite,dev,robot_M_2,robot
bird-interact-lite,dev,robot_M_3,robot
bird-interact-lite,dev,robot_M_4,robot
bird-interact-lite,dev,robot_M_5,robot
bird-interact-lite,dev,disaster_1,disaster
bird-interact-lite,dev,disaster_2,disaster
bird-interact-lite,dev,disaster_3,disaster
bird-interact-lite,dev,disaster_4,disaster
bird-interact-lite,dev,disaster_5,disaster
bird-interact-lite,dev,disaster_6,disaster
bird-interact-lite,dev,disaster_7,disaster
bird-interact-lite,dev,disaster_8,disaster
bird-interact-lite,dev,disaster_9,disaster
bird-interact-lite,dev,disaster_10,disaster
bird-interact-lite,dev,disaster_M_1,disaster
bird-interact-lite,dev,disaster_M_2,disaster
bird-interact-lite,dev,disaster_M_3,disaster
bird-interact-lite,dev,disaster_M_4,disaster
bird-interact-lite,dev,disaster_M_5,disaster
bird-interact-lite,dev,fake_1,fake
bird-interact-lite,dev,fake_2,fake
bird-interact-lite,dev,fake_3,fake
bird-interact-lite,dev,fake_4,fake
bird-interact-lite,dev,fake_5,fake
bird-interact-lite,dev,fake_6,fake
bird-interact-lite,dev,fake_7,fake
bird-interact-lite,dev,fake_8,fake
bird-interact-lite,dev,fake_9,fake
bird-interact-lite,dev,fake_10,fake
bird-interact-lite,dev,fake_M_1,fake
bird-interact-lite,dev,fake_M_2,fake
bird-interact-lite,dev,fake_M_3,fake
bird-interact-lite,dev,fake_M_4,fake
bird-interact-lite,dev,fake_M_5,fake
bird-interact-lite,dev,virtual_1,virtual
bird-interact-lite,dev,virtual_2,virtual
bird-interact-lite,dev,virtual_3,virtual
bird-interact-lite,dev,virtual_4,virtual
bird-interact-lite,dev,virtual_5,virtual
bird-interact-lite,dev,virtual_6,virtual
bird-interact-lite,dev,virtual_7,virtual
bird-interact-lite,dev,virtual_8,virtual
bird-interact-lite,dev,virtual_9,virtual
bird-interact-lite,dev,virtual_10,virtual
bird-interact-lite,dev,virtual_M_1,virtual
bird-interact-lite,dev,virtual_M_2,virtual
bird-interact-lite,dev,virtual_M_3,virtual
bird-interact-lite,dev,virtual_M_4,virtual
bird-interact-lite,dev,virtual_M_5,virtual
bird-interact-lite,dev,alien_11,alien
bird-interact-lite,dev,alien_M_6,alien
bird-interact-lite,dev,archeology_11,archeology
bird-interact-lite,dev,archeology_M_6,archeology
bird-interact-lite,dev,credit_11,credit
bird-interact-lite,dev,credit_M_6,credit
bird-interact-lite,dev,cross_db_11,cross_db
bird-interact-lite,dev,cross_db_M_6,cross_db
bird-interact-lite,dev,crypto_11,crypto
bird-interact-lite,dev,crypto_M_6,crypto
bird-interact-lite,dev,cybermarket_11,cybermarket
bird-interact-lite,dev,cybermarket_M_6,cybermarket
bird-interact-lite,dev,disaster_11,disaster
bird-interact-lite,dev,disaster_M_6,disaster
bird-interact-lite,dev,fake_11,fake
bird-interact-lite,dev,fake_M_6,fake
bird-interact-lite,dev,gaming_11,gaming
bird-interact-lite,dev,gaming_M_6,gaming
bird-interact-lite,dev,insider_11,insider
bird-interact-lite,dev,insider_M_6,insider
bird-interact-lite,dev,mental_11,mental
bird-interact-lite,dev,mental_M_6,mental
bird-interact-lite,dev,museum_11,museum
bird-interact-lite,dev,museum_M_6,museum
bird-interact-lite,dev,news_11,news
bird-interact-lite,dev,news_M_6,news
bird-interact-lite,dev,polar_11,polar
bird-interact-lite,dev,polar_M_6,polar
bird-interact-lite,dev,solar_11,solar
bird-interact-lite,dev,solar_M_6,solar
livesqlbench-base-full-v1,dev,solar_panel_1,solar_panel
livesqlbench-base-full-v1,dev,solar_panel_2,solar_panel
livesqlbench-base-full-v1,dev,solar_panel_3,solar_panel
livesqlbench-base-full-v1,dev,solar_panel_4,solar_panel
livesqlbench-base-full-v1,dev,solar_panel_5,solar_panel
livesqlbench-base-full-v1,dev,solar_panel_6,solar_panel
livesqlbench-base-full-v1,dev,solar_panel_7,solar_panel
livesqlbench-base-full-v1,dev,solar_panel_8,solar_panel
livesqlbench-base-full-v1,dev,solar_panel_9,solar_panel
livesqlbench-base-full-v1,dev,solar_panel_10,solar_panel
livesqlbench-base-full-v1,dev,solar_panel_11,solar_panel
livesqlbench-base-full-v1,dev,solar_panel_12,solar_panel
livesqlbench-base-full-v1,dev,solar_panel_13,solar_panel
livesqlbench-base-full-v1,dev,solar_panel_14,solar_panel
livesqlbench-base-full-v1,dev,solar_panel_15,solar_panel
livesqlbench-base-full-v1,dev,solar_panel_16,solar_panel
livesqlbench-base-full-v1,dev,solar_panel_17,solar_panel
livesqlbench-base-full-v1,dev,solar_panel_18,solar_panel
livesqlbench-base-full-v1,dev,solar_panel_19,solar_panel
livesqlbench-base-full-v1,dev,solar_panel_20,solar_panel
livesqlbench-base-full-v1,dev,solar_panel_M_1,solar_panel
livesqlbench-base-full-v1,dev,solar_panel_M_2,solar_panel
livesqlbench-base-full-v1,dev,solar_panel_M_3,solar_panel
livesqlbench-base-full-v1,dev,solar_panel_M_4,solar_panel
livesqlbench-base-full-v1,dev,solar_panel_M_5,solar_panel
livesqlbench-base-full-v1,dev,solar_panel_M_6,solar_panel
livesqlbench-base-full-v1,dev,solar_panel_M_7,solar_panel
livesqlbench-base-full-v1,dev,solar_panel_M_8,solar_panel
livesqlbench-base-full-v1,dev,solar_panel_M_9,solar_panel
livesqlbench-base-full-v1,dev,solar_panel_M_10,solar_panel
livesqlbench-base-full-v1,dev,hulushows_1,hulushows
livesqlbench-base-full-v1,dev,hulushows_2,hulushows
livesqlbench-base-full-v1,dev,hulushows_3,hulushows
livesqlbench-base-full-v1,dev,hulushows_4,hulushows
livesqlbench-base-full-v1,dev,hulushows_5,hulushows
livesqlbench-base-full-v1,dev,hulushows_6,hulushows
livesqlbench-base-full-v1,dev,hulushows_7,hulushows
livesqlbench-base-full-v1,dev,hulushows_8,hulushows
livesqlbench-base-full-v1,dev,hulushows_9,hulushows
livesqlbench-base-full-v1,dev,hulushows_10,hulushows
livesqlbench-base-full-v1,dev,hulushows_11,hulushows
livesqlbench-base-full-v1,dev,hulushows_12,hulushows
livesqlbench-base-full-v1,dev,hulushows_13,hulushows
livesqlbench-base-full-v1,dev,hulushows_14,hulushows
livesqlbench-base-full-v1,dev,hulushows_15,hulushows
livesqlbench-base-full-v1,dev,hulushows_16,hulushows
livesqlbench-base-full-v1,dev,hulushows_17,hulushows
livesqlbench-base-full-v1,dev,hulushows_18,hulushows
livesqlbench-base-full-v1,dev,hulushows_19,hulushows
livesqlbench-base-full-v1,dev,hulushows_20,hulushows
livesqlbench-base-full-v1,dev,hulushows_M_1,hulushows
livesqlbench-base-full-v1,dev,hulushows_M_2,hulushows
livesqlbench-base-full-v1,dev,hulushows_M_3,hulushows
livesqlbench-base-full-v1,dev,hulushows_M_4,hulushows
livesqlbench-base-full-v1,dev,hulushows_M_5,hulushows
livesqlbench-base-full-v1,dev,hulushows_M_6,hulushows
livesqlbench-base-full-v1,dev,hulushows_M_7,hulushows
livesqlbench-base-full-v1,dev,hulushows_M_8,hulushows
livesqlbench-base-full-v1,dev,hulushows_M_9,hulushows
livesqlbench-base-full-v1,dev,hulushows_M_10,hulushows
livesqlbench-base-full-v1,dev,cybermarket_pattern_1,cybermarket_pattern
livesqlbench-base-full-v1,dev,cybermarket_pattern_M_1,cybermarket_pattern
livesqlbench-base-full-v1,dev,cybermarket_pattern_M_2,cybermarket_pattern
livesqlbench-base-full-v1,dev,cybermarket_pattern_M_3,cybermarket_pattern
livesqlbench-base-full-v1,dev,cybermarket_pattern_M_4,cybermarket_pattern
livesqlbench-base-full-v1,dev,cybermarket_pattern_2,cybermarket_pattern
livesqlbench-base-full-v1,dev,cybermarket_pattern_3,cybermarket_pattern
livesqlbench-base-full-v1,dev,cybermarket_pattern_4,cybermarket_pattern
livesqlbench-base-full-v1,dev,cybermarket_pattern_5,cybermarket_pattern
livesqlbench-base-full-v1,dev,cybermarket_pattern_M_5,cybermarket_pattern
livesqlbench-base-full-v1,dev,cybermarket_pattern_6,cybermarket_pattern
livesqlbench-base-full-v1,dev,cybermarket_pattern_7,cybermarket_pattern
livesqlbench-base-full-v1,dev,cybermarket_pattern_8,cybermarket_pattern
livesqlbench-base-full-v1,dev,cybermarket_pattern_9,cybermarket_pattern
livesqlbench-base-full-v1,dev,cybermarket_pattern_M_6,cybermarket_pattern
livesqlbench-base-full-v1,dev,cybermarket_pattern_10,cybermarket_pattern
livesqlbench-base-full-v1,dev,cybermarket_pattern_M_7,cybermarket_pattern
livesqlbench-base-full-v1,dev,cybermarket_pattern_M_8,cybermarket_pattern
livesqlbench-base-full-v1,dev,cybermarket_pattern_11,cybermarket_pattern
livesqlbench-base-full-v1,dev,cybermarket_pattern_12,cybermarket_pattern
livesqlbench-base-full-v1,dev,cybermarket_pattern_13,cybermarket_pattern
livesqlbench-base-full-v1,dev,cybermarket_pattern_M_9,cybermarket_pattern
livesqlbench-base-full-v1,dev,cybermarket_pattern_14,cybermarket_pattern
livesqlbench-base-full-v1,dev,cybermarket_pattern_15,cybermarket_pattern
livesqlbench-base-full-v1,dev,cybermarket_pattern_16,cybermarket_pattern
livesqlbench-base-full-v1,dev,cybermarket_pattern_M_10,cybermarket_pattern
livesqlbench-base-full-v1,dev,cybermarket_pattern_17,cybermarket_pattern
livesqlbench-base-full-v1,dev,cybermarket_pattern_18,cybermarket_pattern
livesqlbench-base-full-v1,dev,cybermarket_pattern_19,cybermarket_pattern
livesqlbench-base-full-v1,dev,cybermarket_pattern_20,cybermarket_pattern
livesqlbench-base-full-v1,dev,archeology_scan_1,archeology_scan
livesqlbench-base-full-v1,dev,archeology_scan_2,archeology_scan
livesqlbench-base-full-v1,dev,archeology_scan_3,archeology_scan
livesqlbench-base-full-v1,dev,archeology_scan_4,archeology_scan
livesqlbench-base-full-v1,dev,archeology_scan_5,archeology_scan
livesqlbench-base-full-v1,dev,archeology_scan_6,archeology_scan
livesqlbench-base-full-v1,dev,archeology_scan_7,archeology_scan
livesqlbench-base-full-v1,dev,archeology_scan_8,archeology_scan
livesqlbench-base-full-v1,dev,archeology_scan_9,archeology_scan
livesqlbench-base-full-v1,dev,archeology_scan_10,archeology_scan
livesqlbench-base-full-v1,dev,archeology_scan_M_1,archeology_scan
livesqlbench-base-full-v1,dev,archeology_scan_M_3,archeology_scan
livesqlbench-base-full-v1,dev,archeology_scan_M_4,archeology_scan
livesqlbench-base-full-v1,dev,cross_border_1,cross_border
livesqlbench-base-full-v1,dev,cross_border_2,cross_border
livesqlbench-base-full-v1,dev,cross_border_3,cross_border
livesqlbench-base-full-v1,dev,cross_border_4,cross_border
livesqlbench-base-full-v1,dev,cross_border_5,cross_border
livesqlbench-base-full-v1,dev,cross_border_6,cross_border
livesqlbench-base-full-v1,dev,cross_border_7,cross_border
livesqlbench-base-full-v1,dev,cross_border_8,cross_border
livesqlbench-base-full-v1,dev,cross_border_9,cross_border
livesqlbench-base-full-v1,dev,cross_border_10,cross_border
livesqlbench-base-full-v1,dev,cross_border_M_1,cross_border
livesqlbench-base-full-v1,dev,cross_border_M_2,cross_border
livesqlbench-base-full-v1,dev,cross_border_M_3,cross_border
livesqlbench-base-full-v1,dev,cross_border_M_4,cross_border
livesqlbench-base-full-v1,dev,cross_border_M_5,cross_border
livesqlbench-base-full-v1,dev,cross_border_11,cross_border
livesqlbench-base-full-v1,dev,cross_border_12,cross_border
livesqlbench-base-full-v1,dev,cross_border_13,cross_border
livesqlbench-base-full-v1,dev,cross_border_14,cross_border
livesqlbench-base-full-v1,dev,cross_border_15,cross_border
livesqlbench-base-full-v1,dev,cross_border_16,cross_border
livesqlbench-base-full-v1,dev,cross_border_17,cross_border
livesqlbench-base-full-v1,dev,cross_border_18,cross_border
livesqlbench-base-full-v1,dev,cross_border_19,cross_border
livesqlbench-base-full-v1,dev,cross_border_20,cross_border
livesqlbench-base-full-v1,dev,cross_border_M_6,cross_border
livesqlbench-base-full-v1,dev,cross_border_M_7,cross_border
livesqlbench-base-full-v1,dev,cross_border_M_8,cross_border
livesqlbench-base-full-v1,dev,cross_border_M_10,cross_border
livesqlbench-base-full-v1,dev,crypto_exchange_1,crypto_exchange
livesqlbench-base-full-v1,dev,crypto_exchange_2,crypto_exchange
livesqlbench-base-full-v1,dev,crypto_exchange_3,crypto_exchange
livesqlbench-base-full-v1,dev,crypto_exchange_4,crypto_exchange
livesqlbench-base-full-v1,dev,crypto_exchange_5,crypto_exchange
livesqlbench-base-full-v1,dev,crypto_exchange_6,crypto_exchange
livesqlbench-base-full-v1,dev,crypto_exchange_7,crypto_exchange
livesqlbench-base-full-v1,dev,crypto_exchange_8,crypto_exchange
livesqlbench-base-full-v1,dev,crypto_exchange_9,crypto_exchange
livesqlbench-base-full-v1,dev,crypto_exchange_10,crypto_exchange
livesqlbench-base-full-v1,dev,crypto_exchange_M_1,crypto_exchange
livesqlbench-base-full-v1,dev,crypto_exchange_M_2,crypto_exchange
livesqlbench-base-full-v1,dev,crypto_exchange_M_3,crypto_exchange
livesqlbench-base-full-v1,dev,crypto_exchange_M_4,crypto_exchange
livesqlbench-base-full-v1,dev,crypto_exchange_M_5,crypto_exchange
livesqlbench-base-full-v1,dev,crypto_exchange_11,crypto_exchange
livesqlbench-base-full-v1,dev,crypto_exchange_12,crypto_exchange
livesqlbench-base-full-v1,dev,crypto_exchange_13,crypto_exchange
livesqlbench-base-full-v1,dev,crypto_exchange_14,crypto_exchange
livesqlbench-base-full-v1,dev,crypto_exchange_15,crypto_exchange
livesqlbench-base-full-v1,dev,crypto_exchange_16,crypto_exchange
livesqlbench-base-full-v1,dev,crypto_exchange_17,crypto_exchange
livesqlbench-base-full-v1,dev,crypto_exchange_18,crypto_exchange
livesqlbench-base-full-v1,dev,crypto_exchange_19,crypto_exchange
livesqlbench-base-full-v1,dev,crypto_exchange_20,crypto_exchange
livesqlbench-base-full-v1,dev,crypto_exchange_M_6,crypto_exchange
livesqlbench-base-full-v1,dev,crypto_exchange_M_7,crypto_exchange
livesqlbench-base-full-v1,dev,crypto_exchange_M_8,crypto_exchange
livesqlbench-base-full-v1,dev,crypto_exchange_M_9,crypto_exchange
livesqlbench-base-full-v1,dev,crypto_exchange_M_10,crypto_exchange
livesqlbench-base-full-v1,dev,polar_equipment_1,polar_equipment
livesqlbench-base-full-v1,dev,polar_equipment_2,polar_equipment
livesqlbench-base-full-v1,dev,polar_equipment_3,polar_equipment
livesqlbench-base-full-v1,dev,polar_equipment_4,polar_equipment
livesqlbench-base-full-v1,dev,polar_equipment_5,polar_equipment
livesqlbench-base-full-v1,dev,polar_equipment_6,polar_equipment
livesqlbench-base-full-v1,dev,polar_equipment_7,polar_equipment
livesqlbench-base-full-v1,dev,polar_equipment_8,polar_equipment
livesqlbench-base-full-v1,dev,polar_equipment_9,polar_equipment
livesqlbench-base-full-v1,dev,polar_equipment_10,polar_equipment
livesqlbench-base-full-v1,dev,polar_equipment_11,polar_equipment
livesqlbench-base-full-v1,dev,polar_equipment_12,polar_equipment
livesqlbench-base-full-v1,dev,polar_equipment_13,polar_equipment
livesqlbench-base-full-v1,dev,polar_equipment_14,polar_equipment
livesqlbench-base-full-v1,dev,polar_equipment_15,polar_equipment
livesqlbench-base-full-v1,dev,polar_equipment_16,polar_equipment
livesqlbench-base-full-v1,dev,polar_equipment_17,polar_equipment
livesqlbench-base-full-v1,dev,polar_equipment_18,polar_equipment
livesqlbench-base-full-v1,dev,polar_equipment_19,polar_equipment
livesqlbench-base-full-v1,dev,polar_equipment_20,polar_equipment
livesqlbench-base-full-v1,dev,polar_equipment_M_1,polar_equipment
livesqlbench-base-full-v1,dev,polar_equipment_M_2,polar_equipment
livesqlbench-base-full-v1,dev,polar_equipment_M_3,polar_equipment
livesqlbench-base-full-v1,dev,polar_equipment_M_4,polar_equipment
livesqlbench-base-full-v1,dev,polar_equipment_M_5,polar_equipment
livesqlbench-base-full-v1,dev,polar_equipment_M_6,polar_equipment
livesqlbench-base-full-v1,dev,polar_equipment_M_7,polar_equipment
livesqlbench-base-full-v1,dev,polar_equipment_M_8,polar_equipment
livesqlbench-base-full-v1,dev,polar_equipment_M_9,polar_equipment
livesqlbench-base-full-v1,dev,polar_equipment_M_10,polar_equipment
livesqlbench-base-full-v1,dev,sports_events_1,sports_events
livesqlbench-base-full-v1,dev,sports_events_2,sports_events
livesqlbench-base-full-v1,dev,sports_events_3,sports_events
livesqlbench-base-full-v1,dev,sports_events_4,sports_events
livesqlbench-base-full-v1,dev,sports_events_5,sports_events
livesqlbench-base-full-v1,dev,sports_events_6,sports_events
livesqlbench-base-full-v1,dev,sports_events_7,sports_events
livesqlbench-base-full-v1,dev,sports_events_8,sports_events
livesqlbench-base-full-v1,dev,sports_events_9,sports_events
livesqlbench-base-full-v1,dev,sports_events_10,sports_events
livesqlbench-base-full-v1,dev,sports_events_11,sports_events
livesqlbench-base-full-v1,dev,sports_events_12,sports_events
livesqlbench-base-full-v1,dev,sports_events_13,sports_events
livesqlbench-base-full-v1,dev,sports_events_14,sports_events
livesqlbench-base-full-v1,dev,sports_events_15,sports_events
livesqlbench-base-full-v1,dev,sports_events_16,sports_events
livesqlbench-base-full-v1,dev,sports_events_17,sports_events
livesqlbench-base-full-v1,dev,sports_events_18,sports_events
livesqlbench-base-full-v1,dev,sports_events_19,sports_events
livesqlbench-base-full-v1,dev,sports_events_20,sports_events
livesqlbench-base-full-v1,dev,sports_events_M_1,sports_events
livesqlbench-base-full-v1,dev,sports_events_M_2,sports_events
livesqlbench-base-full-v1,dev,sports_events_M_3,sports_events
livesqlbench-base-full-v1,dev,sports_events_M_4,sports_events
livesqlbench-base-full-v1,dev,sports_events_M_5,sports_events
livesqlbench-base-full-v1,dev,sports_events_M_6,sports_events
livesqlbench-base-full-v1,dev,sports_events_M_8,sports_events
livesqlbench-base-full-v1,dev,sports_events_29,sports_events
livesqlbench-base-full-v1,dev,sports_events_30,sports_events
livesqlbench-base-full-v1,dev,labor_certification_applications_1,labor_certification_applications
livesqlbench-base-full-v1,dev,labor_certification_applications_2,labor_certification_applications
livesqlbench-base-full-v1,dev,labor_certification_applications_3,labor_certification_applications
livesqlbench-base-full-v1,dev,labor_certification_applications_4,labor_certification_applications
livesqlbench-base-full-v1,dev,labor_certification_applications_5,labor_certification_applications
livesqlbench-base-full-v1,dev,labor_certification_applications_6,labor_certification_applications
livesqlbench-base-full-v1,dev,labor_certification_applications_7,labor_certification_applications
livesqlbench-base-full-v1,dev,labor_certification_applications_8,labor_certification_applications
livesqlbench-base-full-v1,dev,labor_certification_applications_10,labor_certification_applications
livesqlbench-base-full-v1,dev,labor_certification_applications_11,labor_certification_applications
livesqlbench-base-full-v1,dev,labor_certification_applications_12,labor_certification_applications
livesqlbench-base-full-v1,dev,labor_certification_applications_13,labor_certification_applications
livesqlbench-base-full-v1,dev,labor_certification_applications_14,labor_certification_applications
livesqlbench-base-full-v1,dev,labor_certification_applications_15,labor_certification_applications
livesqlbench-base-full-v1,dev,labor_certification_applications_16,labor_certification_applications
livesqlbench-base-full-v1,dev,labor_certification_applications_17,labor_certification_applications
livesqlbench-base-full-v1,dev,labor_certification_applications_18,labor_certification_applications
livesqlbench-base-full-v1,dev,labor_certification_applications_19,labor_certification_applications
livesqlbench-base-full-v1,dev,labor_certification_applications_20,labor_certification_applications
livesqlbench-base-full-v1,dev,labor_certification_applications_M_1,labor_certification_applications
livesqlbench-base-full-v1,dev,labor_certification_applications_M_2,labor_certification_applications
livesqlbench-base-full-v1,dev,labor_certification_applications_M_3,labor_certification_applications
livesqlbench-base-full-v1,dev,labor_certification_applications_M_4,labor_certification_applications
livesqlbench-base-full-v1,dev,labor_certification_applications_M_5,labor_certification_applications
livesqlbench-base-full-v1,dev,labor_certification_applications_M_6,labor_certification_applications
livesqlbench-base-full-v1,dev,labor_certification_applications_M_7,labor_certification_applications
livesqlbench-base-full-v1,dev,labor_certification_applications_M_8,labor_certification_applications
livesqlbench-base-full-v1,dev,labor_certification_applications_M_9,labor_certification_applications
livesqlbench-base-full-v1,dev,labor_certification_applications_M_10,labor_certification_applications
livesqlbench-base-full-v1,dev,insider_trading_1,insider_trading
livesqlbench-base-full-v1,dev,insider_trading_2,insider_trading
livesqlbench-base-full-v1,dev,insider_trading_3,insider_trading
livesqlbench-base-full-v1,dev,insider_trading_4,insider_trading
livesqlbench-base-full-v1,dev,insider_trading_5,insider_trading
livesqlbench-base-full-v1,dev,insider_trading_6,insider_trading
livesqlbench-base-full-v1,dev,insider_trading_7,insider_trading
livesqlbench-base-full-v1,dev,insider_trading_8,insider_trading
livesqlbench-base-full-v1,dev,insider_trading_9,insider_trading
livesqlbench-base-full-v1,dev,insider_trading_10,insider_trading
livesqlbench-base-full-v1,dev,insider_trading_11,insider_trading
livesqlbench-base-full-v1,dev,insider_trading_12,insider_trading
livesqlbench-base-full-v1,dev,insider_trading_13,insider_trading
livesqlbench-base-full-v1,dev,insider_trading_14,insider_trading
livesqlbench-base-full-v1,dev,insider_trading_15,insider_trading
livesqlbench-base-full-v1,dev,insider_trading_16,insider_trading
livesqlbench-base-full-v1,dev,insider_trading_17,insider_trading
livesqlbench-base-full-v1,dev,insider_trading_18,insider_trading
livesqlbench-base-full-v1,dev,insider_trading_19,insider_trading
livesqlbench-base-full-v1,dev,insider_trading_20,insider_trading
livesqlbench-base-full-v1,dev,insider_trading_M_1,insider_trading
livesqlbench-base-full-v1,dev,insider_trading_M_2,insider_trading
livesqlbench-base-full-v1,dev,insider_trading_M_3,insider_trading
livesqlbench-base-full-v1,dev,insider_trading_M_4,insider_trading
livesqlbench-base-full-v1,dev,insider_trading_M_5,insider_trading
livesqlbench-base-full-v1,dev,insider_trading_M_6,insider_trading
livesqlbench-base-full-v1,dev,insider_trading_M_7,insider_trading
livesqlbench-base-full-v1,dev,insider_trading_M_8,insider_trading
livesqlbench-base-full-v1,dev,insider_trading_M_9,insider_trading
livesqlbench-base-full-v1,dev,insider_trading_M_10,insider_trading
livesqlbench-base-full-v1,dev,virtual_idol_1,virtual_idol
livesqlbench-base-full-v1,dev,virtual_idol_2,virtual_idol
livesqlbench-base-full-v1,dev,virtual_idol_3,virtual_idol
livesqlbench-base-full-v1,dev,virtual_idol_4,virtual_idol
livesqlbench-base-full-v1,dev,virtual_idol_5,virtual_idol
livesqlbench-base-full-v1,dev,virtual_idol_6,virtual_idol
livesqlbench-base-full-v1,dev,virtual_idol_7,virtual_idol
livesqlbench-base-full-v1,dev,virtual_idol_9,virtual_idol
livesqlbench-base-full-v1,dev,virtual_idol_10,virtual_idol
livesqlbench-base-full-v1,dev,virtual_idol_11,virtual_idol
livesqlbench-base-full-v1,dev,virtual_idol_12,virtual_idol
livesqlbench-base-full-v1,dev,virtual_idol_13,virtual_idol
livesqlbench-base-full-v1,dev,virtual_idol_14,virtual_idol
livesqlbench-base-full-v1,dev,virtual_idol_15,virtual_idol
livesqlbench-base-full-v1,dev,virtual_idol_16,virtual_idol
livesqlbench-base-full-v1,dev,virtual_idol_17,virtual_idol
livesqlbench-base-full-v1,dev,virtual_idol_18,virtual_idol
livesqlbench-base-full-v1,dev,virtual_idol_19,virtual_idol
livesqlbench-base-full-v1,dev,virtual_idol_20,virtual_idol
livesqlbench-base-full-v1,dev,virtual_idol_M_1,virtual_idol
livesqlbench-base-full-v1,dev,virtual_idol_M_2,virtual_idol
livesqlbench-base-full-v1,dev,virtual_idol_M_3,virtual_idol
livesqlbench-base-full-v1,dev,virtual_idol_M_5,virtual_idol
livesqlbench-base-full-v1,dev,virtual_idol_M_6,virtual_idol
livesqlbench-base-full-v1,dev,virtual_idol_M_7,virtual_idol
livesqlbench-base-full-v1,dev,virtual_idol_M_8,virtual_idol
livesqlbench-base-full-v1,dev,virtual_idol_M_9,virtual_idol
livesqlbench-base-full-v1,dev,virtual_idol_M_10,virtual_idol
livesqlbench-base-full-v1,dev,organ_transplant_1,organ_transplant
livesqlbench-base-full-v1,dev,organ_transplant_2,organ_transplant
livesqlbench-base-full-v1,dev,organ_transplant_3,organ_transplant
livesqlbench-base-full-v1,dev,organ_transplant_4,organ_transplant
livesqlbench-base-full-v1,dev,organ_transplant_6,organ_transplant
livesqlbench-base-full-v1,dev,organ_transplant_7,organ_transplant
livesqlbench-base-full-v1,dev,organ_transplant_8,organ_transplant
livesqlbench-base-full-v1,dev,organ_transplant_9,organ_transplant
livesqlbench-base-full-v1,dev,organ_transplant_10,organ_transplant
livesqlbench-base-full-v1,dev,organ_transplant_11,organ_transplant
livesqlbench-base-full-v1,dev,organ_transplant_13,organ_transplant
livesqlbench-base-full-v1,dev,organ_transplant_14,organ_transplant
livesqlbench-base-full-v1,dev,organ_transplant_16,organ_transplant
livesqlbench-base-full-v1,dev,organ_transplant_17,organ_transplant
livesqlbench-base-full-v1,dev,organ_transplant_18,organ_transplant
livesqlbench-base-full-v1,dev,organ_transplant_19,organ_transplant
livesqlbench-base-full-v1,dev,organ_transplant_20,organ_transplant
livesqlbench-base-full-v1,dev,organ_transplant_21,organ_transplant
livesqlbench-base-full-v1,dev,organ_transplant_22,organ_transplant
livesqlbench-base-full-v1,dev,organ_transplant_M_1,organ_transplant
livesqlbench-base-full-v1,dev,organ_transplant_M_2,organ_transplant
livesqlbench-base-full-v1,dev,organ_transplant_M_3,organ_transplant
livesqlbench-base-full-v1,dev,organ_transplant_M_4,organ_transplant
livesqlbench-base-full-v1,dev,organ_transplant_M_5,organ_transplant
livesqlbench-base-full-v1,dev,organ_transplant_M_6,organ_transplant
livesqlbench-base-full-v1,dev,organ_transplant_M_7,organ_transplant
livesqlbench-base-full-v1,dev,organ_transplant_M_8,organ_transplant
livesqlbench-base-full-v1,dev,organ_transplant_M_9,organ_transplant
livesqlbench-base-full-v1,dev,organ_transplant_M_10,organ_transplant
livesqlbench-base-full-v1,dev,organ_transplant_M_11,organ_transplant
livesqlbench-base-full-v1,dev,organ_transplant_M_12,organ_transplant
livesqlbench-base-full-v1,dev,organ_transplant_M_13,organ_transplant
livesqlbench-base-full-v1,dev,mental_health_1,mental_health
livesqlbench-base-full-v1,dev,mental_health_2,mental_health
livesqlbench-base-full-v1,dev,mental_health_3,mental_health
livesqlbench-base-full-v1,dev,mental_health_4,mental_health
livesqlbench-base-full-v1,dev,mental_health_5,mental_health
livesqlbench-base-full-v1,dev,mental_health_6,mental_health
livesqlbench-base-full-v1,dev,mental_health_7,mental_health
livesqlbench-base-full-v1,dev,mental_health_8,mental_health
livesqlbench-base-full-v1,dev,mental_health_9,mental_health
livesqlbench-base-full-v1,dev,mental_health_10,mental_health
livesqlbench-base-full-v1,dev,mental_health_11,mental_health
livesqlbench-base-full-v1,dev,mental_health_12,mental_health
livesqlbench-base-full-v1,dev,mental_health_13,mental_health
livesqlbench-base-full-v1,dev,mental_health_14,mental_health
livesqlbench-base-full-v1,dev,mental_health_15,mental_health
livesqlbench-base-full-v1,dev,mental_health_16,mental_health
livesqlbench-base-full-v1,dev,mental_health_17,mental_health
livesqlbench-base-full-v1,dev,mental_health_18,mental_health
livesqlbench-base-full-v1,dev,mental_health_19,mental_health
livesqlbench-base-full-v1,dev,mental_health_20,mental_health
livesqlbench-base-full-v1,dev,mental_health_M_3,mental_health
livesqlbench-base-full-v1,dev,mental_health_M_4,mental_health
livesqlbench-base-full-v1,dev,mental_health_M_6,mental_health
livesqlbench-base-full-v1,dev,mental_health_M_8,mental_health
livesqlbench-base-full-v1,dev,mental_health_M_9,mental_health
livesqlbench-base-full-v1,dev,mental_health_M_10,mental_health
livesqlbench-base-full-v1,dev,reverse_logistics_1,reverse_logistics
livesqlbench-base-full-v1,dev,reverse_logistics_2,reverse_logistics
livesqlbench-base-full-v1,dev,reverse_logistics_3,reverse_logistics
livesqlbench-base-full-v1,dev,reverse_logistics_M_1,reverse_logistics
livesqlbench-base-full-v1,dev,reverse_logistics_4,reverse_logistics
livesqlbench-base-full-v1,dev,reverse_logistics_5,reverse_logistics
livesqlbench-base-full-v1,dev,reverse_logistics_6,reverse_logistics
livesqlbench-base-full-v1,dev,reverse_logistics_7,reverse_logistics
livesqlbench-base-full-v1,dev,reverse_logistics_8,reverse_logistics
livesqlbench-base-full-v1,dev,reverse_logistics_9,reverse_logistics
livesqlbench-base-full-v1,dev,reverse_logistics_M_2,reverse_logistics
livesqlbench-base-full-v1,dev,reverse_logistics_M_3,reverse_logistics
livesqlbench-base-full-v1,dev,reverse_logistics_10,reverse_logistics
livesqlbench-base-full-v1,dev,reverse_logistics_11,reverse_logistics
livesqlbench-base-full-v1,dev,reverse_logistics_12,reverse_logistics
livesqlbench-base-full-v1,dev,reverse_logistics_13,reverse_logistics
livesqlbench-base-full-v1,dev,reverse_logistics_M_4,reverse_logistics
livesqlbench-base-full-v1,dev,reverse_logistics_14,reverse_logistics
livesqlbench-base-full-v1,dev,reverse_logistics_15,reverse_logistics
livesqlbench-base-full-v1,dev,reverse_logistics_16,reverse_logistics
livesqlbench-base-full-v1,dev,reverse_logistics_M_5,reverse_logistics
livesqlbench-base-full-v1,dev,reverse_logistics_17,reverse_logistics
livesqlbench-base-full-v1,dev,reverse_logistics_18,reverse_logistics
livesqlbench-base-full-v1,dev,reverse_logistics_M_7,reverse_logistics
livesqlbench-base-full-v1,dev,reverse_logistics_19,reverse_logistics
livesqlbench-base-full-v1,dev,reverse_logistics_M_8,reverse_logistics
livesqlbench-base-full-v1,dev,reverse_logistics_20,reverse_logistics
livesqlbench-base-full-v1,dev,reverse_logistics_M_10,reverse_logistics
livesqlbench-base-full-v1,dev,robot_fault_prediction_1,robot_fault_prediction
livesqlbench-base-full-v1,dev,robot_fault_prediction_3,robot_fault_prediction
livesqlbench-base-full-v1,dev,robot_fault_prediction_4,robot_fault_prediction
livesqlbench-base-full-v1,dev,robot_fault_prediction_5,robot_fault_prediction
livesqlbench-base-full-v1,dev,robot_fault_prediction_6,robot_fault_prediction
livesqlbench-base-full-v1,dev,robot_fault_prediction_7,robot_fault_prediction
livesqlbench-base-full-v1,dev,robot_fault_prediction_8,robot_fault_prediction
livesqlbench-base-full-v1,dev,robot_fault_prediction_10,robot_fault_prediction
livesqlbench-base-full-v1,dev,robot_fault_prediction_11,robot_fault_prediction
livesqlbench-base-full-v1,dev,robot_fault_prediction_12,robot_fault_prediction
livesqlbench-base-full-v1,dev,robot_fault_prediction_M_1,robot_fault_prediction
livesqlbench-base-full-v1,dev,robot_fault_prediction_M_2,robot_fault_prediction
livesqlbench-base-full-v1,dev,robot_fault_prediction_M_3,robot_fault_prediction
livesqlbench-base-full-v1,dev,robot_fault_prediction_M_4,robot_fault_prediction
livesqlbench-base-full-v1,dev,robot_fault_prediction_M_5,robot_fault_prediction
livesqlbench-base-full-v1,dev,robot_fault_prediction_M_7,robot_fault_prediction
livesqlbench-base-full-v1,dev,robot_fault_prediction_M_8,robot_fault_prediction
livesqlbench-base-full-v1,dev,exchange_traded_funds_1,exchange_traded_funds
livesqlbench-base-full-v1,dev,exchange_traded_funds_2,exchange_traded_funds
livesqlbench-base-full-v1,dev,exchange_traded_funds_3,exchange_traded_funds
livesqlbench-base-full-v1,dev,exchange_traded_funds_4,exchange_traded_funds
livesqlbench-base-full-v1,dev,exchange_traded_funds_5,exchange_traded_funds
livesqlbench-base-full-v1,dev,exchange_traded_funds_6,exchange_traded_funds
livesqlbench-base-full-v1,dev,exchange_traded_funds_7,exchange_traded_funds
livesqlbench-base-full-v1,dev,exchange_traded_funds_8,exchange_traded_funds
livesqlbench-base-full-v1,dev,exchange_traded_funds_9,exchange_traded_funds
livesqlbench-base-full-v1,dev,exchange_traded_funds_10,exchange_traded_funds
livesqlbench-base-full-v1,dev,exchange_traded_funds_11,exchange_traded_funds
livesqlbench-base-full-v1,dev,exchange_traded_funds_12,exchange_traded_funds
livesqlbench-base-full-v1,dev,exchange_traded_funds_13,exchange_traded_funds
livesqlbench-base-full-v1,dev,exchange_traded_funds_14,exchange_traded_funds
livesqlbench-base-full-v1,dev,exchange_traded_funds_16,exchange_traded_funds
livesqlbench-base-full-v1,dev,exchange_traded_funds_17,exchange_traded_funds
livesqlbench-base-full-v1,dev,exchange_traded_funds_18,exchange_traded_funds
livesqlbench-base-full-v1,dev,exchange_traded_funds_19,exchange_traded_funds
livesqlbench-base-full-v1,dev,exchange_traded_funds_20,exchange_traded_funds
livesqlbench-base-full-v1,dev,exchange_traded_funds_M_1,exchange_traded_funds
livesqlbench-base-full-v1,dev,exchange_traded_funds_M_2,exchange_traded_funds
livesqlbench-base-full-v1,dev,exchange_traded_funds_M_3,exchange_traded_funds
livesqlbench-base-full-v1,dev,exchange_traded_funds_M_4,exchange_traded_funds
livesqlbench-base-full-v1,dev,exchange_traded_funds_M_6,exchange_traded_funds
livesqlbench-base-full-v1,dev,exchange_traded_funds_M_7,exchange_traded_funds
livesqlbench-base-full-v1,dev,exchange_traded_funds_M_8,exchange_traded_funds
livesqlbench-base-full-v1,dev,exchange_traded_funds_M_9,exchange_traded_funds
livesqlbench-base-full-v1,dev,exchange_traded_funds_M_10,exchange_traded_funds
livesqlbench-base-full-v1,dev,disaster_relief_1,disaster_relief
livesqlbench-base-full-v1,dev,disaster_relief_2,disaster_relief
livesqlbench-base-full-v1,dev,disaster_relief_3,disaster_relief
livesqlbench-base-full-v1,dev,disaster_relief_4,disaster_relief
livesqlbench-base-full-v1,dev,disaster_relief_5,disaster_relief
livesqlbench-base-full-v1,dev,disaster_relief_6,disaster_relief
livesqlbench-base-full-v1,dev,disaster_relief_7,disaster_relief
livesqlbench-base-full-v1,dev,disaster_relief_8,disaster_relief
livesqlbench-base-full-v1,dev,disaster_relief_9,disaster_relief
livesqlbench-base-full-v1,dev,disaster_relief_10,disaster_relief
livesqlbench-base-full-v1,dev,disaster_relief_11,disaster_relief
livesqlbench-base-full-v1,dev,disaster_relief_12,disaster_relief
livesqlbench-base-full-v1,dev,disaster_relief_M_1,disaster_relief
livesqlbench-base-full-v1,dev,disaster_relief_M_2,disaster_relief
livesqlbench-base-full-v1,dev,disaster_relief_M_3,disaster_relief
livesqlbench-base-full-v1,dev,households_1,households
livesqlbench-base-full-v1,dev,households_2,households
livesqlbench-base-full-v1,dev,households_3,households
livesqlbench-base-full-v1,dev,households_4,households
livesqlbench-base-full-v1,dev,households_5,households
livesqlbench-base-full-v1,dev,households_6,households
livesqlbench-base-full-v1,dev,households_7,households
livesqlbench-base-full-v1,dev,households_8,households
livesqlbench-base-full-v1,dev,households_9,households
livesqlbench-base-full-v1,dev,households_10,households
livesqlbench-base-full-v1,dev,households_11,households
livesqlbench-base-full-v1,dev,households_12,households
livesqlbench-base-full-v1,dev,households_13,households
livesqlbench-base-full-v1,dev,households_14,households
livesqlbench-base-full-v1,dev,households_15,households
livesqlbench-base-full-v1,dev,households_16,households
livesqlbench-base-full-v1,dev,households_17,households
livesqlbench-base-full-v1,dev,households_18,households
livesqlbench-base-full-v1,dev,households_19,households
livesqlbench-base-full-v1,dev,households_20,households
livesqlbench-base-full-v1,dev,households_M_1,households
livesqlbench-base-full-v1,dev,households_M_2,households
livesqlbench-base-full-v1,dev,households_M_4,households
livesqlbench-base-full-v1,dev,households_M_5,households
livesqlbench-base-full-v1,dev,households_M_6,households
livesqlbench-base-full-v1,dev,households_M_7,households
livesqlbench-base-full-v1,dev,households_M_8,households
livesqlbench-base-full-v1,dev,households_M_9,households
livesqlbench-base-full-v1,dev,households_M_10,households
livesqlbench-base-full-v1,dev,planets_data_1,planets_data
livesqlbench-base-full-v1,dev,planets_data_2,planets_data
livesqlbench-base-full-v1,dev,planets_data_4,planets_data
livesqlbench-base-full-v1,dev,planets_data_5,planets_data
livesqlbench-base-full-v1,dev,planets_data_6,planets_data
livesqlbench-base-full-v1,dev,planets_data_7,planets_data
livesqlbench-base-full-v1,dev,planets_data_8,planets_data
livesqlbench-base-full-v1,dev,planets_data_9,planets_data
livesqlbench-base-full-v1,dev,planets_data_10,planets_data
livesqlbench-base-full-v1,dev,planets_data_11,planets_data
livesqlbench-base-full-v1,dev,planets_data_12,planets_data
livesqlbench-base-full-v1,dev,planets_data_13,planets_data
livesqlbench-base-full-v1,dev,planets_data_14,planets_data
livesqlbench-base-full-v1,dev,planets_data_15,planets_data
livesqlbench-base-full-v1,dev,planets_data_16,planets_data
livesqlbench-base-full-v1,dev,planets_data_17,planets_data
livesqlbench-base-full-v1,dev,planets_data_18,planets_data
livesqlbench-base-full-v1,dev,planets_data_19,planets_data
livesqlbench-base-full-v1,dev,planets_data_20,planets_data
livesqlbench-base-full-v1,dev,planets_data_M_1,planets_data
livesqlbench-base-full-v1,dev,planets_data_M_2,planets_data
livesqlbench-base-full-v1,dev,planets_data_M_3,planets_data
livesqlbench-base-full-v1,dev,planets_data_M_4,planets_data
livesqlbench-base-full-v1,dev,planets_data_M_5,planets_data
livesqlbench-base-full-v1,dev,planets_data_M_6,planets_data
livesqlbench-base-full-v1,dev,planets_data_M_7,planets_data
livesqlbench-base-full-v1,dev,planets_data_M_8,planets_data
livesqlbench-base-full-v1,dev,planets_data_M_9,planets_data
livesqlbench-base-full-v1,dev,planets_data_M_10,planets_data
livesqlbench-base-full-v1,dev,museum_artifact_1,museum_artifact
livesqlbench-base-full-v1,dev,museum_artifact_2,museum_artifact
livesqlbench-base-full-v1,dev,museum_artifact_3,museum_artifact
livesqlbench-base-full-v1,dev,museum_artifact_4,museum_artifact
livesqlbench-base-full-v1,dev,museum_artifact_5,museum_artifact
livesqlbench-base-full-v1,dev,museum_artifact_6,museum_artifact
livesqlbench-base-full-v1,dev,museum_artifact_7,museum_artifact
livesqlbench-base-full-v1,dev,museum_artifact_8,museum_artifact
livesqlbench-base-full-v1,dev,museum_artifact_9,museum_artifact
livesqlbench-base-full-v1,dev,museum_artifact_10,museum_artifact
livesqlbench-base-full-v1,dev,museum_artifact_11,museum_artifact
livesqlbench-base-full-v1,dev,museum_artifact_12,museum_artifact
livesqlbench-base-full-v1,dev,museum_artifact_13,museum_artifact
livesqlbench-base-full-v1,dev,museum_artifact_14,museum_artifact
livesqlbench-base-full-v1,dev,museum_artifact_15,museum_artifact
livesqlbench-base-full-v1,dev,museum_artifact_16,museum_artifact
livesqlbench-base-full-v1,dev,museum_artifact_17,museum_artifact
livesqlbench-base-full-v1,dev,museum_artifact_18,museum_artifact
livesqlbench-base-full-v1,dev,museum_artifact_19,museum_artifact
livesqlbench-base-full-v1,dev,museum_artifact_20,museum_artifact
livesqlbench-base-full-v1,dev,museum_artifact_M_1,museum_artifact
livesqlbench-base-full-v1,dev,museum_artifact_M_2,museum_artifact
livesqlbench-base-full-v1,dev,museum_artifact_M_3,museum_artifact
livesqlbench-base-full-v1,dev,museum_artifact_M_4,museum_artifact
livesqlbench-base-full-v1,dev,museum_artifact_M_5,museum_artifact
livesqlbench-base-full-v1,dev,museum_artifact_M_6,museum_artifact
livesqlbench-base-full-v1,dev,museum_artifact_M_7,museum_artifact
livesqlbench-base-full-v1,dev,museum_artifact_M_8,museum_artifact
livesqlbench-base-full-v1,dev,museum_artifact_M_9,museum_artifact
livesqlbench-base-full-v1,dev,museum_artifact_M_10,museum_artifact
livesqlbench-base-full-v1,dev,fake_account_1,fake_account
livesqlbench-base-full-v1,dev,fake_account_2,fake_account
livesqlbench-base-full-v1,dev,fake_account_3,fake_account
livesqlbench-base-full-v1,dev,fake_account_4,fake_account
livesqlbench-base-full-v1,dev,fake_account_5,fake_account
livesqlbench-base-full-v1,dev,fake_account_6,fake_account
livesqlbench-base-full-v1,dev,fake_account_7,fake_account
livesqlbench-base-full-v1,dev,fake_account_8,fake_account
livesqlbench-base-full-v1,dev,fake_account_9,fake_account
livesqlbench-base-full-v1,dev,fake_account_10,fake_account
livesqlbench-base-full-v1,dev,fake_account_M_1,fake_account
livesqlbench-base-full-v1,dev,fake_account_11,fake_account
livesqlbench-base-full-v1,dev,fake_account_12,fake_account
livesqlbench-base-full-v1,dev,fake_account_M_2,fake_account
livesqlbench-base-full-v1,dev,fake_account_13,fake_account
livesqlbench-base-full-v1,dev,fake_account_14,fake_account
livesqlbench-base-full-v1,dev,fake_account_15,fake_account
livesqlbench-base-full-v1,dev,fake_account_16,fake_account
livesqlbench-base-full-v1,dev,fake_account_17,fake_account
livesqlbench-base-full-v1,dev,fake_account_18,fake_account
livesqlbench-base-full-v1,dev,fake_account_19,fake_account
livesqlbench-base-full-v1,dev,fake_account_20,fake_account
livesqlbench-base-full-v1,dev,fake_account_21,fake_account
livesqlbench-base-full-v1,dev,fake_account_22,fake_account
livesqlbench-base-full-v1,dev,fake_account_23,fake_account
livesqlbench-base-full-v1,dev,fake_account_M_3,fake_account
livesqlbench-base-full-v1,dev,fake_account_24,fake_account
livesqlbench-base-full-v1,dev,fake_account_M_4,fake_account
livesqlbench-base-full-v1,dev,fake_account_M_5,fake_account
livesqlbench-base-full-v1,dev,fake_account_M_6,fake_account
livesqlbench-base-full-v1,dev,cold_chain_pharma_compliance_1,cold_chain_pharma_compliance
livesqlbench-base-full-v1,dev,cold_chain_pharma_compliance_2,cold_chain_pharma_compliance
livesqlbench-base-full-v1,dev,cold_chain_pharma_compliance_3,cold_chain_pharma_compliance
livesqlbench-base-full-v1,dev,cold_chain_pharma_compliance_4,cold_chain_pharma_compliance
livesqlbench-base-full-v1,dev,cold_chain_pharma_compliance_5,cold_chain_pharma_compliance
livesqlbench-base-full-v1,dev,cold_chain_pharma_compliance_6,cold_chain_pharma_compliance
livesqlbench-base-full-v1,dev,cold_chain_pharma_compliance_7,cold_chain_pharma_compliance
livesqlbench-base-full-v1,dev,cold_chain_pharma_compliance_8,cold_chain_pharma_compliance
livesqlbench-base-full-v1,dev,cold_chain_pharma_compliance_9,cold_chain_pharma_compliance
livesqlbench-base-full-v1,dev,cold_chain_pharma_compliance_10,cold_chain_pharma_compliance
livesqlbench-base-full-v1,dev,cold_chain_pharma_compliance_11,cold_chain_pharma_compliance
livesqlbench-base-full-v1,dev,cold_chain_pharma_compliance_14,cold_chain_pharma_compliance
livesqlbench-base-full-v1,dev,cold_chain_pharma_compliance_15,cold_chain_pharma_compliance
livesqlbench-base-full-v1,dev,cold_chain_pharma_compliance_16,cold_chain_pharma_compliance
livesqlbench-base-full-v1,dev,cold_chain_pharma_compliance_17,cold_chain_pharma_compliance
livesqlbench-base-full-v1,dev,cold_chain_pharma_compliance_18,cold_chain_pharma_compliance
livesqlbench-base-full-v1,dev,cold_chain_pharma_compliance_19,cold_chain_pharma_compliance
livesqlbench-base-full-v1,dev,cold_chain_pharma_compliance_20,cold_chain_pharma_compliance
livesqlbench-base-full-v1,dev,cold_chain_pharma_compliance_M_1,cold_chain_pharma_compliance
livesqlbench-base-full-v1,dev,cold_chain_pharma_compliance_M_2,cold_chain_pharma_compliance
livesqlbench-base-full-v1,dev,cold_chain_pharma_compliance_M_3,cold_chain_pharma_compliance
livesqlbench-base-full-v1,dev,cold_chain_pharma_compliance_M_4,cold_chain_pharma_compliance
livesqlbench-base-full-v1,dev,cold_chain_pharma_compliance_M_5,cold_chain_pharma_compliance
livesqlbench-base-full-v1,dev,cold_chain_pharma_compliance_M_6,cold_chain_pharma_compliance
livesqlbench-base-full-v1,dev,cold_chain_pharma_compliance_M_7,cold_chain_pharma_compliance
livesqlbench-base-full-v1,dev,cold_chain_pharma_compliance_M_8,cold_chain_pharma_compliance
livesqlbench-base-full-v1,dev,cold_chain_pharma_compliance_M_9,cold_chain_pharma_compliance
livesqlbench-base-full-v1,dev,cold_chain_pharma_compliance_M_10,cold_chain_pharma_compliance
livesqlbench-base-lite-sqlite,dev,alien_1,alien
livesqlbench-base-lite-sqlite,dev,alien_10,alien
livesqlbench-base-lite-sqlite,dev,alien_2,alien
livesqlbench-base-lite-sqlite,dev,alien_3,alien
livesqlbench-base-lite-sqlite,dev,alien_4,alien
livesqlbench-base-lite-sqlite,dev,alien_5,alien
livesqlbench-base-lite-sqlite,dev,alien_6,alien
livesqlbench-base-lite-sqlite,dev,alien_7,alien
livesqlbench-base-lite-sqlite,dev,alien_8,alien
livesqlbench-base-lite-sqlite,dev,alien_9,alien
livesqlbench-base-lite-sqlite,dev,alien_M_1,alien
livesqlbench-base-lite-sqlite,dev,alien_M_2,alien
livesqlbench-base-lite-sqlite,dev,alien_M_3,alien
livesqlbench-base-lite-sqlite,dev,alien_M_4,alien
livesqlbench-base-lite-sqlite,dev,alien_M_5,alien
livesqlbench-base-lite-sqlite,dev,archeology_1,archeology
livesqlbench-base-lite-sqlite,dev,archeology_10,archeology
livesqlbench-base-lite-sqlite,dev,archeology_2,archeology
livesqlbench-base-lite-sqlite,dev,archeology_3,archeology
livesqlbench-base-lite-sqlite,dev,archeology_4,archeology
livesqlbench-base-lite-sqlite,dev,archeology_5,archeology
livesqlbench-base-lite-sqlite,dev,archeology_6,archeology
livesqlbench-base-lite-sqlite,dev,archeology_7,archeology
livesqlbench-base-lite-sqlite,dev,archeology_8,archeology
livesqlbench-base-lite-sqlite,dev,archeology_9,archeology
livesqlbench-base-lite-sqlite,dev,archeology_M_1,archeology
livesqlbench-base-lite-sqlite,dev,archeology_M_2,archeology
livesqlbench-base-lite-sqlite,dev,archeology_M_3,archeology
livesqlbench-base-lite-sqlite,dev,archeology_M_4,archeology
livesqlbench-base-lite-sqlite,dev,archeology_M_5,archeology
livesqlbench-base-lite-sqlite,dev,credit_1,credit
livesqlbench-base-lite-sqlite,dev,credit_10,credit
livesqlbench-base-lite-sqlite,dev,credit_2,credit
livesqlbench-base-lite-sqlite,dev,credit_3,credit
livesqlbench-base-lite-sqlite,dev,credit_4,credit
livesqlbench-base-lite-sqlite,dev,credit_5,credit
livesqlbench-base-lite-sqlite,dev,credit_6,credit
livesqlbench-base-lite-sqlite,dev,credit_7,credit
livesqlbench-base-lite-sqlite,dev,credit_8,credit
livesqlbench-base-lite-sqlite,dev,credit_9,credit
livesqlbench-base-lite-sqlite,dev,credit_M_1,credit
livesqlbench-base-lite-sqlite,dev,credit_M_2,credit
livesqlbench-base-lite-sqlite,dev,credit_M_3,credit
livesqlbench-base-lite-sqlite,dev,credit_M_4,credit
livesqlbench-base-lite-sqlite,dev,credit_M_5,credit
livesqlbench-base-lite-sqlite,dev,cross_db_1,cross_db
livesqlbench-base-lite-sqlite,dev,cross_db_10,cross_db
livesqlbench-base-lite-sqlite,dev,cross_db_2,cross_db
livesqlbench-base-lite-sqlite,dev,cross_db_3,cross_db
livesqlbench-base-lite-sqlite,dev,cross_db_4,cross_db
livesqlbench-base-lite-sqlite,dev,cross_db_5,cross_db
livesqlbench-base-lite-sqlite,dev,cross_db_6,cross_db
livesqlbench-base-lite-sqlite,dev,cross_db_7,cross_db
livesqlbench-base-lite-sqlite,dev,cross_db_8,cross_db
livesqlbench-base-lite-sqlite,dev,cross_db_9,cross_db
livesqlbench-base-lite-sqlite,dev,cross_db_M_1,cross_db
livesqlbench-base-lite-sqlite,dev,cross_db_M_2,cross_db
livesqlbench-base-lite-sqlite,dev,cross_db_M_3,cross_db
livesqlbench-base-lite-sqlite,dev,cross_db_M_4,cross_db
livesqlbench-base-lite-sqlite,dev,cross_db_M_5,cross_db
livesqlbench-base-lite-sqlite,dev,crypto_1,crypto
livesqlbench-base-lite-sqlite,dev,crypto_10,crypto
livesqlbench-base-lite-sqlite,dev,crypto_2,crypto
livesqlbench-base-lite-sqlite,dev,crypto_3,crypto
livesqlbench-base-lite-sqlite,dev,crypto_4,crypto
livesqlbench-base-lite-sqlite,dev,crypto_5,crypto
livesqlbench-base-lite-sqlite,dev,crypto_6,crypto
livesqlbench-base-lite-sqlite,dev,crypto_7,crypto
livesqlbench-base-lite-sqlite,dev,crypto_8,crypto
livesqlbench-base-lite-sqlite,dev,crypto_9,crypto
livesqlbench-base-lite-sqlite,dev,crypto_M_1,crypto
livesqlbench-base-lite-sqlite,dev,crypto_M_2,crypto
livesqlbench-base-lite-sqlite,dev,crypto_M_3,crypto
livesqlbench-base-lite-sqlite,dev,crypto_M_4,crypto
livesqlbench-base-lite-sqlite,dev,crypto_M_5,crypto
livesqlbench-base-lite-sqlite,dev,cybermarket_1,cybermarket
livesqlbench-base-lite-sqlite,dev,cybermarket_10,cybermarket
livesqlbench-base-lite-sqlite,dev,cybermarket_2,cybermarket
livesqlbench-base-lite-sqlite,dev,cybermarket_3,cybermarket
livesqlbench-base-lite-sqlite,dev,cybermarket_4,cybermarket
livesqlbench-base-lite-sqlite,dev,cybermarket_5,cybermarket
livesqlbench-base-lite-sqlite,dev,cybermarket_6,cybermarket
livesqlbench-base-lite-sqlite,dev,cybermarket_7,cybermarket
livesqlbench-base-lite-sqlite,dev,cybermarket_8,cybermarket
livesqlbench-base-lite-sqlite,dev,cybermarket_9,cybermarket
livesqlbench-base-lite-sqlite,dev,cybermarket_M_1,cybermarket
livesqlbench-base-lite-sqlite,dev,cybermarket_M_2,cybermarket
livesqlbench-base-lite-sqlite,dev,cybermarket_M_3,cybermarket
livesqlbench-base-lite-sqlite,dev,cybermarket_M_4,cybermarket
livesqlbench-base-lite-sqlite,dev,cybermarket_M_5,cybermarket
livesqlbench-base-lite-sqlite,dev,disaster_1,disaster
livesqlbench-base-lite-sqlite,dev,disaster_10,disaster
livesqlbench-base-lite-sqlite,dev,disaster_2,disaster
livesqlbench-base-lite-sqlite,dev,disaster_3,disaster
livesqlbench-base-lite-sqlite,dev,disaster_4,disaster
livesqlbench-base-lite-sqlite,dev,disaster_5,disaster
livesqlbench-base-lite-sqlite,dev,disaster_6,disaster
livesqlbench-base-lite-sqlite,dev,disaster_7,disaster
livesqlbench-base-lite-sqlite,dev,disaster_8,disaster
livesqlbench-base-lite-sqlite,dev,disaster_9,disaster
livesqlbench-base-lite-sqlite,dev,disaster_M_1,disaster
livesqlbench-base-lite-sqlite,dev,disaster_M_2,disaster
livesqlbench-base-lite-sqlite,dev,disaster_M_3,disaster
livesqlbench-base-lite-sqlite,dev,disaster_M_4,disaster
livesqlbench-base-lite-sqlite,dev,disaster_M_5,disaster
livesqlbench-base-lite-sqlite,dev,fake_1,fake
livesqlbench-base-lite-sqlite,dev,fake_10,fake
livesqlbench-base-lite-sqlite,dev,fake_2,fake
livesqlbench-base-lite-sqlite,dev,fake_3,fake
livesqlbench-base-lite-sqlite,dev,fake_4,fake
livesqlbench-base-lite-sqlite,dev,fake_5,fake
livesqlbench-base-lite-sqlite,dev,fake_6,fake
livesqlbench-base-lite-sqlite,dev,fake_7,fake
livesqlbench-base-lite-sqlite,dev,fake_8,fake
livesqlbench-base-lite-sqlite,dev,fake_9,fake
livesqlbench-base-lite-sqlite,dev,fake_M_1,fake
livesqlbench-base-lite-sqlite,dev,fake_M_2,fake
livesqlbench-base-lite-sqlite,dev,fake_M_3,fake
livesqlbench-base-lite-sqlite,dev,fake_M_4,fake
livesqlbench-base-lite-sqlite,dev,fake_M_5,fake
livesqlbench-base-lite-sqlite,dev,gaming_1,gaming
livesqlbench-base-lite-sqlite,dev,gaming_10,gaming
livesqlbench-base-lite-sqlite,dev,gaming_2,gaming
livesqlbench-base-lite-sqlite,dev,gaming_3,gaming
livesqlbench-base-lite-sqlite,dev,gaming_4,gaming
livesqlbench-base-lite-sqlite,dev,gaming_5,gaming
livesqlbench-base-lite-sqlite,dev,gaming_6,gaming
livesqlbench-base-lite-sqlite,dev,gaming_7,gaming
livesqlbench-base-lite-sqlite,dev,gaming_8,gaming
livesqlbench-base-lite-sqlite,dev,gaming_9,gaming
livesqlbench-base-lite-sqlite,dev,gaming_M_1,gaming
livesqlbench-base-lite-sqlite,dev,gaming_M_2,gaming
livesqlbench-base-lite-sqlite,dev,gaming_M_3,gaming
livesqlbench-base-lite-sqlite,dev,gaming_M_4,gaming
livesqlbench-base-lite-sqlite,dev,gaming_M_5,gaming
livesqlbench-base-lite-sqlite,dev,insider_1,insider
livesqlbench-base-lite-sqlite,dev,insider_10,insider
livesqlbench-base-lite-sqlite,dev,insider_2,insider
livesqlbench-base-lite-sqlite,dev,insider_3,insider
livesqlbench-base-lite-sqlite,dev,insider_4,insider
livesqlbench-base-lite-sqlite,dev,insider_5,insider
livesqlbench-base-lite-sqlite,dev,insider_6,insider
livesqlbench-base-lite-sqlite,dev,insider_7,insider
livesqlbench-base-lite-sqlite,dev,insider_8,insider
livesqlbench-base-lite-sqlite,dev,insider_9,insider
livesqlbench-base-lite-sqlite,dev,insider_M_1,insider
livesqlbench-base-lite-sqlite,dev,insider_M_2,insider
livesqlbench-base-lite-sqlite,dev,insider_M_3,insider
livesqlbench-base-lite-sqlite,dev,insider_M_4,insider
livesqlbench-base-lite-sqlite,dev,insider_M_5,insider
livesqlbench-base-lite-sqlite,dev,mental_1,mental
livesqlbench-base-lite-sqlite,dev,mental_10,mental
livesqlbench-base-lite-sqlite,dev,mental_2,mental
livesqlbench-base-lite-sqlite,dev,mental_3,mental
livesqlbench-base-lite-sqlite,dev,mental_4,mental
livesqlbench-base-lite-sqlite,dev,mental_5,mental
livesqlbench-base-lite-sqlite,dev,mental_6,mental
livesqlbench-base-lite-sqlite,dev,mental_7,mental
livesqlbench-base-lite-sqlite,dev,mental_8,mental
livesqlbench-base-lite-sqlite,dev,mental_9,mental
livesqlbench-base-lite-sqlite,dev,mental_M_1,mental
livesqlbench-base-lite-sqlite,dev,mental_M_2,mental
livesqlbench-base-lite-sqlite,dev,mental_M_3,mental
livesqlbench-base-lite-sqlite,dev,mental_M_4,mental
livesqlbench-base-lite-sqlite,dev,mental_M_5,mental
livesqlbench-base-lite-sqlite,dev,museum_1,museum
livesqlbench-base-lite-sqlite,dev,museum_10,museum
livesqlbench-base-lite-sqlite,dev,museum_2,museum
livesqlbench-base-lite-sqlite,dev,museum_3,museum
livesqlbench-base-lite-sqlite,dev,museum_4,museum
livesqlbench-base-lite-sqlite,dev,museum_5,museum
livesqlbench-base-lite-sqlite,dev,museum_6,museum
livesqlbench-base-lite-sqlite,dev,museum_7,museum
livesqlbench-base-lite-sqlite,dev,museum_8,museum
livesqlbench-base-lite-sqlite,dev,museum_9,museum
livesqlbench-base-lite-sqlite,dev,museum_M_1,museum
livesqlbench-base-lite-sqlite,dev,museum_M_2,museum
livesqlbench-base-lite-sqlite,dev,museum_M_3,museum
livesqlbench-base-lite-sqlite,dev,museum_M_4,museum
livesqlbench-base-lite-sqlite,dev,museum_M_5,museum
livesqlbench-base-lite-sqlite,dev,news_1,news
livesqlbench-base-lite-sqlite,dev,news_10,news
livesqlbench-base-lite-sqlite,dev,news_2,news
livesqlbench-base-lite-sqlite,dev,news_3,news
livesqlbench-base-lite-sqlite,dev,news_4,news
livesqlbench-base-lite-sqlite,dev,news_5,news
livesqlbench-base-lite-sqlite,dev,news_6,news
livesqlbench-base-lite-sqlite,dev,news_7,news
livesqlbench-base-lite-sqlite,dev,news_8,news
livesqlbench-base-lite-sqlite,dev,news_9,news
livesqlbench-base-lite-sqlite,dev,news_M_1,news
livesqlbench-base-lite-sqlite,dev,news_M_2,news
livesqlbench-base-lite-sqlite,dev,news_M_3,news
livesqlbench-base-lite-sqlite,dev,news_M_4,news
livesqlbench-base-lite-sqlite,dev,news_M_5,news
livesqlbench-base-lite-sqlite,dev,polar_1,polar
livesqlbench-base-lite-sqlite,dev,polar_10,polar
livesqlbench-base-lite-sqlite,dev,polar_2,polar
livesqlbench-base-lite-sqlite,dev,polar_3,polar
livesqlbench-base-lite-sqlite,dev,polar_4,polar
livesqlbench-base-lite-sqlite,dev,polar_5,polar
livesqlbench-base-lite-sqlite,dev,polar_6,polar
livesqlbench-base-lite-sqlite,dev,polar_7,polar
livesqlbench-base-lite-sqlite,dev,polar_8,polar
livesqlbench-base-lite-sqlite,dev,polar_9,polar
livesqlbench-base-lite-sqlite,dev,polar_M_1,polar
livesqlbench-base-lite-sqlite,dev,polar_M_2,polar
livesqlbench-base-lite-sqlite,dev,polar_M_3,polar
livesqlbench-base-lite-sqlite,dev,polar_M_4,polar
livesqlbench-base-lite-sqlite,dev,polar_M_5,polar
livesqlbench-base-lite-sqlite,dev,robot_1,robot
livesqlbench-base-lite-sqlite,dev,robot_10,robot
livesqlbench-base-lite-sqlite,dev,robot_2,robot
livesqlbench-base-lite-sqlite,dev,robot_3,robot
livesqlbench-base-lite-sqlite,dev,robot_4,robot
livesqlbench-base-lite-sqlite,dev,robot_5,robot
livesqlbench-base-lite-sqlite,dev,robot_6,robot
livesqlbench-base-lite-sqlite,dev,robot_7,robot
livesqlbench-base-lite-sqlite,dev,robot_8,robot
livesqlbench-base-lite-sqlite,dev,robot_9,robot
livesqlbench-base-lite-sqlite,dev,robot_M_1,robot
livesqlbench-base-lite-sqlite,dev,robot_M_2,robot
livesqlbench-base-lite-sqlite,dev,robot_M_3,robot
livesqlbench-base-lite-sqlite,dev,robot_M_4,robot
livesqlbench-base-lite-sqlite,dev,robot_M_5,robot
livesqlbench-base-lite-sqlite,dev,solar_1,solar
livesqlbench-base-lite-sqlite,dev,solar_10,solar
livesqlbench-base-lite-sqlite,dev,solar_2,solar
livesqlbench-base-lite-sqlite,dev,solar_3,solar
livesqlbench-base-lite-sqlite,dev,solar_4,solar
livesqlbench-base-lite-sqlite,dev,solar_5,solar
livesqlbench-base-lite-sqlite,dev,solar_6,solar
livesqlbench-base-lite-sqlite,dev,solar_7,solar
livesqlbench-base-lite-sqlite,dev,solar_8,solar
livesqlbench-base-lite-sqlite,dev,solar_9,solar
livesqlbench-base-lite-sqlite,dev,solar_M_1,solar
livesqlbench-base-lite-sqlite,dev,solar_M_2,solar
livesqlbench-base-lite-sqlite,dev,solar_M_3,solar
livesqlbench-base-lite-sqlite,dev,solar_M_4,solar
livesqlbench-base-lite-sqlite,dev,solar_M_5,solar
livesqlbench-base-lite-sqlite,dev,vaccine_1,vaccine
livesqlbench-base-lite-sqlite,dev,vaccine_10,vaccine
livesqlbench-base-lite-sqlite,dev,vaccine_2,vaccine
livesqlbench-base-lite-sqlite,dev,vaccine_3,vaccine
livesqlbench-base-lite-sqlite,dev,vaccine_4,vaccine
livesqlbench-base-lite-sqlite,dev,vaccine_5,vaccine
livesqlbench-base-lite-sqlite,dev,vaccine_6,vaccine
livesqlbench-base-lite-sqlite,dev,vaccine_7,vaccine
livesqlbench-base-lite-sqlite,dev,vaccine_8,vaccine
livesqlbench-base-lite-sqlite,dev,vaccine_9,vaccine
livesqlbench-base-lite-sqlite,dev,vaccine_M_1,vaccine
livesqlbench-base-lite-sqlite,dev,vaccine_M_2,vaccine
livesqlbench-base-lite-sqlite,dev,vaccine_M_3,vaccine
livesqlbench-base-lite-sqlite,dev,vaccine_M_4,vaccine
livesqlbench-base-lite-sqlite,dev,vaccine_M_5,vaccine
livesqlbench-base-lite-sqlite,dev,virtual_1,virtual
livesqlbench-base-lite-sqlite,dev,virtual_10,virtual
livesqlbench-base-lite-sqlite,dev,virtual_2,virtual
livesqlbench-base-lite-sqlite,dev,virtual_3,virtual
livesqlbench-base-lite-sqlite,dev,virtual_4,virtual
livesqlbench-base-lite-sqlite,dev,virtual_5,virtual
livesqlbench-base-lite-sqlite,dev,virtual_6,virtual
livesqlbench-base-lite-sqlite,dev,virtual_7,virtual
livesqlbench-base-lite-sqlite,dev,virtual_8,virtual
livesqlbench-base-lite-sqlite,dev,virtual_9,virtual
livesqlbench-base-lite-sqlite,dev,virtual_M_1,virtual
livesqlbench-base-lite-sqlite,dev,virtual_M_2,virtual
livesqlbench-base-lite-sqlite,dev,virtual_M_3,virtual
livesqlbench-base-lite-sqlite,dev,virtual_M_4,virtual
livesqlbench-base-lite-sqlite,dev,virtual_M_5,virtual
livesqlbench-base-lite,dev,alien_1,alien
livesqlbench-base-lite,dev,alien_2,alien
livesqlbench-base-lite,dev,alien_3,alien
livesqlbench-base-lite,dev,alien_4,alien
livesqlbench-base-lite,dev,alien_5,alien
livesqlbench-base-lite,dev,alien_6,alien
livesqlbench-base-lite,dev,alien_7,alien
livesqlbench-base-lite,dev,alien_8,alien
livesqlbench-base-lite,dev,alien_9,alien
livesqlbench-base-lite,dev,alien_10,alien
livesqlbench-base-lite,dev,alien_M_1,alien
livesqlbench-base-lite,dev,alien_M_2,alien
livesqlbench-base-lite,dev,alien_M_3,alien
livesqlbench-base-lite,dev,alien_M_4,alien
livesqlbench-base-lite,dev,alien_M_5,alien
livesqlbench-base-lite,dev,archeology_1,archeology
livesqlbench-base-lite,dev,archeology_2,archeology
livesqlbench-base-lite,dev,archeology_3,archeology
livesqlbench-base-lite,dev,archeology_4,archeology
livesqlbench-base-lite,dev,archeology_5,archeology
livesqlbench-base-lite,dev,archeology_6,archeology
livesqlbench-base-lite,dev,archeology_7,archeology
livesqlbench-base-lite,dev,archeology_8,archeology
livesqlbench-base-lite,dev,archeology_9,archeology
livesqlbench-base-lite,dev,archeology_10,archeology
livesqlbench-base-lite,dev,archeology_M_1,archeology
livesqlbench-base-lite,dev,archeology_M_2,archeology
livesqlbench-base-lite,dev,archeology_M_3,archeology
livesqlbench-base-lite,dev,archeology_M_4,archeology
livesqlbench-base-lite,dev,archeology_M_5,archeology
livesqlbench-base-lite,dev,cross_db_1,cross_db
livesqlbench-base-lite,dev,cross_db_2,cross_db
livesqlbench-base-lite,dev,cross_db_3,cross_db
livesqlbench-base-lite,dev,cross_db_4,cross_db
livesqlbench-base-lite,dev,cross_db_5,cross_db
livesqlbench-base-lite,dev,cross_db_6,cross_db
livesqlbench-base-lite,dev,cross_db_7,cross_db
livesqlbench-base-lite,dev,cross_db_8,cross_db
livesqlbench-base-lite,dev,cross_db_9,cross_db
livesqlbench-base-lite,dev,cross_db_10,cross_db
livesqlbench-base-lite,dev,cross_db_M_1,cross_db
livesqlbench-base-lite,dev,cross_db_M_2,cross_db
livesqlbench-base-lite,dev,cross_db_M_3,cross_db
livesqlbench-base-lite,dev,cross_db_M_4,cross_db
livesqlbench-base-lite,dev,cross_db_M_5,cross_db
livesqlbench-base-lite,dev,polar_1,polar
livesqlbench-base-lite,dev,polar_2,polar
livesqlbench-base-lite,dev,polar_3,polar
livesqlbench-base-lite,dev,polar_4,polar
livesqlbench-base-lite,dev,polar_5,polar
livesqlbench-base-lite,dev,polar_6,polar
livesqlbench-base-lite,dev,polar_7,polar
livesqlbench-base-lite,dev,polar_8,polar
livesqlbench-base-lite,dev,polar_9,polar
livesqlbench-base-lite,dev,polar_10,polar
livesqlbench-base-lite,dev,polar_M_1,polar
livesqlbench-base-lite,dev,polar_M_2,polar
livesqlbench-base-lite,dev,polar_M_3,polar
livesqlbench-base-lite,dev,polar_M_4,polar
livesqlbench-base-lite,dev,polar_M_5,polar
livesqlbench-base-lite,dev,gaming_1,gaming
livesqlbench-base-lite,dev,gaming_2,gaming
livesqlbench-base-lite,dev,gaming_3,gaming
livesqlbench-base-lite,dev,gaming_4,gaming
livesqlbench-base-lite,dev,gaming_5,gaming
livesqlbench-base-lite,dev,gaming_6,gaming
livesqlbench-base-lite,dev,gaming_7,gaming
livesqlbench-base-lite,dev,gaming_8,gaming
livesqlbench-base-lite,dev,gaming_9,gaming
livesqlbench-base-lite,dev,gaming_10,gaming
livesqlbench-base-lite,dev,gaming_M_1,gaming
livesqlbench-base-lite,dev,gaming_M_2,gaming
livesqlbench-base-lite,dev,gaming_M_3,gaming
livesqlbench-base-lite,dev,gaming_M_4,gaming
livesqlbench-base-lite,dev,gaming_M_5,gaming
livesqlbench-base-lite,dev,credit_1,credit
livesqlbench-base-lite,dev,credit_2,credit
livesqlbench-base-lite,dev,credit_3,credit
livesqlbench-base-lite,dev,credit_4,credit
livesqlbench-base-lite,dev,credit_5,credit
livesqlbench-base-lite,dev,credit_6,credit
livesqlbench-base-lite,dev,credit_7,credit
livesqlbench-base-lite,dev,credit_8,credit
livesqlbench-base-lite,dev,credit_9,credit
livesqlbench-base-lite,dev,credit_10,credit
livesqlbench-base-lite,dev,credit_M_1,credit
livesqlbench-base-lite,dev,credit_M_2,credit
livesqlbench-base-lite,dev,credit_M_3,credit
livesqlbench-base-lite,dev,credit_M_4,credit
livesqlbench-base-lite,dev,credit_M_5,credit
livesqlbench-base-lite,dev,cybermarket_1,cybermarket
livesqlbench-base-lite,dev,cybermarket_2,cybermarket
livesqlbench-base-lite,dev,cybermarket_3,cybermarket
livesqlbench-base-lite,dev,cybermarket_4,cybermarket
livesqlbench-base-lite,dev,cybermarket_5,cybermarket
livesqlbench-base-lite,dev,cybermarket_6,cybermarket
livesqlbench-base-lite,dev,cybermarket_7,cybermarket
livesqlbench-base-lite,dev,cybermarket_8,cybermarket
livesqlbench-base-lite,dev,cybermarket_9,cybermarket
livesqlbench-base-lite,dev,cybermarket_10,cybermarket
livesqlbench-base-lite,dev,cybermarket_M_1,cybermarket
livesqlbench-base-lite,dev,cybermarket_M_2,cybermarket
livesqlbench-base-lite,dev,cybermarket_M_3,cybermarket
livesqlbench-base-lite,dev,cybermarket_M_4,cybermarket
livesqlbench-base-lite,dev,cybermarket_M_5,cybermarket
livesqlbench-base-lite,dev,museum_1,museum
livesqlbench-base-lite,dev,museum_2,museum
livesqlbench-base-lite,dev,museum_3,museum
livesqlbench-base-lite,dev,museum_4,museum
livesqlbench-base-lite,dev,museum_5,museum
livesqlbench-base-lite,dev,museum_6,museum
livesqlbench-base-lite,dev,museum_7,museum
livesqlbench-base-lite,dev,museum_8,museum
livesqlbench-base-lite,dev,museum_9,museum
livesqlbench-base-lite,dev,museum_10,museum
livesqlbench-base-lite,dev,museum_M_1,museum
livesqlbench-base-lite,dev,museum_M_2,museum
livesqlbench-base-lite,dev,museum_M_3,museum
livesqlbench-base-lite,dev,museum_M_4,museum
livesqlbench-base-lite,dev,museum_M_5,museum
livesqlbench-base-lite,dev,solar_1,solar
livesqlbench-base-lite,dev,solar_2,solar
livesqlbench-base-lite,dev,solar_3,solar
livesqlbench-base-lite,dev,solar_4,solar
livesqlbench-base-lite,dev,solar_5,solar
livesqlbench-base-lite,dev,solar_6,solar
livesqlbench-base-lite,dev,solar_7,solar
livesqlbench-base-lite,dev,solar_8,solar
livesqlbench-base-lite,dev,solar_9,solar
livesqlbench-base-lite,dev,solar_10,solar
livesqlbench-base-lite,dev,solar_M_1,solar
livesqlbench-base-lite,dev,solar_M_2,solar
livesqlbench-base-lite,dev,solar_M_3,solar
livesqlbench-base-lite,dev,solar_M_4,solar
livesqlbench-base-lite,dev,solar_M_5,solar
livesqlbench-base-lite,dev,mental_1,mental
livesqlbench-base-lite,dev,mental_2,mental
livesqlbench-base-lite,dev,mental_3,mental
livesqlbench-base-lite,dev,mental_4,mental
livesqlbench-base-lite,dev,mental_5,mental
livesqlbench-base-lite,dev,mental_6,mental
livesqlbench-base-lite,dev,mental_7,mental
livesqlbench-base-lite,dev,mental_8,mental
livesqlbench-base-lite,dev,mental_9,mental
livesqlbench-base-lite,dev,mental_10,mental
livesqlbench-base-lite,dev,mental_M_1,mental
livesqlbench-base-lite,dev,mental_M_2,mental
livesqlbench-base-lite,dev,mental_M_3,mental
livesqlbench-base-lite,dev,mental_M_4,mental
livesqlbench-base-lite,dev,mental_M_5,mental
livesqlbench-base-lite,dev,news_1,news
livesqlbench-base-lite,dev,news_2,news
livesqlbench-base-lite,dev,news_3,news
livesqlbench-base-lite,dev,news_4,news
livesqlbench-base-lite,dev,news_5,news
livesqlbench-base-lite,dev,news_6,news
livesqlbench-base-lite,dev,news_7,news
livesqlbench-base-lite,dev,news_8,news
livesqlbench-base-lite,dev,news_9,news
livesqlbench-base-lite,dev,news_10,news
livesqlbench-base-lite,dev,news_M_1,news
livesqlbench-base-lite,dev,news_M_2,news
livesqlbench-base-lite,dev,news_M_3,news
livesqlbench-base-lite,dev,news_M_4,news
livesqlbench-base-lite,dev,news_M_5,news
livesqlbench-base-lite,dev,crypto_1,crypto
livesqlbench-base-lite,dev,crypto_2,crypto
livesqlbench-base-lite,dev,crypto_3,crypto
livesqlbench-base-lite,dev,crypto_4,crypto
livesqlbench-base-lite,dev,crypto_5,crypto
livesqlbench-base-lite,dev,crypto_6,crypto
livesqlbench-base-lite,dev,crypto_7,crypto
livesqlbench-base-lite,dev,crypto_8,crypto
livesqlbench-base-lite,dev,crypto_9,crypto
livesqlbench-base-lite,dev,crypto_10,crypto
livesqlbench-base-lite,dev,crypto_M_1,crypto
livesqlbench-base-lite,dev,crypto_M_2,crypto
livesqlbench-base-lite,dev,crypto_M_3,crypto
livesqlbench-base-lite,dev,crypto_M_4,crypto
livesqlbench-base-lite,dev,crypto_M_5,crypto
livesqlbench-base-lite,dev,insider_1,insider
livesqlbench-base-lite,dev,insider_2,insider
livesqlbench-base-lite,dev,insider_3,insider
livesqlbench-base-lite,dev,insider_4,insider
livesqlbench-base-lite,dev,insider_5,insider
livesqlbench-base-lite,dev,insider_6,insider
livesqlbench-base-lite,dev,insider_7,insider
livesqlbench-base-lite,dev,insider_8,insider
livesqlbench-base-lite,dev,insider_9,insider
livesqlbench-base-lite,dev,insider_10,insider
livesqlbench-base-lite,dev,insider_M_1,insider
livesqlbench-base-lite,dev,insider_M_2,insider
livesqlbench-base-lite,dev,insider_M_3,insider
livesqlbench-base-lite,dev,insider_M_4,insider
livesqlbench-base-lite,dev,insider_M_5,insider
livesqlbench-base-lite,dev,vaccine_1,vaccine
livesqlbench-base-lite,dev,vaccine_2,vaccine
livesqlbench-base-lite,dev,vaccine_3,vaccine
livesqlbench-base-lite,dev,vaccine_4,vaccine
livesqlbench-base-lite,dev,vaccine_5,vaccine
livesqlbench-base-lite,dev,vaccine_6,vaccine
livesqlbench-base-lite,dev,vaccine_7,vaccine
livesqlbench-base-lite,dev,vaccine_8,vaccine
livesqlbench-base-lite,dev,vaccine_9,vaccine
livesqlbench-base-lite,dev,vaccine_10,vaccine
livesqlbench-base-lite,dev,vaccine_M_1,vaccine
livesqlbench-base-lite,dev,vaccine_M_2,vaccine
livesqlbench-base-lite,dev,vaccine_M_3,vaccine
livesqlbench-base-lite,dev,vaccine_M_4,vaccine
livesqlbench-base-lite,dev,vaccine_M_5,vaccine
livesqlbench-base-lite,dev,robot_1,robot
livesqlbench-base-lite,dev,robot_2,robot
livesqlbench-base-lite,dev,robot_3,robot
livesqlbench-base-lite,dev,robot_4,robot
livesqlbench-base-lite,dev,robot_5,robot
livesqlbench-base-lite,dev,robot_6,robot
livesqlbench-base-lite,dev,robot_7,robot
livesqlbench-base-lite,dev,robot_8,robot
livesqlbench-base-lite,dev,robot_9,robot
livesqlbench-base-lite,dev,robot_10,robot
livesqlbench-base-lite,dev,robot_M_1,robot
livesqlbench-base-lite,dev,robot_M_2,robot
livesqlbench-base-lite,dev,robot_M_3,robot
livesqlbench-base-lite,dev,robot_M_4,robot
livesqlbench-base-lite,dev,robot_M_5,robot
livesqlbench-base-lite,dev,disaster_1,disaster
livesqlbench-base-lite,dev,disaster_2,disaster
livesqlbench-base-lite,dev,disaster_3,disaster
livesqlbench-base-lite,dev,disaster_4,disaster
livesqlbench-base-lite,dev,disaster_5,disaster
livesqlbench-base-lite,dev,disaster_6,disaster
livesqlbench-base-lite,dev,disaster_7,disaster
livesqlbench-base-lite,dev,disaster_8,disaster
livesqlbench-base-lite,dev,disaster_9,disaster
livesqlbench-base-lite,dev,disaster_10,disaster
livesqlbench-base-lite,dev,disaster_M_1,disaster
livesqlbench-base-lite,dev,disaster_M_2,disaster
livesqlbench-base-lite,dev,disaster_M_3,disaster
livesqlbench-base-lite,dev,disaster_M_4,disaster
livesqlbench-base-lite,dev,disaster_M_5,disaster
livesqlbench-base-lite,dev,fake_1,fake
livesqlbench-base-lite,dev,fake_2,fake
livesqlbench-base-lite,dev,fake_3,fake
livesqlbench-base-lite,dev,fake_4,fake
livesqlbench-base-lite,dev,fake_5,fake
livesqlbench-base-lite,dev,fake_6,fake
livesqlbench-base-lite,dev,fake_7,fake
livesqlbench-base-lite,dev,fake_8,fake
livesqlbench-base-lite,dev,fake_9,fake
livesqlbench-base-lite,dev,fake_10,fake
livesqlbench-base-lite,dev,fake_M_1,fake
livesqlbench-base-lite,dev,fake_M_2,fake
livesqlbench-base-lite,dev,fake_M_3,fake
livesqlbench-base-lite,dev,fake_M_4,fake
livesqlbench-base-lite,dev,fake_M_5,fake
livesqlbench-base-lite,dev,virtual_1,virtual
livesqlbench-base-lite,dev,virtual_2,virtual
livesqlbench-base-lite,dev,virtual_3,virtual
livesqlbench-base-lite,dev,virtual_4,virtual
livesqlbench-base-lite,dev,virtual_5,virtual
livesqlbench-base-lite,dev,virtual_6,virtual
livesqlbench-base-lite,dev,virtual_7,virtual
livesqlbench-base-lite,dev,virtual_8,virtual
livesqlbench-base-lite,dev,virtual_9,virtual
livesqlbench-base-lite,dev,virtual_10,virtual
livesqlbench-base-lite,dev,virtual_M_1,virtual
livesqlbench-base-lite,dev,virtual_M_2,virtual
livesqlbench-base-lite,dev,virtual_M_3,virtual
livesqlbench-base-lite,dev,virtual_M_4,virtual
livesqlbench-base-lite,dev,virtual_M_5,virtual
livesqlbench-large-v1,dev,solar_panel_1,solar_panel_large
livesqlbench-large-v1,dev,solar_panel_2,solar_panel_large
livesqlbench-large-v1,dev,solar_panel_3,solar_panel_large
livesqlbench-large-v1,dev,solar_panel_4,solar_panel_large
livesqlbench-large-v1,dev,solar_panel_5,solar_panel_large
livesqlbench-large-v1,dev,solar_panel_6,solar_panel_large
livesqlbench-large-v1,dev,solar_panel_7,solar_panel_large
livesqlbench-large-v1,dev,solar_panel_8,solar_panel_large
livesqlbench-large-v1,dev,solar_panel_9,solar_panel_large
livesqlbench-large-v1,dev,solar_panel_10,solar_panel_large
livesqlbench-large-v1,dev,solar_panel_11,solar_panel_large
livesqlbench-large-v1,dev,solar_panel_12,solar_panel_large
livesqlbench-large-v1,dev,solar_panel_13,solar_panel_large
livesqlbench-large-v1,dev,solar_panel_14,solar_panel_large
livesqlbench-large-v1,dev,solar_panel_15,solar_panel_large
livesqlbench-large-v1,dev,solar_panel_16,solar_panel_large
livesqlbench-large-v1,dev,solar_panel_17,solar_panel_large
livesqlbench-large-v1,dev,solar_panel_18,solar_panel_large
livesqlbench-large-v1,dev,solar_panel_19,solar_panel_large
livesqlbench-large-v1,dev,solar_panel_20,solar_panel_large
livesqlbench-large-v1,dev,solar_panel_M_1,solar_panel_large
livesqlbench-large-v1,dev,solar_panel_M_2,solar_panel_large
livesqlbench-large-v1,dev,solar_panel_M_3,solar_panel_large
livesqlbench-large-v1,dev,solar_panel_M_4,solar_panel_large
livesqlbench-large-v1,dev,solar_panel_M_5,solar_panel_large
livesqlbench-large-v1,dev,solar_panel_M_6,solar_panel_large
livesqlbench-large-v1,dev,solar_panel_M_7,solar_panel_large
livesqlbench-large-v1,dev,solar_panel_M_8,solar_panel_large
livesqlbench-large-v1,dev,solar_panel_M_9,solar_panel_large
livesqlbench-large-v1,dev,solar_panel_M_10,solar_panel_large
livesqlbench-large-v1,dev,cybermarket_pattern_1,cybermarket_pattern_large
livesqlbench-large-v1,dev,cybermarket_pattern_M_1,cybermarket_pattern_large
livesqlbench-large-v1,dev,cybermarket_pattern_M_2,cybermarket_pattern_large
livesqlbench-large-v1,dev,cybermarket_pattern_M_4,cybermarket_pattern_large
livesqlbench-large-v1,dev,cybermarket_pattern_2,cybermarket_pattern_large
livesqlbench-large-v1,dev,cybermarket_pattern_3,cybermarket_pattern_large
livesqlbench-large-v1,dev,cybermarket_pattern_4,cybermarket_pattern_large
livesqlbench-large-v1,dev,cybermarket_pattern_5,cybermarket_pattern_large
livesqlbench-large-v1,dev,cybermarket_pattern_M_5,cybermarket_pattern_large
livesqlbench-large-v1,dev,cybermarket_pattern_6,cybermarket_pattern_large
livesqlbench-large-v1,dev,cybermarket_pattern_7,cybermarket_pattern_large
livesqlbench-large-v1,dev,cybermarket_pattern_8,cybermarket_pattern_large
livesqlbench-large-v1,dev,cybermarket_pattern_9,cybermarket_pattern_large
livesqlbench-large-v1,dev,cybermarket_pattern_M_6,cybermarket_pattern_large
livesqlbench-large-v1,dev,cybermarket_pattern_10,cybermarket_pattern_large
livesqlbench-large-v1,dev,cybermarket_pattern_M_7,cybermarket_pattern_large
livesqlbench-large-v1,dev,cybermarket_pattern_M_8,cybermarket_pattern_large
livesqlbench-large-v1,dev,cybermarket_pattern_11,cybermarket_pattern_large
livesqlbench-large-v1,dev,cybermarket_pattern_12,cybermarket_pattern_large
livesqlbench-large-v1,dev,cybermarket_pattern_13,cybermarket_pattern_large
livesqlbench-large-v1,dev,cybermarket_pattern_M_9,cybermarket_pattern_large
livesqlbench-large-v1,dev,cybermarket_pattern_14,cybermarket_pattern_large
livesqlbench-large-v1,dev,cybermarket_pattern_15,cybermarket_pattern_large
livesqlbench-large-v1,dev,cybermarket_pattern_16,cybermarket_pattern_large
livesqlbench-large-v1,dev,cybermarket_pattern_M_10,cybermarket_pattern_large
livesqlbench-large-v1,dev,cybermarket_pattern_17,cybermarket_pattern_large
livesqlbench-large-v1,dev,cybermarket_pattern_18,cybermarket_pattern_large
livesqlbench-large-v1,dev,cybermarket_pattern_19,cybermarket_pattern_large
livesqlbench-large-v1,dev,cybermarket_pattern_20,cybermarket_pattern_large
livesqlbench-large-v1,dev,archeology_scan_1,archeology_scan_large
livesqlbench-large-v1,dev,archeology_scan_2,archeology_scan_large
livesqlbench-large-v1,dev,archeology_scan_3,archeology_scan_large
livesqlbench-large-v1,dev,archeology_scan_4,archeology_scan_large
livesqlbench-large-v1,dev,archeology_scan_5,archeology_scan_large
livesqlbench-large-v1,dev,archeology_scan_6,archeology_scan_large
livesqlbench-large-v1,dev,archeology_scan_7,archeology_scan_large
livesqlbench-large-v1,dev,archeology_scan_8,archeology_scan_large
livesqlbench-large-v1,dev,archeology_scan_9,archeology_scan_large
livesqlbench-large-v1,dev,archeology_scan_10,archeology_scan_large
livesqlbench-large-v1,dev,archeology_scan_M_1,archeology_scan_large
livesqlbench-large-v1,dev,archeology_scan_M_3,archeology_scan_large
livesqlbench-large-v1,dev,archeology_scan_M_4,archeology_scan_large
livesqlbench-large-v1,dev,cross_border_1,cross_border_large
livesqlbench-large-v1,dev,cross_border_2,cross_border_large
livesqlbench-large-v1,dev,cross_border_3,cross_border_large
livesqlbench-large-v1,dev,cross_border_4,cross_border_large
livesqlbench-large-v1,dev,cross_border_5,cross_border_large
livesqlbench-large-v1,dev,cross_border_6,cross_border_large
livesqlbench-large-v1,dev,cross_border_7,cross_border_large
livesqlbench-large-v1,dev,cross_border_8,cross_border_large
livesqlbench-large-v1,dev,cross_border_9,cross_border_large
livesqlbench-large-v1,dev,cross_border_10,cross_border_large
livesqlbench-large-v1,dev,cross_border_M_1,cross_border_large
livesqlbench-large-v1,dev,cross_border_M_2,cross_border_large
livesqlbench-large-v1,dev,cross_border_M_3,cross_border_large
livesqlbench-large-v1,dev,cross_border_M_4,cross_border_large
livesqlbench-large-v1,dev,cross_border_M_5,cross_border_large
livesqlbench-large-v1,dev,cross_border_11,cross_border_large
livesqlbench-large-v1,dev,cross_border_12,cross_border_large
livesqlbench-large-v1,dev,cross_border_13,cross_border_large
livesqlbench-large-v1,dev,cross_border_14,cross_border_large
livesqlbench-large-v1,dev,cross_border_15,cross_border_large
livesqlbench-large-v1,dev,cross_border_16,cross_border_large
livesqlbench-large-v1,dev,cross_border_17,cross_border_large
livesqlbench-large-v1,dev,cross_border_18,cross_border_large
livesqlbench-large-v1,dev,cross_border_19,cross_border_large
livesqlbench-large-v1,dev,cross_border_20,cross_border_large
livesqlbench-large-v1,dev,cross_border_M_6,cross_border_large
livesqlbench-large-v1,dev,cross_border_M_7,cross_border_large
livesqlbench-large-v1,dev,cross_border_M_8,cross_border_large
livesqlbench-large-v1,dev,cross_border_M_10,cross_border_large
livesqlbench-large-v1,dev,polar_equipment_1,polar_equipment_large
livesqlbench-large-v1,dev,polar_equipment_2,polar_equipment_large
livesqlbench-large-v1,dev,polar_equipment_3,polar_equipment_large
livesqlbench-large-v1,dev,polar_equipment_4,polar_equipment_large
livesqlbench-large-v1,dev,polar_equipment_5,polar_equipment_large
livesqlbench-large-v1,dev,polar_equipment_6,polar_equipment_large
livesqlbench-large-v1,dev,polar_equipment_7,polar_equipment_large
livesqlbench-large-v1,dev,polar_equipment_8,polar_equipment_large
livesqlbench-large-v1,dev,polar_equipment_9,polar_equipment_large
livesqlbench-large-v1,dev,polar_equipment_10,polar_equipment_large
livesqlbench-large-v1,dev,polar_equipment_11,polar_equipment_large
livesqlbench-large-v1,dev,polar_equipment_12,polar_equipment_large
livesqlbench-large-v1,dev,polar_equipment_13,polar_equipment_large
livesqlbench-large-v1,dev,polar_equipment_14,polar_equipment_large
livesqlbench-large-v1,dev,polar_equipment_15,polar_equipment_large
livesqlbench-large-v1,dev,polar_equipment_16,polar_equipment_large
livesqlbench-large-v1,dev,polar_equipment_17,polar_equipment_large
livesqlbench-large-v1,dev,polar_equipment_18,polar_equipment_large
livesqlbench-large-v1,dev,polar_equipment_19,polar_equipment_large
livesqlbench-large-v1,dev,polar_equipment_20,polar_equipment_large
livesqlbench-large-v1,dev,polar_equipment_M_1,polar_equipment_large
livesqlbench-large-v1,dev,polar_equipment_M_2,polar_equipment_large
livesqlbench-large-v1,dev,polar_equipment_M_3,polar_equipment_large
livesqlbench-large-v1,dev,polar_equipment_M_4,polar_equipment_large
livesqlbench-large-v1,dev,polar_equipment_M_5,polar_equipment_large
livesqlbench-large-v1,dev,polar_equipment_M_6,polar_equipment_large
livesqlbench-large-v1,dev,polar_equipment_M_7,polar_equipment_large
livesqlbench-large-v1,dev,polar_equipment_M_8,polar_equipment_large
livesqlbench-large-v1,dev,polar_equipment_M_9,polar_equipment_large
livesqlbench-large-v1,dev,polar_equipment_M_10,polar_equipment_large
livesqlbench-large-v1,dev,sports_events_1,sports_events_large
livesqlbench-large-v1,dev,sports_events_2,sports_events_large
livesqlbench-large-v1,dev,sports_events_3,sports_events_large
livesqlbench-large-v1,dev,sports_events_4,sports_events_large
livesqlbench-large-v1,dev,sports_events_5,sports_events_large
livesqlbench-large-v1,dev,sports_events_6,sports_events_large
livesqlbench-large-v1,dev,sports_events_7,sports_events_large
livesqlbench-large-v1,dev,sports_events_8,sports_events_large
livesqlbench-large-v1,dev,sports_events_9,sports_events_large
livesqlbench-large-v1,dev,sports_events_10,sports_events_large
livesqlbench-large-v1,dev,sports_events_11,sports_events_large
livesqlbench-large-v1,dev,sports_events_12,sports_events_large
livesqlbench-large-v1,dev,sports_events_13,sports_events_large
livesqlbench-large-v1,dev,sports_events_14,sports_events_large
livesqlbench-large-v1,dev,sports_events_15,sports_events_large
livesqlbench-large-v1,dev,sports_events_16,sports_events_large
livesqlbench-large-v1,dev,sports_events_17,sports_events_large
livesqlbench-large-v1,dev,sports_events_18,sports_events_large
livesqlbench-large-v1,dev,sports_events_19,sports_events_large
livesqlbench-large-v1,dev,sports_events_20,sports_events_large
livesqlbench-large-v1,dev,sports_events_M_1,sports_events_large
livesqlbench-large-v1,dev,sports_events_M_2,sports_events_large
livesqlbench-large-v1,dev,sports_events_M_3,sports_events_large
livesqlbench-large-v1,dev,sports_events_M_4,sports_events_large
livesqlbench-large-v1,dev,sports_events_M_5,sports_events_large
livesqlbench-large-v1,dev,sports_events_M_6,sports_events_large
livesqlbench-large-v1,dev,sports_events_M_8,sports_events_large
livesqlbench-large-v1,dev,sports_events_29,sports_events_large
livesqlbench-large-v1,dev,sports_events_30,sports_events_large
livesqlbench-large-v1,dev,labor_certification_applications_1,labor_certification_applications_large
livesqlbench-large-v1,dev,labor_certification_applications_2,labor_certification_applications_large
livesqlbench-large-v1,dev,labor_certification_applications_3,labor_certification_applications_large
livesqlbench-large-v1,dev,labor_certification_applications_4,labor_certification_applications_large
livesqlbench-large-v1,dev,labor_certification_applications_5,labor_certification_applications_large
livesqlbench-large-v1,dev,labor_certification_applications_6,labor_certification_applications_large
livesqlbench-large-v1,dev,labor_certification_applications_7,labor_certification_applications_large
livesqlbench-large-v1,dev,labor_certification_applications_8,labor_certification_applications_large
livesqlbench-large-v1,dev,labor_certification_applications_10,labor_certification_applications_large
livesqlbench-large-v1,dev,labor_certification_applications_11,labor_certification_applications_large
livesqlbench-large-v1,dev,labor_certification_applications_12,labor_certification_applications_large
livesqlbench-large-v1,dev,labor_certification_applications_13,labor_certification_applications_large
livesqlbench-large-v1,dev,labor_certification_applications_14,labor_certification_applications_large
livesqlbench-large-v1,dev,labor_certification_applications_15,labor_certification_applications_large
livesqlbench-large-v1,dev,labor_certification_applications_16,labor_certification_applications_large
livesqlbench-large-v1,dev,labor_certification_applications_17,labor_certification_applications_large
livesqlbench-large-v1,dev,labor_certification_applications_18,labor_certification_applications_large
livesqlbench-large-v1,dev,labor_certification_applications_19,labor_certification_applications_large
livesqlbench-large-v1,dev,labor_certification_applications_20,labor_certification_applications_large
livesqlbench-large-v1,dev,labor_certification_applications_M_1,labor_certification_applications_large
livesqlbench-large-v1,dev,labor_certification_applications_M_2,labor_certification_applications_large
livesqlbench-large-v1,dev,labor_certification_applications_M_3,labor_certification_applications_large
livesqlbench-large-v1,dev,labor_certification_applications_M_4,labor_certification_applications_large
livesqlbench-large-v1,dev,labor_certification_applications_M_5,labor_certification_applications_large
livesqlbench-large-v1,dev,labor_certification_applications_M_6,labor_certification_applications_large
livesqlbench-large-v1,dev,labor_certification_applications_M_7,labor_certification_applications_large
livesqlbench-large-v1,dev,labor_certification_applications_M_8,labor_certification_applications_large
livesqlbench-large-v1,dev,labor_certification_applications_M_9,labor_certification_applications_large
livesqlbench-large-v1,dev,labor_certification_applications_M_10,labor_certification_applications_large
livesqlbench-large-v1,dev,virtual_idol_1,virtual_idol_large
livesqlbench-large-v1,dev,virtual_idol_2,virtual_idol_large
livesqlbench-large-v1,dev,virtual_idol_3,virtual_idol_large
livesqlbench-large-v1,dev,virtual_idol_4,virtual_idol_large
livesqlbench-large-v1,dev,virtual_idol_5,virtual_idol_large
livesqlbench-large-v1,dev,virtual_idol_6,virtual_idol_large
livesqlbench-large-v1,dev,virtual_idol_7,virtual_idol_large
livesqlbench-large-v1,dev,virtual_idol_9,virtual_idol_large
livesqlbench-large-v1,dev,virtual_idol_10,virtual_idol_large
livesqlbench-large-v1,dev,virtual_idol_11,virtual_idol_large
livesqlbench-large-v1,dev,virtual_idol_12,virtual_idol_large
livesqlbench-large-v1,dev,virtual_idol_13,virtual_idol_large
livesqlbench-large-v1,dev,virtual_idol_14,virtual_idol_large
livesqlbench-large-v1,dev,virtual_idol_15,virtual_idol_large
livesqlbench-large-v1,dev,virtual_idol_16,virtual_idol_large
livesqlbench-large-v1,dev,virtual_idol_17,virtual_idol_large
livesqlbench-large-v1,dev,virtual_idol_18,virtual_idol_large
livesqlbench-large-v1,dev,virtual_idol_19,virtual_idol_large
livesqlbench-large-v1,dev,virtual_idol_20,virtual_idol_large
livesqlbench-large-v1,dev,virtual_idol_M_1,virtual_idol_large
livesqlbench-large-v1,dev,virtual_idol_M_2,virtual_idol_large
livesqlbench-large-v1,dev,virtual_idol_M_3,virtual_idol_large
livesqlbench-large-v1,dev,virtual_idol_M_5,virtual_idol_large
livesqlbench-large-v1,dev,virtual_idol_M_6,virtual_idol_large
livesqlbench-large-v1,dev,virtual_idol_M_7,virtual_idol_large
livesqlbench-large-v1,dev,virtual_idol_M_8,virtual_idol_large
livesqlbench-large-v1,dev,virtual_idol_M_9,virtual_idol_large
livesqlbench-large-v1,dev,virtual_idol_M_10,virtual_idol_large
livesqlbench-large-v1,dev,organ_transplant_1,organ_transplant_large
livesqlbench-large-v1,dev,organ_transplant_2,organ_transplant_large
livesqlbench-large-v1,dev,organ_transplant_3,organ_transplant_large
livesqlbench-large-v1,dev,organ_transplant_4,organ_transplant_large
livesqlbench-large-v1,dev,organ_transplant_6,organ_transplant_large
livesqlbench-large-v1,dev,organ_transplant_7,organ_transplant_large
livesqlbench-large-v1,dev,organ_transplant_8,organ_transplant_large
livesqlbench-large-v1,dev,organ_transplant_9,organ_transplant_large
livesqlbench-large-v1,dev,organ_transplant_10,organ_transplant_large
livesqlbench-large-v1,dev,organ_transplant_11,organ_transplant_large
livesqlbench-large-v1,dev,organ_transplant_13,organ_transplant_large
livesqlbench-large-v1,dev,organ_transplant_14,organ_transplant_large
livesqlbench-large-v1,dev,organ_transplant_16,organ_transplant_large
livesqlbench-large-v1,dev,organ_transplant_17,organ_transplant_large
livesqlbench-large-v1,dev,organ_transplant_18,organ_transplant_large
livesqlbench-large-v1,dev,organ_transplant_19,organ_transplant_large
livesqlbench-large-v1,dev,organ_transplant_20,organ_transplant_large
livesqlbench-large-v1,dev,organ_transplant_21,organ_transplant_large
livesqlbench-large-v1,dev,organ_transplant_22,organ_transplant_large
livesqlbench-large-v1,dev,organ_transplant_M_1,organ_transplant_large
livesqlbench-large-v1,dev,organ_transplant_M_2,organ_transplant_large
livesqlbench-large-v1,dev,organ_transplant_M_3,organ_transplant_large
livesqlbench-large-v1,dev,organ_transplant_M_4,organ_transplant_large
livesqlbench-large-v1,dev,organ_transplant_M_5,organ_transplant_large
livesqlbench-large-v1,dev,organ_transplant_M_6,organ_transplant_large
livesqlbench-large-v1,dev,organ_transplant_M_7,organ_transplant_large
livesqlbench-large-v1,dev,organ_transplant_M_8,organ_transplant_large
livesqlbench-large-v1,dev,organ_transplant_M_9,organ_transplant_large
livesqlbench-large-v1,dev,organ_transplant_M_10,organ_transplant_large
livesqlbench-large-v1,dev,organ_transplant_M_11,organ_transplant_large
livesqlbench-large-v1,dev,organ_transplant_M_12,organ_transplant_large
livesqlbench-large-v1,dev,organ_transplant_M_13,organ_transplant_large
livesqlbench-large-v1,dev,mental_healths_1,mental_healths_large
livesqlbench-large-v1,dev,mental_healths_2,mental_healths_large
livesqlbench-large-v1,dev,mental_healths_3,mental_healths_large
livesqlbench-large-v1,dev,mental_healths_4,mental_healths_large
livesqlbench-large-v1,dev,mental_healths_5,mental_healths_large
livesqlbench-large-v1,dev,mental_healths_6,mental_healths_large
livesqlbench-large-v1,dev,mental_healths_7,mental_healths_large
livesqlbench-large-v1,dev,mental_healths_8,mental_healths_large
livesqlbench-large-v1,dev,mental_healths_9,mental_healths_large
livesqlbench-large-v1,dev,mental_healths_10,mental_healths_large
livesqlbench-large-v1,dev,mental_healths_11,mental_healths_large
livesqlbench-large-v1,dev,mental_healths_12,mental_healths_large
livesqlbench-large-v1,dev,mental_healths_13,mental_healths_large
livesqlbench-large-v1,dev,mental_healths_14,mental_healths_large
livesqlbench-large-v1,dev,mental_healths_15,mental_healths_large
livesqlbench-large-v1,dev,mental_healths_16,mental_healths_large
livesqlbench-large-v1,dev,mental_healths_17,mental_healths_large
livesqlbench-large-v1,dev,mental_healths_18,mental_healths_large
livesqlbench-large-v1,dev,mental_healths_19,mental_healths_large
livesqlbench-large-v1,dev,mental_healths_20,mental_healths_large
livesqlbench-large-v1,dev,mental_healths_M_3,mental_healths_large
livesqlbench-large-v1,dev,mental_healths_M_4,mental_healths_large
livesqlbench-large-v1,dev,mental_healths_M_6,mental_healths_large
livesqlbench-large-v1,dev,mental_healths_M_8,mental_healths_large
livesqlbench-large-v1,dev,mental_healths_M_9,mental_healths_large
livesqlbench-large-v1,dev,mental_healths_M_10,mental_healths_large
livesqlbench-large-v1,dev,reverse_logistics_1,reverse_logistics_large
livesqlbench-large-v1,dev,reverse_logistics_2,reverse_logistics_large
livesqlbench-large-v1,dev,reverse_logistics_3,reverse_logistics_large
livesqlbench-large-v1,dev,reverse_logistics_M_1,reverse_logistics_large
livesqlbench-large-v1,dev,reverse_logistics_4,reverse_logistics_large
livesqlbench-large-v1,dev,reverse_logistics_5,reverse_logistics_large
livesqlbench-large-v1,dev,reverse_logistics_6,reverse_logistics_large
livesqlbench-large-v1,dev,reverse_logistics_7,reverse_logistics_large
livesqlbench-large-v1,dev,reverse_logistics_8,reverse_logistics_large
livesqlbench-large-v1,dev,reverse_logistics_9,reverse_logistics_large
livesqlbench-large-v1,dev,reverse_logistics_M_2,reverse_logistics_large
livesqlbench-large-v1,dev,reverse_logistics_M_3,reverse_logistics_large
livesqlbench-large-v1,dev,reverse_logistics_10,reverse_logistics_large
livesqlbench-large-v1,dev,reverse_logistics_11,reverse_logistics_large
livesqlbench-large-v1,dev,reverse_logistics_12,reverse_logistics_large
livesqlbench-large-v1,dev,reverse_logistics_13,reverse_logistics_large
livesqlbench-large-v1,dev,reverse_logistics_M_4,reverse_logistics_large
livesqlbench-large-v1,dev,reverse_logistics_14,reverse_logistics_large
livesqlbench-large-v1,dev,reverse_logistics_15,reverse_logistics_large
livesqlbench-large-v1,dev,reverse_logistics_16,reverse_logistics_large
livesqlbench-large-v1,dev,reverse_logistics_M_5,reverse_logistics_large
livesqlbench-large-v1,dev,reverse_logistics_17,reverse_logistics_large
livesqlbench-large-v1,dev,reverse_logistics_18,reverse_logistics_large
livesqlbench-large-v1,dev,reverse_logistics_M_7,reverse_logistics_large
livesqlbench-large-v1,dev,reverse_logistics_19,reverse_logistics_large
livesqlbench-large-v1,dev,reverse_logistics_M_8,reverse_logistics_large
livesqlbench-large-v1,dev,reverse_logistics_20,reverse_logistics_large
livesqlbench-large-v1,dev,reverse_logistics_M_10,reverse_logistics_large
livesqlbench-large-v1,dev,robot_fault_prediction_1,robot_fault_prediction_large
livesqlbench-large-v1,dev,robot_fault_prediction_3,robot_fault_prediction_large
livesqlbench-large-v1,dev,robot_fault_prediction_4,robot_fault_prediction_large
livesqlbench-large-v1,dev,robot_fault_prediction_5,robot_fault_prediction_large
livesqlbench-large-v1,dev,robot_fault_prediction_6,robot_fault_prediction_large
livesqlbench-large-v1,dev,robot_fault_prediction_7,robot_fault_prediction_large
livesqlbench-large-v1,dev,robot_fault_prediction_8,robot_fault_prediction_large
livesqlbench-large-v1,dev,robot_fault_prediction_10,robot_fault_prediction_large
livesqlbench-large-v1,dev,robot_fault_prediction_11,robot_fault_prediction_large
livesqlbench-large-v1,dev,robot_fault_prediction_12,robot_fault_prediction_large
livesqlbench-large-v1,dev,robot_fault_prediction_M_1,robot_fault_prediction_large
livesqlbench-large-v1,dev,robot_fault_prediction_M_2,robot_fault_prediction_large
livesqlbench-large-v1,dev,robot_fault_prediction_M_3,robot_fault_prediction_large
livesqlbench-large-v1,dev,robot_fault_prediction_M_4,robot_fault_prediction_large
livesqlbench-large-v1,dev,robot_fault_prediction_M_5,robot_fault_prediction_large
livesqlbench-large-v1,dev,robot_fault_prediction_M_7,robot_fault_prediction_large
livesqlbench-large-v1,dev,robot_fault_prediction_M_8,robot_fault_prediction_large
livesqlbench-large-v1,dev,exchange_traded_funds_1,exchange_traded_funds_large
livesqlbench-large-v1,dev,exchange_traded_funds_2,exchange_traded_funds_large
livesqlbench-large-v1,dev,exchange_traded_funds_3,exchange_traded_funds_large
livesqlbench-large-v1,dev,exchange_traded_funds_4,exchange_traded_funds_large
livesqlbench-large-v1,dev,exchange_traded_funds_5,exchange_traded_funds_large
livesqlbench-large-v1,dev,exchange_traded_funds_6,exchange_traded_funds_large
livesqlbench-large-v1,dev,exchange_traded_funds_7,exchange_traded_funds_large
livesqlbench-large-v1,dev,exchange_traded_funds_8,exchange_traded_funds_large
livesqlbench-large-v1,dev,exchange_traded_funds_9,exchange_traded_funds_large
livesqlbench-large-v1,dev,exchange_traded_funds_10,exchange_traded_funds_large
livesqlbench-large-v1,dev,exchange_traded_funds_11,exchange_traded_funds_large
livesqlbench-large-v1,dev,exchange_traded_funds_12,exchange_traded_funds_large
livesqlbench-large-v1,dev,exchange_traded_funds_13,exchange_traded_funds_large
livesqlbench-large-v1,dev,exchange_traded_funds_14,exchange_traded_funds_large
livesqlbench-large-v1,dev,exchange_traded_funds_16,exchange_traded_funds_large
livesqlbench-large-v1,dev,exchange_traded_funds_17,exchange_traded_funds_large
livesqlbench-large-v1,dev,exchange_traded_funds_18,exchange_traded_funds_large
livesqlbench-large-v1,dev,exchange_traded_funds_19,exchange_traded_funds_large
livesqlbench-large-v1,dev,exchange_traded_funds_20,exchange_traded_funds_large
livesqlbench-large-v1,dev,exchange_traded_funds_M_1,exchange_traded_funds_large
livesqlbench-large-v1,dev,exchange_traded_funds_M_2,exchange_traded_funds_large
livesqlbench-large-v1,dev,exchange_traded_funds_M_3,exchange_traded_funds_large
livesqlbench-large-v1,dev,exchange_traded_funds_M_4,exchange_traded_funds_large
livesqlbench-large-v1,dev,exchange_traded_funds_M_6,exchange_traded_funds_large
livesqlbench-large-v1,dev,exchange_traded_funds_M_7,exchange_traded_funds_large
livesqlbench-large-v1,dev,exchange_traded_funds_M_8,exchange_traded_funds_large
livesqlbench-large-v1,dev,exchange_traded_funds_M_9,exchange_traded_funds_large
livesqlbench-large-v1,dev,exchange_traded_funds_M_10,exchange_traded_funds_large
livesqlbench-large-v1,dev,disaster_relief_1,disaster_relief_large
livesqlbench-large-v1,dev,disaster_relief_2,disaster_relief_large
livesqlbench-large-v1,dev,disaster_relief_3,disaster_relief_large
livesqlbench-large-v1,dev,disaster_relief_4,disaster_relief_large
livesqlbench-large-v1,dev,disaster_relief_5,disaster_relief_large
livesqlbench-large-v1,dev,disaster_relief_6,disaster_relief_large
livesqlbench-large-v1,dev,disaster_relief_7,disaster_relief_large
livesqlbench-large-v1,dev,disaster_relief_8,disaster_relief_large
livesqlbench-large-v1,dev,disaster_relief_9,disaster_relief_large
livesqlbench-large-v1,dev,disaster_relief_10,disaster_relief_large
livesqlbench-large-v1,dev,disaster_relief_11,disaster_relief_large
livesqlbench-large-v1,dev,disaster_relief_12,disaster_relief_large
livesqlbench-large-v1,dev,disaster_relief_M_1,disaster_relief_large
livesqlbench-large-v1,dev,disaster_relief_M_2,disaster_relief_large
livesqlbench-large-v1,dev,disaster_relief_M_3,disaster_relief_large
livesqlbench-large-v1,dev,residential_data_1,residential_data_large
livesqlbench-large-v1,dev,residential_data_2,residential_data_large
livesqlbench-large-v1,dev,residential_data_3,residential_data_large
livesqlbench-large-v1,dev,residential_data_4,residential_data_large
livesqlbench-large-v1,dev,residential_data_5,residential_data_large
livesqlbench-large-v1,dev,residential_data_6,residential_data_large
livesqlbench-large-v1,dev,residential_data_7,residential_data_large
livesqlbench-large-v1,dev,residential_data_8,residential_data_large
livesqlbench-large-v1,dev,residential_data_9,residential_data_large
livesqlbench-large-v1,dev,residential_data_10,residential_data_large
livesqlbench-large-v1,dev,residential_data_11,residential_data_large
livesqlbench-large-v1,dev,residential_data_12,residential_data_large
livesqlbench-large-v1,dev,residential_data_13,residential_data_large
livesqlbench-large-v1,dev,residential_data_14,residential_data_large
livesqlbench-large-v1,dev,residential_data_15,residential_data_large
livesqlbench-large-v1,dev,residential_data_16,residential_data_large
livesqlbench-large-v1,dev,residential_data_17,residential_data_large
livesqlbench-large-v1,dev,residential_data_18,residential_data_large
livesqlbench-large-v1,dev,residential_data_19,residential_data_large
livesqlbench-large-v1,dev,residential_data_20,residential_data_large
livesqlbench-large-v1,dev,residential_data_M_1,residential_data_large
livesqlbench-large-v1,dev,residential_data_M_2,residential_data_large
livesqlbench-large-v1,dev,residential_data_M_4,residential_data_large
livesqlbench-large-v1,dev,residential_data_M_5,residential_data_large
livesqlbench-large-v1,dev,residential_data_M_6,residential_data_large
livesqlbench-large-v1,dev,residential_data_M_7,residential_data_large
livesqlbench-large-v1,dev,residential_data_M_8,residential_data_large
livesqlbench-large-v1,dev,residential_data_M_9,residential_data_large
livesqlbench-large-v1,dev,residential_data_M_10,residential_data_large
livesqlbench-large-v1,dev,planets_data_1,planets_data_large
livesqlbench-large-v1,dev,planets_data_2,planets_data_large
livesqlbench-large-v1,dev,planets_data_4,planets_data_large
livesqlbench-large-v1,dev,planets_data_5,planets_data_large
livesqlbench-large-v1,dev,planets_data_6,planets_data_large
livesqlbench-large-v1,dev,planets_data_7,planets_data_large
livesqlbench-large-v1,dev,planets_data_8,planets_data_large
livesqlbench-large-v1,dev,planets_data_9,planets_data_large
livesqlbench-large-v1,dev,planets_data_10,planets_data_large
livesqlbench-large-v1,dev,planets_data_11,planets_data_large
livesqlbench-large-v1,dev,planets_data_12,planets_data_large
livesqlbench-large-v1,dev,planets_data_13,planets_data_large
livesqlbench-large-v1,dev,planets_data_14,planets_data_large
livesqlbench-large-v1,dev,planets_data_15,planets_data_large
livesqlbench-large-v1,dev,planets_data_16,planets_data_large
livesqlbench-large-v1,dev,planets_data_17,planets_data_large
livesqlbench-large-v1,dev,planets_data_18,planets_data_large
livesqlbench-large-v1,dev,planets_data_19,planets_data_large
livesqlbench-large-v1,dev,planets_data_20,planets_data_large
livesqlbench-large-v1,dev,planets_data_M_1,planets_data_large
livesqlbench-large-v1,dev,planets_data_M_2,planets_data_large
livesqlbench-large-v1,dev,planets_data_M_3,planets_data_large
livesqlbench-large-v1,dev,planets_data_M_4,planets_data_large
livesqlbench-large-v1,dev,planets_data_M_5,planets_data_large
livesqlbench-large-v1,dev,planets_data_M_6,planets_data_large
livesqlbench-large-v1,dev,planets_data_M_7,planets_data_large
livesqlbench-large-v1,dev,planets_data_M_8,planets_data_large
livesqlbench-large-v1,dev,planets_data_M_9,planets_data_large
livesqlbench-large-v1,dev,planets_data_M_10,planets_data_large
livesqlbench-large-v1,dev,museum_artifact_1,museum_artifact_large
livesqlbench-large-v1,dev,museum_artifact_2,museum_artifact_large
livesqlbench-large-v1,dev,museum_artifact_3,museum_artifact_large
livesqlbench-large-v1,dev,museum_artifact_4,museum_artifact_large
livesqlbench-large-v1,dev,museum_artifact_5,museum_artifact_large
livesqlbench-large-v1,dev,museum_artifact_6,museum_artifact_large
livesqlbench-large-v1,dev,museum_artifact_7,museum_artifact_large
livesqlbench-large-v1,dev,museum_artifact_8,museum_artifact_large
livesqlbench-large-v1,dev,museum_artifact_9,museum_artifact_large
livesqlbench-large-v1,dev,museum_artifact_10,museum_artifact_large
livesqlbench-large-v1,dev,museum_artifact_11,museum_artifact_large
livesqlbench-large-v1,dev,museum_artifact_12,museum_artifact_large
livesqlbench-large-v1,dev,museum_artifact_13,museum_artifact_large
livesqlbench-large-v1,dev,museum_artifact_14,museum_artifact_large
livesqlbench-large-v1,dev,museum_artifact_15,museum_artifact_large
livesqlbench-large-v1,dev,museum_artifact_16,museum_artifact_large
livesqlbench-large-v1,dev,museum_artifact_17,museum_artifact_large
livesqlbench-large-v1,dev,museum_artifact_18,museum_artifact_large
livesqlbench-large-v1,dev,museum_artifact_19,museum_artifact_large
livesqlbench-large-v1,dev,museum_artifact_20,museum_artifact_large
livesqlbench-large-v1,dev,museum_artifact_M_1,museum_artifact_large
livesqlbench-large-v1,dev,museum_artifact_M_2,museum_artifact_large
livesqlbench-large-v1,dev,museum_artifact_M_3,museum_artifact_large
livesqlbench-large-v1,dev,museum_artifact_M_4,museum_artifact_large
livesqlbench-large-v1,dev,museum_artifact_M_5,museum_artifact_large
livesqlbench-large-v1,dev,museum_artifact_M_6,museum_artifact_large
livesqlbench-large-v1,dev,museum_artifact_M_7,museum_artifact_large
livesqlbench-large-v1,dev,museum_artifact_M_8,museum_artifact_large
livesqlbench-large-v1,dev,museum_artifact_M_9,museum_artifact_large
livesqlbench-large-v1,dev,museum_artifact_M_10,museum_artifact_large
livesqlbench-large-v1,dev,fake_account_1,fake_account_large
livesqlbench-large-v1,dev,fake_account_2,fake_account_large
livesqlbench-large-v1,dev,fake_account_3,fake_account_large
livesqlbench-large-v1,dev,fake_account_4,fake_account_large
livesqlbench-large-v1,dev,fake_account_5,fake_account_large
livesqlbench-large-v1,dev,fake_account_6,fake_account_large
livesqlbench-large-v1,dev,fake_account_7,fake_account_large
livesqlbench-large-v1,dev,fake_account_8,fake_account_large
livesqlbench-large-v1,dev,fake_account_9,fake_account_large
livesqlbench-large-v1,dev,fake_account_10,fake_account_large
livesqlbench-large-v1,dev,fake_account_M_1,fake_account_large
livesqlbench-large-v1,dev,fake_account_11,fake_account_large
livesqlbench-large-v1,dev,fake_account_12,fake_account_large
livesqlbench-large-v1,dev,fake_account_M_2,fake_account_large
livesqlbench-large-v1,dev,fake_account_13,fake_account_large
livesqlbench-large-v1,dev,fake_account_14,fake_account_large
livesqlbench-large-v1,dev,fake_account_15,fake_account_large
livesqlbench-large-v1,dev,fake_account_16,fake_account_large
livesqlbench-large-v1,dev,fake_account_17,fake_account_large
livesqlbench-large-v1,dev,fake_account_18,fake_account_large
livesqlbench-large-v1,dev,fake_account_19,fake_account_large
livesqlbench-large-v1,dev,fake_account_20,fake_account_large
livesqlbench-large-v1,dev,fake_account_21,fake_account_large
livesqlbench-large-v1,dev,fake_account_22,fake_account_large
livesqlbench-large-v1,dev,fake_account_23,fake_account_large
livesqlbench-large-v1,dev,fake_account_M_3,fake_account_large
livesqlbench-large-v1,dev,fake_account_24,fake_account_large
livesqlbench-large-v1,dev,fake_account_M_4,fake_account_large
livesqlbench-large-v1,dev,fake_account_M_6,fake_account_large
tatqa_dev,dev,23801627-ff77-4597-8d24-1c99e2452082,3ffd9053-a45d-491c-957a-1b2fa0af0570
tatqa_dev,dev,4960801d-277d-4f79-8eca-c4d0200fa9d6,3ffd9053-a45d-491c-957a-1b2fa0af0570
tatqa_dev,dev,593c4388-5209-4462-8b83-b429c8612c25,3ffd9053-a45d-491c-957a-1b2fa0af0570
tatqa_dev,dev,f4142349-eb72-49eb-9a76-f3ccb1010cbc,3ffd9053-a45d-491c-957a-1b2fa0af0570
tatqa_dev,dev,eb787966-fa02-401f-bfaf-ccabf3828b23,3ffd9053-a45d-491c-957a-1b2fa0af0570
tatqa_dev,dev,05b670d3-5b19-438c-873f-9bf6de29c69e,3ffd9053-a45d-491c-957a-1b2fa0af0570
tatqa_dev,dev,86ae8d77-4dcd-4f82-baac-61c6a2551760,53474060-2736-46cb-bd97-1eb42f0ff3c1
tatqa_dev,dev,b1018041-1c58-47f2-94db-fa8df0a631cb,53474060-2736-46cb-bd97-1eb42f0ff3c1
tatqa_dev,dev,d841005e-c88b-4071-aa53-16bd8a892656,53474060-2736-46cb-bd97-1eb42f0ff3c1
tatqa_dev,dev,870c1bda-0cd7-4bd0-bba6-8deb178e24ce,53474060-2736-46cb-bd97-1eb42f0ff3c1
tatqa_dev,dev,b2786c1a-37de-4120-b03c-32bf5c81f157,53474060-2736-46cb-bd97-1eb42f0ff3c1
tatqa_dev,dev,fe11f001-3bfe-4089-8108-412676f0a780,53474060-2736-46cb-bd97-1eb42f0ff3c1
tatqa_dev,dev,682e2b7e-2b40-4849-8671-2b85dd3c7f10,52164b70-6973-4844-af6a-76e8f1298d64
tatqa_dev,dev,de34ea96-2a39-4cd5-b4a3-62b0f730103a,52164b70-6973-4844-af6a-76e8f1298d64
tatqa_dev,dev,0f032004-ec01-40a0-831b-aac3f7e1b5c7,52164b70-6973-4844-af6a-76e8f1298d64
tatqa_dev,dev,5103aed0-b4e8-4fae-bf78-e2c9f4ba84cf,52164b70-6973-4844-af6a-76e8f1298d64
tatqa_dev,dev,4dc8be43-d8d9-4b08-9ffd-9c19012361ce,52164b70-6973-4844-af6a-76e8f1298d64
tatqa_dev,dev,6c44a1a8-0785-43a0-90ab-7e21df2c57d9,52164b70-6973-4844-af6a-76e8f1298d64
tatqa_dev,dev,d47306cf-e276-4836-a827-ebebdc47e078,6bf238a5-0a3e-492d-91f8-7f62d3b37fba
tatqa_dev,dev,bde0702e-2847-485b-be4a-fb037790bd59,6bf238a5-0a3e-492d-91f8-7f62d3b37fba
tatqa_dev,dev,617cd0f0-5fac-4c34-b9b6-425a0d353491,6bf238a5-0a3e-492d-91f8-7f62d3b37fba
tatqa_dev,dev,a0414f81-8dc2-44b2-a441-2c9d9c805c4d,6bf238a5-0a3e-492d-91f8-7f62d3b37fba
tatqa_dev,dev,bf7abd62-d9cd-48d2-8826-1457684019a3,6bf238a5-0a3e-492d-91f8-7f62d3b37fba
tatqa_dev,dev,4d259081-6da6-44bd-8830-e4de0031744c,6bf238a5-0a3e-492d-91f8-7f62d3b37fba
tatqa_dev,dev,c3993366-da98-42f2-a5b2-3de28c4d0e10,f8ac9ddd-9872-4681-902d-a0ee7c0ee83a
tatqa_dev,dev,5c7d8918-6083-4ac1-a0eb-137a114a7cd7,f8ac9ddd-9872-4681-902d-a0ee7c0ee83a
tatqa_dev,dev,55cba0fe-5e0a-45b5-af6b-97a6e77f81e2,f8ac9ddd-9872-4681-902d-a0ee7c0ee83a
tatqa_dev,dev,bed1fce2-69cb-4d1e-a34a-01950a1770bd,f8ac9ddd-9872-4681-902d-a0ee7c0ee83a
tatqa_dev,dev,348d031d-73ab-4b35-af46-998cfef25775,f8ac9ddd-9872-4681-902d-a0ee7c0ee83a
tatqa_dev,dev,aea850af-68cb-4cc1-80b2-c9c2860b273e,f8ac9ddd-9872-4681-902d-a0ee7c0ee83a
tatqa_dev,dev,81816121-8ac7-4548-bee0-4732f2b594b5,e9a946ce-72a9-4b42-86d6-4d91fceb14db
tatqa_dev,dev,0fe2da7e-22b8-40b2-9536-d006969da29b,e9a946ce-72a9-4b42-86d6-4d91fceb14db
tatqa_dev,dev,0300bc97-6834-4b2a-ab73-ff7dcb4ab6a6,e9a946ce-72a9-4b42-86d6-4d91fceb14db
tatqa_dev,dev,ba6783f3-8207-419a-b407-3f688682caef,e9a946ce-72a9-4b42-86d6-4d91fceb14db
tatqa_dev,dev,263d03ec-83d2-48df-8376-1a72167798f7,e9a946ce-72a9-4b42-86d6-4d91fceb14db
tatqa_dev,dev,78fc6d55-c20c-4f71-99fe-bc40a16e61d0,e9a946ce-72a9-4b42-86d6-4d91fceb14db
tatqa_dev,dev,2a73bcb6-7e52-4498-8b58-3e95f0be08c8,789efd09-04a2-45c7-84e5-47d3543695d1
tatqa_dev,dev,d2c13ab2-4201-4b36-b1a5-833c24bf2777,789efd09-04a2-45c7-84e5-47d3543695d1
tatqa_dev,dev,3007a32b-3699-4740-8412-586462354361,789efd09-04a2-45c7-84e5-47d3543695d1
tatqa_dev,dev,f4ef6a32-0753-4ef5-afac-e921c35ed0cc,789efd09-04a2-45c7-84e5-47d3543695d1
tatqa_dev,dev,35d602ae-9131-4291-a30c-49a40f32bbe4,789efd09-04a2-45c7-84e5-47d3543695d1
tatqa_dev,dev,a4f782f1-de3b-47a3-87af-1cb33c112b39,789efd09-04a2-45c7-84e5-47d3543695d1
tatqa_dev,dev,5c2817e5-db8b-484f-befc-d636b789ba67,403df8e0-6045-4dba-90b3-5c9d8ca55bfb
tatqa_dev,dev,a28c22c5-bf00-4a08-a868-4c7a4b1149f0,403df8e0-6045-4dba-90b3-5c9d8ca55bfb
tatqa_dev,dev,ef36e101-a8ac-4967-9321-c0811841c701,403df8e0-6045-4dba-90b3-5c9d8ca55bfb
tatqa_dev,dev,dc5e217a-a7b3-4fc9-ac0f-13d328f26b20,403df8e0-6045-4dba-90b3-5c9d8ca55bfb
tatqa_dev,dev,7cd3aedf-1291-4fea-bc9d-a25c65727b7b,403df8e0-6045-4dba-90b3-5c9d8ca55bfb
tatqa_dev,dev,22e20f25-669a-46b9-8779-2768ba391955,403df8e0-6045-4dba-90b3-5c9d8ca55bfb
tatqa_dev,dev,4db3c092-5b29-4715-baa8-f923802df170,77d8e381-01d0-4cf9-882e-e1162db2cff2
tatqa_dev,dev,08bde3bb-bf11-4955-8461-5cdc14c6ece5,77d8e381-01d0-4cf9-882e-e1162db2cff2
tatqa_dev,dev,921776c8-aabf-4fd9-a168-7e67ecb80d3f,77d8e381-01d0-4cf9-882e-e1162db2cff2
tatqa_dev,dev,197e378b-cb64-44cf-8ae7-988be4f7f905,77d8e381-01d0-4cf9-882e-e1162db2cff2
tatqa_dev,dev,a983501d-2eec-486d-9661-e520c7c8af5e,77d8e381-01d0-4cf9-882e-e1162db2cff2
tatqa_dev,dev,64c902c6-f426-4432-84b3-c10b3065716f,77d8e381-01d0-4cf9-882e-e1162db2cff2
tatqa_dev,dev,a8a77f89-ac8a-4982-b160-cef68bb0ca3b,644a6917-7add-4751-9e3b-bcc2150a8f49
tatqa_dev,dev,bce2b021-0002-4012-b055-b21a74c522de,644a6917-7add-4751-9e3b-bcc2150a8f49
tatqa_dev,dev,ea2aaee8-ab1c-4b29-93f1-3dae8b0d3eb1,644a6917-7add-4751-9e3b-bcc2150a8f49
tatqa_dev,dev,33bc3fd6-2d74-4b8b-924f-fefe65a638df,644a6917-7add-4751-9e3b-bcc2150a8f49
tatqa_dev,dev,5d9b397d-16bb-4463-8f9a-b85507704a8d,644a6917-7add-4751-9e3b-bcc2150a8f49
tatqa_dev,dev,cb4abf04-9551-46e2-8a32-46672e284167,644a6917-7add-4751-9e3b-bcc2150a8f49
tatqa_dev,dev,2c790706-871f-4586-bc9c-80b3351e9bca,cc4f089d-e7bf-4b00-a096-48a3eed39f86
tatqa_dev,dev,7034a480-8f92-4cf9-95b3-c68ec3e283e6,cc4f089d-e7bf-4b00-a096-48a3eed39f86
tatqa_dev,dev,62bb8d90-5ff5-4659-812a-a1b39c2c4e2b,cc4f089d-e7bf-4b00-a096-48a3eed39f86
tatqa_dev,dev,91812b92-5e94-414f-a447-4622aa3c2d10,cc4f089d-e7bf-4b00-a096-48a3eed39f86
tatqa_dev,dev,29b63db7-4925-4629-b108-49bbb27fb565,cc4f089d-e7bf-4b00-a096-48a3eed39f86
tatqa_dev,dev,8f61e8be-18ee-4226-bb65-e1d1b4dfa8ec,cc4f089d-e7bf-4b00-a096-48a3eed39f86
tatqa_dev,dev,ce0d6bdf-3376-4c28-99ce-1a765f22aa84,22f634eb-a76a-424d-b8d3-3994dab52826
tatqa_dev,dev,4a7fb8bc-632e-4658-8b49-d5041ec8977f,22f634eb-a76a-424d-b8d3-3994dab52826
tatqa_dev,dev,6ba10044-d6d0-4fe5-b3a1-e6f6d5bf3832,22f634eb-a76a-424d-b8d3-3994dab52826
tatqa_dev,dev,6100c476-160a-4f1e-bfc1-a16f4cc18b52,22f634eb-a76a-424d-b8d3-3994dab52826
tatqa_dev,dev,a81f1322-e74f-4e3c-a6cf-4b8d25d01cf5,22f634eb-a76a-424d-b8d3-3994dab52826
tatqa_dev,dev,f7cac790-05ae-4a55-a41d-836a6b415f88,22f634eb-a76a-424d-b8d3-3994dab52826
tatqa_dev,dev,7e202b95-39c4-4f65-aae0-18e5dc989f38,1c9e6c58-fd11-4711-986e-1d86b626d1dd
tatqa_dev,dev,a21a3e71-96ec-423d-8b31-734e89d9ac7d,1c9e6c58-fd11-4711-986e-1d86b626d1dd
tatqa_dev,dev,47f52ad9-f9fd-4cab-9237-7746eec99d58,1c9e6c58-fd11-4711-986e-1d86b626d1dd
tatqa_dev,dev,8274a8e5-a2a8-4efe-9100-112dbc48df6b,1c9e6c58-fd11-4711-986e-1d86b626d1dd
tatqa_dev,dev,65ec782c-691e-45df-b541-caecb85154ff,1c9e6c58-fd11-4711-986e-1d86b626d1dd
tatqa_dev,dev,94916f79-4b6d-487f-8fa2-39f81a085760,1c9e6c58-fd11-4711-986e-1d86b626d1dd
tatqa_dev,dev,e6a67f78-fecd-4505-b209-27cc6df5f6f1,8749fc7b-19fb-4014-8eed-f96a05da50cf
tatqa_dev,dev,8daf4d01-d1fe-417e-8971-ae7279bc48b0,8749fc7b-19fb-4014-8eed-f96a05da50cf
tatqa_dev,dev,1d832091-6eda-4d9f-bd68-3b6e9f4e96c4,8749fc7b-19fb-4014-8eed-f96a05da50cf
tatqa_dev,dev,72325ec6-41ad-4648-9798-b22a61122cb4,8749fc7b-19fb-4014-8eed-f96a05da50cf
tatqa_dev,dev,4f7c8e0a-6ae9-40ee-bd16-06db6f96eaf1,8749fc7b-19fb-4014-8eed-f96a05da50cf
tatqa_dev,dev,5d87b7a2-52b3-4685-8795-a20c41ab48d4,8749fc7b-19fb-4014-8eed-f96a05da50cf
tatqa_dev,dev,bbe335ff-414f-48b3-8126-5a2c7c505de3,32edf644-acb0-4260-9392-f0baa4253f5a
tatqa_dev,dev,ef274d2b-fbd6-4e9f-95f9-79b37827d91c,32edf644-acb0-4260-9392-f0baa4253f5a
tatqa_dev,dev,b3fbeb07-4352-47db-b329-a627bc17e1e1,32edf644-acb0-4260-9392-f0baa4253f5a
tatqa_dev,dev,74a2f6e2-f2d5-427c-ae75-41c35dd57abd,32edf644-acb0-4260-9392-f0baa4253f5a
tatqa_dev,dev,50e886f3-c590-42d9-a936-445229354eb9,32edf644-acb0-4260-9392-f0baa4253f5a
tatqa_dev,dev,2769fc54-ec8e-4969-9ae8-1041f4ec8ab9,32edf644-acb0-4260-9392-f0baa4253f5a
tatqa_dev,dev,66d3e594-1904-4cb1-9af1-bac17a8f273b,386352cf-f7e3-4148-920c-63bc57cf156b
tatqa_dev,dev,6407b020-fadc-42bd-8f02-9b80f3ccb742,386352cf-f7e3-4148-920c-63bc57cf156b
tatqa_dev,dev,191c3926-7356-4ab8-a8f9-41e7b7c8a492,386352cf-f7e3-4148-920c-63bc57cf156b
tatqa_dev,dev,bd2d81eb-46fc-4e62-908d-aebfccf46246,386352cf-f7e3-4148-920c-63bc57cf156b
tatqa_dev,dev,010df393-a62e-408d-888a-045a4e435e6a,386352cf-f7e3-4148-920c-63bc57cf156b
tatqa_dev,dev,b4a2c71d-57f2-43d4-a41b-b0b258147113,386352cf-f7e3-4148-920c-63bc57cf156b
tatqa_dev,dev,a5992e2e-726e-469c-88f3-e7b2ea8db24c,285a1ced-709e-4f45-a227-b6cd04e725f9
tatqa_dev,dev,f9ece440-2717-41fa-b69e-05a3339f9cef,285a1ced-709e-4f45-a227-b6cd04e725f9
tatqa_dev,dev,ce6dd8c2-37c9-4c55-80d5-89ab35ae254f,285a1ced-709e-4f45-a227-b6cd04e725f9
tatqa_dev,dev,3d384cee-82de-48f1-98ff-a972404bce4c,285a1ced-709e-4f45-a227-b6cd04e725f9
tatqa_dev,dev,54df78bf-1e81-4ebe-ba8d-278fee472ffd,285a1ced-709e-4f45-a227-b6cd04e725f9
tatqa_dev,dev,58adf6c4-41ae-4f3f-84cb-cf3469a80ce4,285a1ced-709e-4f45-a227-b6cd04e725f9
tatqa_dev,dev,2ff93d2d-d0c9-4076-aa57-563d3340c4b8,c3d2669c-a641-4c28-80d3-bda1c847027c
tatqa_dev,dev,b8e468a0-b2a2-4673-adf5-105ce2410bcc,c3d2669c-a641-4c28-80d3-bda1c847027c
tatqa_dev,dev,1f980345-bb16-4e30-93d1-f14b2b7298b8,c3d2669c-a641-4c28-80d3-bda1c847027c
tatqa_dev,dev,79f06004-f4fc-4e82-a9fe-3c389a2f81b6,c3d2669c-a641-4c28-80d3-bda1c847027c
tatqa_dev,dev,a360cee9-ce60-4f29-988d-8c6c627bb51f,c3d2669c-a641-4c28-80d3-bda1c847027c
tatqa_dev,dev,5c8c999e-354f-4693-9b2d-29e3c03cb2af,c3d2669c-a641-4c28-80d3-bda1c847027c
tatqa_dev,dev,9ecbb204-8037-4267-8be0-ed2d5c724674,5127ef77-7d11-4b1c-93f8-1818f39070a8
tatqa_dev,dev,de3f1580-e1b6-4539-9e54-a92d8333b7d0,5127ef77-7d11-4b1c-93f8-1818f39070a8
tatqa_dev,dev,23ba38d7-3893-4e0f-8c9b-314c4d9562f4,5127ef77-7d11-4b1c-93f8-1818f39070a8
tatqa_dev,dev,cc4f532d-dcd5-43d9-886a-66a3c2029e4d,5127ef77-7d11-4b1c-93f8-1818f39070a8
tatqa_dev,dev,780bc5d9-daa1-4434-b5ae-f8187fb0f450,5127ef77-7d11-4b1c-93f8-1818f39070a8
tatqa_dev,dev,f49ceadf-1638-4e15-b2b4-5a201d5e50c0,5127ef77-7d11-4b1c-93f8-1818f39070a8
tatqa_dev,dev,57dbf4cc-fcf2-4393-8a27-197dc0b73761,b3f4d2dd-a59b-45da-9608-e3401041a2b1
tatqa_dev,dev,45a6f6f6-d38d-44d0-a061-878f5fc0d7ab,b3f4d2dd-a59b-45da-9608-e3401041a2b1
tatqa_dev,dev,cad9978d-eabb-461c-8ab8-a46a7819a5b1,b3f4d2dd-a59b-45da-9608-e3401041a2b1
tatqa_dev,dev,096680e3-c65a-49cc-9339-55abdafd4a38,b3f4d2dd-a59b-45da-9608-e3401041a2b1
tatqa_dev,dev,b7ac671c-e199-4a3c-af2e-c33c6e90924a,b3f4d2dd-a59b-45da-9608-e3401041a2b1
tatqa_dev,dev,6cc73a99-0323-40d5-9d92-b285579b3482,b3f4d2dd-a59b-45da-9608-e3401041a2b1
tatqa_dev,dev,ae73f275-a6c3-49fd-b1bc-a0cf25438a37,0f012382-d9ba-409c-94db-0b9bf50d0746
tatqa_dev,dev,de70e6e7-c5ea-4801-b24b-5eedb96a1ce9,0f012382-d9ba-409c-94db-0b9bf50d0746
tatqa_dev,dev,0efd7f4a-b4ce-45b5-96ce-b1139251ad58,0f012382-d9ba-409c-94db-0b9bf50d0746
tatqa_dev,dev,fa43e8cd-7fea-4738-85ee-f61ae8529f96,0f012382-d9ba-409c-94db-0b9bf50d0746
tatqa_dev,dev,2067daa1-9905-456b-bcbf-42bc66b47259,0f012382-d9ba-409c-94db-0b9bf50d0746
tatqa_dev,dev,40a7294a-7851-42a8-a85e-caeaca0097e9,0f012382-d9ba-409c-94db-0b9bf50d0746
tatqa_dev,dev,94d96afd-4f9f-4edd-9e9e-6585ab8c1c40,13bb283b-4b9c-42b9-9b02-f1b2e1a87abf
tatqa_dev,dev,b51d337b-6e4a-42cf-920e-dff6fe9a9f19,13bb283b-4b9c-42b9-9b02-f1b2e1a87abf
tatqa_dev,dev,4ec6ff4d-d8ef-4cdd-aeab-df75b41f5c01,13bb283b-4b9c-42b9-9b02-f1b2e1a87abf
tatqa_dev,dev,4efdbbd2-affc-4243-9a77-de359c8464b5,13bb283b-4b9c-42b9-9b02-f1b2e1a87abf
tatqa_dev,dev,a1912c87-d68c-42ea-b0da-98908097d227,13bb283b-4b9c-42b9-9b02-f1b2e1a87abf
tatqa_dev,dev,01de2123-400f-4411-98d9-cd3f9f1e4136,13bb283b-4b9c-42b9-9b02-f1b2e1a87abf
tatqa_dev,dev,38d1e9f8-52ca-4a6e-b6f3-5d45df9f6cfd,8692f92d-668a-452d-be7a-2b491ee27585
tatqa_dev,dev,bd230040-945d-4d31-8a20-086e77788921,8692f92d-668a-452d-be7a-2b491ee27585
tatqa_dev,dev,60f56c75-1fb7-4295-bdfd-40e4e13a02f1,8692f92d-668a-452d-be7a-2b491ee27585
tatqa_dev,dev,692ea65a-9a60-4210-bd75-d34231e2e113,8692f92d-668a-452d-be7a-2b491ee27585
tatqa_dev,dev,7cba7400-af25-4f71-a49d-35d5eec31458,8692f92d-668a-452d-be7a-2b491ee27585
tatqa_dev,dev,94ef7822-a201-493e-b557-a640f4ea4d83,8692f92d-668a-452d-be7a-2b491ee27585
tatqa_dev,dev,2d346a40-a0e7-4945-b627-b7d01dfc4605,2061da6a-894b-4eaa-9a35-e784fee8ba4f
tatqa_dev,dev,d24cfccf-33df-42e1-aa61-1291a496a7e4,2061da6a-894b-4eaa-9a35-e784fee8ba4f
tatqa_dev,dev,d5658939-2392-4b9e-9506-2ed900562b72,2061da6a-894b-4eaa-9a35-e784fee8ba4f
tatqa_dev,dev,995ea3dc-1c2d-4400-8cc3-c54615197f40,2061da6a-894b-4eaa-9a35-e784fee8ba4f
tatqa_dev,dev,bfce0375-cbd0-4e25-9b82-0424058918f1,2061da6a-894b-4eaa-9a35-e784fee8ba4f
tatqa_dev,dev,0387cbd4-ca2d-46d5-a765-36a393525af8,2061da6a-894b-4eaa-9a35-e784fee8ba4f
tatqa_dev,dev,4f36787f-f2cb-40ee-a770-1c5e21c3bbb0,4232c6c1-97cf-48ad-8b8b-f956871a3212
tatqa_dev,dev,b846ef86-89ff-475e-a8dd-cf2687c4f51f,4232c6c1-97cf-48ad-8b8b-f956871a3212
tatqa_dev,dev,6442d83a-1ee4-4545-9bc5-4a5e9d4bc01a,4232c6c1-97cf-48ad-8b8b-f956871a3212
tatqa_dev,dev,73693527-ed4b-4d07-941e-0e654095a43d,4232c6c1-97cf-48ad-8b8b-f956871a3212
tatqa_dev,dev,29aed76e-30b8-4d76-be8c-b7a58731646b,4232c6c1-97cf-48ad-8b8b-f956871a3212
tatqa_dev,dev,5dc7a9ae-acd0-4b54-9721-ff522aaef3f5,4232c6c1-97cf-48ad-8b8b-f956871a3212
tatqa_dev,dev,a1125067-8d97-4f6c-8885-172086fc18df,5edfd497-7fc1-467c-a68e-825584370718
tatqa_dev,dev,1814cf3d-030a-4dbd-8bd1-67c9129e0fe9,5edfd497-7fc1-467c-a68e-825584370718
tatqa_dev,dev,9a9ba673-7d9b-4c45-b43a-b15589b0ef3e,5edfd497-7fc1-467c-a68e-825584370718
tatqa_dev,dev,6178e1a5-dfe9-4b6e-97db-b937df61e08d,5edfd497-7fc1-467c-a68e-825584370718
tatqa_dev,dev,576facaf-8bda-4e8f-bd07-531d4a3e9070,5edfd497-7fc1-467c-a68e-825584370718
tatqa_dev,dev,03de2d3b-2e3d-425f-8f59-7dfca536488e,5edfd497-7fc1-467c-a68e-825584370718
tatqa_dev,dev,8d8801d9-ea00-4bf9-ac9c-825d05ac88fd,ba26cd64-e448-4ffb-bfaa-c6ad4760fba7
tatqa_dev,dev,6a70bb28-60b3-435f-8d11-f97dc8ddad6d,ba26cd64-e448-4ffb-bfaa-c6ad4760fba7
tatqa_dev,dev,01dedbe0-7d7e-4db1-ac51-eb84b4eb7d98,ba26cd64-e448-4ffb-bfaa-c6ad4760fba7
tatqa_dev,dev,4048700c-347c-4cef-b3dd-c75e903a29d2,ba26cd64-e448-4ffb-bfaa-c6ad4760fba7
tatqa_dev,dev,4a253bf4-b9fc-4ec3-b99b-d2744646a296,ba26cd64-e448-4ffb-bfaa-c6ad4760fba7
tatqa_dev,dev,74183d5d-7633-43b5-bd7b-f0894fbe2299,ba26cd64-e448-4ffb-bfaa-c6ad4760fba7
tatqa_dev,dev,9d643402-9a95-452f-8959-faf1c19cfa5e,54719676-874d-439c-a095-b0776e1de331
tatqa_dev,dev,1238d807-aa57-48a3-93b6-591873788625,54719676-874d-439c-a095-b0776e1de331
tatqa_dev,dev,0c1736a6-bc48-4250-81da-d0ca69d28918,54719676-874d-439c-a095-b0776e1de331
tatqa_dev,dev,ef9d4839-5277-4614-bb73-f902fd8a38b6,54719676-874d-439c-a095-b0776e1de331
tatqa_dev,dev,127bfb55-b54a-4402-b2f6-c4c7d79d50f2,54719676-874d-439c-a095-b0776e1de331
tatqa_dev,dev,fec503e8-6f91-483e-856d-bb1278bd031f,54719676-874d-439c-a095-b0776e1de331
tatqa_dev,dev,a63d3ed6-e071-4050-827d-240127300f79,00a5764e-8bb7-48f1-a4cb-bea0edf188b1
tatqa_dev,dev,ad80aae6-eefc-4488-85ba-ae52fa2f4ffc,00a5764e-8bb7-48f1-a4cb-bea0edf188b1
tatqa_dev,dev,7eba04ad-11a9-4486-b760-7c7c35eeca95,00a5764e-8bb7-48f1-a4cb-bea0edf188b1
tatqa_dev,dev,a3e21403-222e-4328-8f7d-9383d2d91fe9,00a5764e-8bb7-48f1-a4cb-bea0edf188b1
tatqa_dev,dev,a3637ae4-b286-44a5-a115-83867e4bb14e,00a5764e-8bb7-48f1-a4cb-bea0edf188b1
tatqa_dev,dev,d3f04ae4-ced9-446d-87b7-bb9d193e3603,00a5764e-8bb7-48f1-a4cb-bea0edf188b1
tatqa_dev,dev,9954ad06-2377-4d2f-aefd-ac46ac68c79b,b05fde22-386f-442b-a606-0ef9db39ff51
tatqa_dev,dev,d0f9e7d5-d8e9-4435-b646-f62b13a2073d,b05fde22-386f-442b-a606-0ef9db39ff51
tatqa_dev,dev,6b554f1e-5807-4db8-81fa-96eb20aa436d,b05fde22-386f-442b-a606-0ef9db39ff51
tatqa_dev,dev,81753c29-3174-463f-a579-91c17e0097c2,b05fde22-386f-442b-a606-0ef9db39ff51
tatqa_dev,dev,8b6a4479-3b77-4db7-a90c-8b1ca41a8997,b05fde22-386f-442b-a606-0ef9db39ff51
tatqa_dev,dev,7b2b17a9-6409-45fb-907f-270832305974,b05fde22-386f-442b-a606-0ef9db39ff51
tatqa_dev,dev,2c229f23-8e06-49c3-9c75-fc5ad0a35e82,68bafc82-b795-4c7b-9506-e901223c3526
tatqa_dev,dev,da78a862-718e-4270-b857-2c974897ae8c,68bafc82-b795-4c7b-9506-e901223c3526
tatqa_dev,dev,3cdaadc1-da88-4b97-9863-a2133f4da174,68bafc82-b795-4c7b-9506-e901223c3526
tatqa_dev,dev,ef5d761b-bfee-40ad-8df9-7464b0c36f01,68bafc82-b795-4c7b-9506-e901223c3526
tatqa_dev,dev,1e20b997-cb3b-4bc5-93e6-b45dbe945fb5,68bafc82-b795-4c7b-9506-e901223c3526
tatqa_dev,dev,3b5bb347-41c7-499a-b044-87b9a04b0833,68bafc82-b795-4c7b-9506-e901223c3526
tatqa_dev,dev,31e7fa5c-155c-4ed5-85ee-10dc8eb5c6bc,bcbd7783-86ad-430d-aa96-48808bb0426c
tatqa_dev,dev,ea6cb8e6-64e7-4b50-8965-5aeee716adec,bcbd7783-86ad-430d-aa96-48808bb0426c
tatqa_dev,dev,d023e08e-4208-4fed-b81f-665840cec045,bcbd7783-86ad-430d-aa96-48808bb0426c
tatqa_dev,dev,a4308d65-606f-4563-94e1-5ff5c049051a,bcbd7783-86ad-430d-aa96-48808bb0426c
tatqa_dev,dev,9d2bd743-f600-4e40-86dd-ebd18cbbe311,bcbd7783-86ad-430d-aa96-48808bb0426c
tatqa_dev,dev,0d0c77cf-d32c-4b0e-8da0-dcaa3f681f59,bcbd7783-86ad-430d-aa96-48808bb0426c
tatqa_dev,dev,3b8f4113-c939-441c-bfdd-c8dcae1bd000,4145912c-86dc-434b-8990-1cfe78f298f5
tatqa_dev,dev,cd3b4bb4-f9a5-4350-b823-0e50c792b4a2,4145912c-86dc-434b-8990-1cfe78f298f5
tatqa_dev,dev,a1138b22-091e-4d69-b8dd-478496edb0c1,4145912c-86dc-434b-8990-1cfe78f298f5
tatqa_dev,dev,259e18e8-4738-4f4d-b625-e352ca78a136,4145912c-86dc-434b-8990-1cfe78f298f5
tatqa_dev,dev,407d43ea-c405-4b88-95ae-d15b1f25fb25,4145912c-86dc-434b-8990-1cfe78f298f5
tatqa_dev,dev,681dcc0f-a32e-46ca-9785-1289a6aba802,4145912c-86dc-434b-8990-1cfe78f298f5
tatqa_dev,dev,b8a698d2-1529-4d55-a046-7ecc775a55cf,82dca6c3-9259-4be6-9c9f-fc74aa6c81f7
tatqa_dev,dev,2cefe0db-9e87-47d9-b441-844a5d6b6d5c,82dca6c3-9259-4be6-9c9f-fc74aa6c81f7
tatqa_dev,dev,dafea934-5628-452d-9936-543e9b0fbc0a,82dca6c3-9259-4be6-9c9f-fc74aa6c81f7
tatqa_dev,dev,7b6c7193-cb2b-47b7-86e9-1c01771a9dac,82dca6c3-9259-4be6-9c9f-fc74aa6c81f7
tatqa_dev,dev,d2969c34-708e-4ab0-8e21-32c0b18c544c,82dca6c3-9259-4be6-9c9f-fc74aa6c81f7
tatqa_dev,dev,09f203b1-e7f7-4b25-941b-cfca3a5488e8,82dca6c3-9259-4be6-9c9f-fc74aa6c81f7
tatqa_dev,dev,ef58e193-524b-46c6-9d96-4bc023bc87b3,a9ddf64a-2806-4476-b341-05d7d06fdcf6
tatqa_dev,dev,7081ae21-7803-4bf4-bc0f-da12a57afa4f,a9ddf64a-2806-4476-b341-05d7d06fdcf6
tatqa_dev,dev,4d6deec5-33c4-4105-a88c-07a38974bb75,a9ddf64a-2806-4476-b341-05d7d06fdcf6
tatqa_dev,dev,59f13f19-4494-4c54-8e9a-1b499d50021a,a9ddf64a-2806-4476-b341-05d7d06fdcf6
tatqa_dev,dev,b382a11b-749b-425a-a77d-20e943e00f77,a9ddf64a-2806-4476-b341-05d7d06fdcf6
tatqa_dev,dev,741f8b2e-9312-4426-893d-69b99fab247b,a9ddf64a-2806-4476-b341-05d7d06fdcf6
tatqa_dev,dev,6fc46e0a-c688-4de3-81f6-f0f9063b1bd7,361835e5-b8ba-49c5-9ebb-ce0aa5eca2bf
tatqa_dev,dev,ee17a223-9e52-4c46-8c7c-a1452cc25a62,361835e5-b8ba-49c5-9ebb-ce0aa5eca2bf
tatqa_dev,dev,75e87deb-5357-4389-a9d8-0b15722b4ff3,361835e5-b8ba-49c5-9ebb-ce0aa5eca2bf
tatqa_dev,dev,793f8643-9944-42b4-a703-1a054ea88aa7,361835e5-b8ba-49c5-9ebb-ce0aa5eca2bf
tatqa_dev,dev,cf89ffee-b551-4e34-9321-30325df32cc1,361835e5-b8ba-49c5-9ebb-ce0aa5eca2bf
tatqa_dev,dev,147f7c09-a627-4719-93ad-33661b5a4543,361835e5-b8ba-49c5-9ebb-ce0aa5eca2bf
tatqa_dev,dev,0971c47c-02e3-496c-b492-23caa00bf4d7,a3aadeea-1c1a-4449-9244-d5e8e1d7f277
tatqa_dev,dev,23b15783-1924-4c42-8804-a5503a750db7,a3aadeea-1c1a-4449-9244-d5e8e1d7f277
tatqa_dev,dev,a5f0fd48-88aa-469d-9420-9d94236cc967,a3aadeea-1c1a-4449-9244-d5e8e1d7f277
tatqa_dev,dev,6a441650-9d8a-43a0-8906-bec97a73ca2c,a3aadeea-1c1a-4449-9244-d5e8e1d7f277
tatqa_dev,dev,823e5a6b-39c1-48ff-aa63-9e103eda8509,a3aadeea-1c1a-4449-9244-d5e8e1d7f277
tatqa_dev,dev,eb1ecc18-e3d3-4dd6-a689-546998eb2784,a3aadeea-1c1a-4449-9244-d5e8e1d7f277
tatqa_dev,dev,bb759b34-4a56-4561-8bb9-f5a636d8046e,8ba4089b-a3d7-403b-860a-40a9cbdf3d8c
tatqa_dev,dev,8e9772d7-f829-47fe-890d-0bbc994acb5c,8ba4089b-a3d7-403b-860a-40a9cbdf3d8c
tatqa_dev,dev,0bc2f342-ba84-4967-867b-351e30f69be1,8ba4089b-a3d7-403b-860a-40a9cbdf3d8c
tatqa_dev,dev,52e8f6d3-c359-4ead-afc8-08632bc21ba1,8ba4089b-a3d7-403b-860a-40a9cbdf3d8c
tatqa_dev,dev,c79e02ff-37fd-4adf-9144-890d2562209f,8ba4089b-a3d7-403b-860a-40a9cbdf3d8c
tatqa_dev,dev,cccd20d0-ee77-4d5b-9437-4ee9ce56c27e,8ba4089b-a3d7-403b-860a-40a9cbdf3d8c
tatqa_dev,dev,25ee0333-a4e1-436e-9d3c-35e5fcdd342f,75c4ce3e-859b-4c3c-8443-6b8b3a70724f
tatqa_dev,dev,cd2f5a7a-bf19-459f-b9de-85ffecd5ed36,75c4ce3e-859b-4c3c-8443-6b8b3a70724f
tatqa_dev,dev,300bf94a-f8cd-4be4-a6b8-689c5001ff94,75c4ce3e-859b-4c3c-8443-6b8b3a70724f
tatqa_dev,dev,7c199dce-cde4-4685-93cb-f7f8f7ee1e5a,75c4ce3e-859b-4c3c-8443-6b8b3a70724f
tatqa_dev,dev,8c38b541-2093-416e-82c5-a107e8928782,75c4ce3e-859b-4c3c-8443-6b8b3a70724f
tatqa_dev,dev,8a21f821-eaf6-421a-8c67-795e7e2d1f61,75c4ce3e-859b-4c3c-8443-6b8b3a70724f
tatqa_dev,dev,abd8ed20-fbf4-4312-9d29-876330cc9315,e8a14965-257d-4945-9f13-d0e2e84d9ff8
tatqa_dev,dev,43503b8f-b897-4100-b3f4-8d888a33224a,e8a14965-257d-4945-9f13-d0e2e84d9ff8
tatqa_dev,dev,b4aec8a2-4b31-46c9-acef-5930ecaaeade,e8a14965-257d-4945-9f13-d0e2e84d9ff8
tatqa_dev,dev,d0ed80ce-7ced-4c7f-88f6-2ea50d1b18e6,e8a14965-257d-4945-9f13-d0e2e84d9ff8
tatqa_dev,dev,f3c2a0c3-eb77-4161-94e3-98ca2740e978,e8a14965-257d-4945-9f13-d0e2e84d9ff8
tatqa_dev,dev,07ec204e-3922-4b5c-b1fd-9cb9311a53e5,e8a14965-257d-4945-9f13-d0e2e84d9ff8
tatqa_dev,dev,63b1c0cb-a00b-4f8a-843e-6b0795ef8cef,d873a0cf-2e57-46f3-b9a5-2596808ffa00
tatqa_dev,dev,68ac2c86-8373-4134-960f-5d64427528ec,d873a0cf-2e57-46f3-b9a5-2596808ffa00
tatqa_dev,dev,eeac2f51-6c05-4287-8720-2b211b58c13c,d873a0cf-2e57-46f3-b9a5-2596808ffa00
tatqa_dev,dev,f1034ee7-b182-48d5-bad8-1d9902500f57,d873a0cf-2e57-46f3-b9a5-2596808ffa00
tatqa_dev,dev,545cb01f-9b10-4a1b-8a7c-e9e74e725b26,d873a0cf-2e57-46f3-b9a5-2596808ffa00
tatqa_dev,dev,cc053817-3496-48b3-9bfc-83e9ba71bb57,d873a0cf-2e57-46f3-b9a5-2596808ffa00
tatqa_dev,dev,cf30adbb-c986-4b67-aa14-d0021d7a8f61,d7d65228-96c1-4890-951c-c3d7578f8031
tatqa_dev,dev,0fc63de0-335d-438e-a65a-b65faae8f011,d7d65228-96c1-4890-951c-c3d7578f8031
tatqa_dev,dev,a8d02db2-d1ef-43e6-9207-8435b4ee609e,d7d65228-96c1-4890-951c-c3d7578f8031
tatqa_dev,dev,fda3b0cb-bc87-4cbc-bc8f-79604538a700,d7d65228-96c1-4890-951c-c3d7578f8031
tatqa_dev,dev,8d8c9fb6-6316-4fad-881e-7cdb3cfa965a,d7d65228-96c1-4890-951c-c3d7578f8031
tatqa_dev,dev,b4aabd48-5010-425f-be30-c63f1c648c85,d7d65228-96c1-4890-951c-c3d7578f8031
tatqa_dev,dev,004b1595-0b63-4e9b-bbea-04da5182e510,9989ca79-5332-47be-a08e-85f2648cdde7
tatqa_dev,dev,bf2746d1-d2d9-45ea-9a0c-a492bc7efa96,9989ca79-5332-47be-a08e-85f2648cdde7
tatqa_dev,dev,eec369e8-5d50-4bec-91a5-5037f73a12d6,9989ca79-5332-47be-a08e-85f2648cdde7
tatqa_dev,dev,f12806ca-aa4c-4fe6-84fc-10cefca76a9e,9989ca79-5332-47be-a08e-85f2648cdde7
tatqa_dev,dev,161c5ecf-1d8d-45aa-bc75-ea5de0d06af8,9989ca79-5332-47be-a08e-85f2648cdde7
tatqa_dev,dev,c5d0c182-6f28-4868-8f77-db446c0de097,9989ca79-5332-47be-a08e-85f2648cdde7
tatqa_dev,dev,de9f1444-72fd-475d-a1d1-f883da337c99,d8568399-5323-490a-9ea9-90968abca2f4
tatqa_dev,dev,149b0f1a-231a-452b-a894-442970f404b2,d8568399-5323-490a-9ea9-90968abca2f4
tatqa_dev,dev,48d758f8-c568-46fb-9510-be4536535c74,d8568399-5323-490a-9ea9-90968abca2f4
tatqa_dev,dev,f36e5912-f63c-4837-a9ed-ddbe73e5148b,d8568399-5323-490a-9ea9-90968abca2f4
tatqa_dev,dev,7ff6facd-1f7b-471c-9e38-5177c4eac9ba,d8568399-5323-490a-9ea9-90968abca2f4
tatqa_dev,dev,d13b3204-0428-41af-8e4a-771dde352c50,d8568399-5323-490a-9ea9-90968abca2f4
tatqa_dev,dev,9e5d65f8-9015-40a0-a35f-361b9b7c753d,c29582f8-d95d-480c-8daf-320273546471
tatqa_dev,dev,9957f721-103b-403d-ab50-224765d94028,c29582f8-d95d-480c-8daf-320273546471
tatqa_dev,dev,63fa4930-5288-413c-bcc9-7bd6748a2968,c29582f8-d95d-480c-8daf-320273546471
tatqa_dev,dev,e1ae4755-8038-4862-9f2f-b4197f9f2159,c29582f8-d95d-480c-8daf-320273546471
tatqa_dev,dev,eb50d3aa-16da-4087-9ab2-10106ebd10e7,c29582f8-d95d-480c-8daf-320273546471
tatqa_dev,dev,61451090-3f7b-4fb1-b405-64a786d937d8,c29582f8-d95d-480c-8daf-320273546471
tatqa_dev,dev,1564df87-7658-4b60-8f1e-1ac808265704,47fb3538-2c0a-4a82-97b2-90a1543b871d
tatqa_dev,dev,432ee5f4-b59e-4918-b640-bbd7295fb386,47fb3538-2c0a-4a82-97b2-90a1543b871d
tatqa_dev,dev,5db92b3b-23c9-498d-ba92-3238fb54f1ee,47fb3538-2c0a-4a82-97b2-90a1543b871d
tatqa_dev,dev,56a014a9-5b9c-41e5-9523-ebbd3a01dd6d,47fb3538-2c0a-4a82-97b2-90a1543b871d
tatqa_dev,dev,2af4c7cf-79a2-4bdf-81b8-dbaff5081bc3,47fb3538-2c0a-4a82-97b2-90a1543b871d
tatqa_dev,dev,856c56ac-e6f5-4cfc-8f29-69f67dc717da,47fb3538-2c0a-4a82-97b2-90a1543b871d
tatqa_dev,dev,31da5545-a8af-4633-94cb-c97bec0f8b35,e71199c7-f1f7-462e-af00-a1a97247320f
tatqa_dev,dev,cf876785-435b-4998-9ddf-e07e1e037cde,e71199c7-f1f7-462e-af00-a1a97247320f
tatqa_dev,dev,467722ba-4605-4155-86c5-5b1392095649,e71199c7-f1f7-462e-af00-a1a97247320f
tatqa_dev,dev,711441b9-5999-469a-921c-954d7e19e41c,e71199c7-f1f7-462e-af00-a1a97247320f
tatqa_dev,dev,d53d179b-a28e-4c5b-8817-fb6b7f843327,e71199c7-f1f7-462e-af00-a1a97247320f
tatqa_dev,dev,593a3304-3fbe-47d2-a004-f4459ef3d014,e71199c7-f1f7-462e-af00-a1a97247320f
tatqa_dev,dev,a1a74a36-62d8-4b1f-b438-2ea8890bcb39,d476a981-e201-4b5f-9e39-a7b941bfac18
tatqa_dev,dev,16c00ddb-5691-4d61-b8cd-c90c3ccd84a0,d476a981-e201-4b5f-9e39-a7b941bfac18
tatqa_dev,dev,29ee700b-7a2f-45f3-97d9-e7a49726abef,d476a981-e201-4b5f-9e39-a7b941bfac18
tatqa_dev,dev,0f45cc67-fd57-4930-a0d0-f5d7174d7562,d476a981-e201-4b5f-9e39-a7b941bfac18
tatqa_dev,dev,a30ab3a2-f930-4bf4-9b52-35c9c504d992,d476a981-e201-4b5f-9e39-a7b941bfac18
tatqa_dev,dev,7df5635a-6f79-4fd2-8dc4-a5040e04cf4c,d476a981-e201-4b5f-9e39-a7b941bfac18
tatqa_dev,dev,40094db9-c0f5-4a92-9986-db48c0769f85,e6e7a1b1-07ba-4347-83df-8137dd88fd81
tatqa_dev,dev,41ae87c6-453a-4674-a4de-d886714df9d0,e6e7a1b1-07ba-4347-83df-8137dd88fd81
tatqa_dev,dev,3a43e24f-67ef-4a46-b06d-f61693be42e0,e6e7a1b1-07ba-4347-83df-8137dd88fd81
tatqa_dev,dev,da716abd-9641-4038-8f1d-4233fcf405ee,e6e7a1b1-07ba-4347-83df-8137dd88fd81
tatqa_dev,dev,3561fe2c-d1b1-4968-9d89-b6fa2d24bbe7,e6e7a1b1-07ba-4347-83df-8137dd88fd81
tatqa_dev,dev,cd461457-bc43-45fe-9a82-147a7dd1c700,e6e7a1b1-07ba-4347-83df-8137dd88fd81
tatqa_dev,dev,78d43d6d-8ed5-490a-81d7-8ac5a557b2c4,65264b50-696b-4a33-ab5b-16210448870f
tatqa_dev,dev,3f5f4988-e1f3-4f41-b16b-d971478fe2f4,65264b50-696b-4a33-ab5b-16210448870f
tatqa_dev,dev,3b7e713e-6917-4b45-a1fc-6df24e68e885,65264b50-696b-4a33-ab5b-16210448870f
tatqa_dev,dev,5ba983d9-006e-473e-956f-5344532881ae,65264b50-696b-4a33-ab5b-16210448870f
tatqa_dev,dev,440e65d7-7c5c-4a28-871c-a828fa9860f3,65264b50-696b-4a33-ab5b-16210448870f
tatqa_dev,dev,f1d5753b-05a9-4752-b03a-493e97804fb7,65264b50-696b-4a33-ab5b-16210448870f
tatqa_dev,dev,a2f6c5c6-69f2-4906-b70d-d4005894acc1,c957de22-1cb4-4d10-be39-12a631ec2d0c
tatqa_dev,dev,e35d0769-f5cb-49ae-86f7-a06fc6d64068,c957de22-1cb4-4d10-be39-12a631ec2d0c
tatqa_dev,dev,50b3cd57-aadf-4b67-bebb-06d6d8de7247,c957de22-1cb4-4d10-be39-12a631ec2d0c
tatqa_dev,dev,2e3d4fe2-96f3-4ad9-b23f-1c590897b6e5,c957de22-1cb4-4d10-be39-12a631ec2d0c
tatqa_dev,dev,99f83ba7-2e57-44d8-ac0a-64ab3e9c7b47,c957de22-1cb4-4d10-be39-12a631ec2d0c
tatqa_dev,dev,8b2d5db2-7a47-4269-9df2-f44385bc0883,c957de22-1cb4-4d10-be39-12a631ec2d0c
tatqa_dev,dev,45bf41a3-5d6f-47a4-8e8d-4105cd009ee2,bd57880a-3395-45a5-83b1-8adc4483d4bd
tatqa_dev,dev,6cd8c338-8443-4512-849a-6d4c8dc6f683,bd57880a-3395-45a5-83b1-8adc4483d4bd
tatqa_dev,dev,ac5f7415-c83b-4a65-9cab-964727d9e0ce,bd57880a-3395-45a5-83b1-8adc4483d4bd
tatqa_dev,dev,28054524-2ce6-426c-bc87-3d61d4d73112,bd57880a-3395-45a5-83b1-8adc4483d4bd
tatqa_dev,dev,9963bd65-093e-4801-8050-d2524ff06e7f,bd57880a-3395-45a5-83b1-8adc4483d4bd
tatqa_dev,dev,b20228d3-316b-4831-b58e-6772e768e5e1,bd57880a-3395-45a5-83b1-8adc4483d4bd
tatqa_dev,dev,58d693a9-0c2f-4427-8984-a1191261cf2d,d58cd518-2123-4c6b-ab97-dc7b0a1896a2
tatqa_dev,dev,e88d4e5e-7425-4485-a8d6-36fc1f51a302,d58cd518-2123-4c6b-ab97-dc7b0a1896a2
tatqa_dev,dev,ad549f1c-0167-47cf-9d5b-c8f9f77b6db7,d58cd518-2123-4c6b-ab97-dc7b0a1896a2
tatqa_dev,dev,44e19675-9b48-4930-b682-438a516489aa,d58cd518-2123-4c6b-ab97-dc7b0a1896a2
tatqa_dev,dev,028bf685-261d-420f-a080-1a9b62147d53,d58cd518-2123-4c6b-ab97-dc7b0a1896a2
tatqa_dev,dev,805454d6-0eee-48b9-84e3-ec5cb3b3fa3d,d58cd518-2123-4c6b-ab97-dc7b0a1896a2
tatqa_dev,dev,80e8988f-0b68-4ea9-9be9-b9a0fd946cce,1e513178-a4f6-4446-90b1-8c379ac22f49
tatqa_dev,dev,4641b00e-c268-4846-abc9-d663aca00fb6,1e513178-a4f6-4446-90b1-8c379ac22f49
tatqa_dev,dev,af294acf-0db4-4248-9dcb-d7f53d1f0687,1e513178-a4f6-4446-90b1-8c379ac22f49
tatqa_dev,dev,6d9524f1-bfc7-42d0-91a1-3f9d831055d1,1e513178-a4f6-4446-90b1-8c379ac22f49
tatqa_dev,dev,2a033c15-38d5-4d0a-a45b-754fba6d6c33,1e513178-a4f6-4446-90b1-8c379ac22f49
tatqa_dev,dev,f91f52fd-ed2d-448f-82ad-c95a10bc64d2,1e513178-a4f6-4446-90b1-8c379ac22f49
tatqa_dev,dev,123b178f-598e-4abe-8feb-b6c27bed9d25,2f655c5a-3936-48e6-aa15-4145a5c12c3f
tatqa_dev,dev,f5c522f7-bc60-43ba-953e-f2845c8cd1b0,2f655c5a-3936-48e6-aa15-4145a5c12c3f
tatqa_dev,dev,b8ed9d15-95cd-4b7c-9406-8c0302bf66d9,2f655c5a-3936-48e6-aa15-4145a5c12c3f
tatqa_dev,dev,2f4e9dbb-92fc-4ade-873d-83a1cb1c0a21,2f655c5a-3936-48e6-aa15-4145a5c12c3f
tatqa_dev,dev,568f039b-5753-4e91-b3aa-17cbcbe9b259,2f655c5a-3936-48e6-aa15-4145a5c12c3f
tatqa_dev,dev,00a60f91-b2d2-4bc5-acc4-69121abf68a9,2f655c5a-3936-48e6-aa15-4145a5c12c3f
tatqa_dev,dev,2db5d1f3-2328-4446-afe9-23c58eb97835,4e94f70f-b7e3-453e-ae92-846768589e75
tatqa_dev,dev,78523190-61da-490f-b019-b065c317bfd3,4e94f70f-b7e3-453e-ae92-846768589e75
tatqa_dev,dev,9c9e2117-9318-4d67-9ba0-de60485b3c4d,4e94f70f-b7e3-453e-ae92-846768589e75
tatqa_dev,dev,9634107c-5ee5-4ad0-bc6e-47d6651b4d07,4e94f70f-b7e3-453e-ae92-846768589e75
tatqa_dev,dev,e18e3335-7e7a-4138-9f1b-813604e44c3c,4e94f70f-b7e3-453e-ae92-846768589e75
tatqa_dev,dev,9750180c-588d-4ba3-bc94-297d64b50e44,4e94f70f-b7e3-453e-ae92-846768589e75
tatqa_dev,dev,2f7c79b8-0403-403c-b8d5-d2f31d65eb5b,ed9804d6-e583-47eb-a945-82fc6343541e
tatqa_dev,dev,bf26e8bd-b119-4cea-85d5-04deecdbf6ec,ed9804d6-e583-47eb-a945-82fc6343541e
tatqa_dev,dev,6cd013f3-3064-417a-b00c-4096f84b3525,ed9804d6-e583-47eb-a945-82fc6343541e
tatqa_dev,dev,71548485-a281-433a-839e-2c46c12aef57,ed9804d6-e583-47eb-a945-82fc6343541e
tatqa_dev,dev,7e058249-0f63-4002-912b-598bb9c62352,ed9804d6-e583-47eb-a945-82fc6343541e
tatqa_dev,dev,afab19a4-a914-4a88-bc9d-699662b7fd3d,ed9804d6-e583-47eb-a945-82fc6343541e
tatqa_dev,dev,01cc7dfc-1b98-4e51-a501-8b357d8ddd75,1c48b8a3-6132-49e3-b966-e8f6198a8724
tatqa_dev,dev,7f28174b-306b-4d55-999e-1efee746cb63,1c48b8a3-6132-49e3-b966-e8f6198a8724
tatqa_dev,dev,73dc23b9-e36f-48a8-b99f-cf07ffe6832b,1c48b8a3-6132-49e3-b966-e8f6198a8724
tatqa_dev,dev,26d44a4e-9164-47a6-a2f5-523d6e9303d2,1c48b8a3-6132-49e3-b966-e8f6198a8724
tatqa_dev,dev,d5072c93-36bb-432c-adc8-6334fd6fe7ac,1c48b8a3-6132-49e3-b966-e8f6198a8724
tatqa_dev,dev,b11567d3-d651-40d8-9b9e-bc71eb37d7f9,1c48b8a3-6132-49e3-b966-e8f6198a8724
tatqa_dev,dev,0b890b7c-4b06-4672-93bd-dc0a40436510,34f239a7-17d1-4f11-8267-adc13f486668
tatqa_dev,dev,f88c39d3-3a3b-4b79-bf6e-0eb1bc708a3e,34f239a7-17d1-4f11-8267-adc13f486668
tatqa_dev,dev,93fc7ba4-3659-46a9-939d-013ddbc10950,34f239a7-17d1-4f11-8267-adc13f486668
tatqa_dev,dev,61c265a7-bfcd-4b54-b83c-65881267a2c8,34f239a7-17d1-4f11-8267-adc13f486668
tatqa_dev,dev,4c42c33e-d8b3-4b54-bb22-76c5600fbc09,34f239a7-17d1-4f11-8267-adc13f486668
tatqa_dev,dev,93c3d11c-cf30-4464-a882-479f5f0b3f79,34f239a7-17d1-4f11-8267-adc13f486668
tatqa_dev,dev,c3454b58-520a-4b25-a484-70e360c9c046,1b2ca134-09ae-4936-bc3d-453699823f6e
tatqa_dev,dev,ee8d24fe-3e25-42c3-824d-01ee134e7d2c,1b2ca134-09ae-4936-bc3d-453699823f6e
tatqa_dev,dev,182cda74-3187-4203-b61d-7063982822e5,1b2ca134-09ae-4936-bc3d-453699823f6e
tatqa_dev,dev,ffae65ab-7123-4c57-88a8-3bfec53e782a,1b2ca134-09ae-4936-bc3d-453699823f6e
tatqa_dev,dev,f4abaf73-faa0-430f-8a7c-c499b84550bf,1b2ca134-09ae-4936-bc3d-453699823f6e
tatqa_dev,dev,9547b235-f8de-4c17-a9ac-e78277fcaf1a,1b2ca134-09ae-4936-bc3d-453699823f6e
tatqa_dev,dev,75cadcb4-da5e-4e3e-b2ad-36a31be3d013,97b55a6f-ce8f-49de-b53a-8a523ab47835
tatqa_dev,dev,43b30c14-c73b-42af-8986-1b312905590f,97b55a6f-ce8f-49de-b53a-8a523ab47835
tatqa_dev,dev,c2c72e15-a955-4c45-bc51-95112d7db982,97b55a6f-ce8f-49de-b53a-8a523ab47835
tatqa_dev,dev,9307945c-0f8a-4ab8-8f5a-c5ee43b4d6d7,97b55a6f-ce8f-49de-b53a-8a523ab47835
tatqa_dev,dev,921426ff-bd1b-433c-886c-e38c4deaf900,97b55a6f-ce8f-49de-b53a-8a523ab47835
tatqa_dev,dev,3d6668c4-bae7-40fc-a69a-0a38bf220af9,97b55a6f-ce8f-49de-b53a-8a523ab47835
tatqa_dev,dev,d441a136-0168-4457-8fc8-05eb974388d1,6abeb5d3-0dfa-497f-a7db-bda257756a99
tatqa_dev,dev,5648a396-e509-4d62-a447-72513ce8b2df,6abeb5d3-0dfa-497f-a7db-bda257756a99
tatqa_dev,dev,a75bb0b1-4fb1-405c-b2f1-1df4ee3cc9be,6abeb5d3-0dfa-497f-a7db-bda257756a99
tatqa_dev,dev,abfc722d-6235-4ed2-81b3-90b25b3cd93c,6abeb5d3-0dfa-497f-a7db-bda257756a99
tatqa_dev,dev,14381fab-36ac-482b-9f77-2c78f3f34ffb,6abeb5d3-0dfa-497f-a7db-bda257756a99
tatqa_dev,dev,20092aeb-d39f-4b50-b927-0602b8a95c08,6abeb5d3-0dfa-497f-a7db-bda257756a99
tatqa_dev,dev,5d9a807a-9bd1-46f2-8d31-39c28f556810,da44d518-c39a-4673-9298-31feeafc61e4
tatqa_dev,dev,cb814053-9446-481b-bab4-37ed42cb5577,da44d518-c39a-4673-9298-31feeafc61e4
tatqa_dev,dev,9696e1f9-a7de-485b-b34d-727577fc5e0f,da44d518-c39a-4673-9298-31feeafc61e4
tatqa_dev,dev,b9578d1c-7db1-4837-aeb1-9e345ec0d111,da44d518-c39a-4673-9298-31feeafc61e4
tatqa_dev,dev,b9c6abaf-9cf8-4bd1-a01e-c6967767d2b4,da44d518-c39a-4673-9298-31feeafc61e4
tatqa_dev,dev,a366ea30-5ba3-4f62-b027-7fd4c0b7d6af,da44d518-c39a-4673-9298-31feeafc61e4
tatqa_dev,dev,2996d8a9-8fdc-46f7-9a6b-443663c6f03c,ceb7f8c7-91ee-4244-ba35-93c4e30271bb
tatqa_dev,dev,fc7baa9f-ec1a-407a-b353-7c08b2996135,ceb7f8c7-91ee-4244-ba35-93c4e30271bb
tatqa_dev,dev,ef507645-e136-48b1-88ec-0e92da934534,ceb7f8c7-91ee-4244-ba35-93c4e30271bb
tatqa_dev,dev,775c21fd-9c4c-44d7-9879-81c2ca6d2420,ceb7f8c7-91ee-4244-ba35-93c4e30271bb
tatqa_dev,dev,b70b2805-122b-436f-99cb-53be477a2b6e,ceb7f8c7-91ee-4244-ba35-93c4e30271bb
tatqa_dev,dev,732c81f8-a16d-4d34-9917-fa98c195feec,ceb7f8c7-91ee-4244-ba35-93c4e30271bb
tatqa_dev,dev,4aa8a4b9-c2a7-4422-8733-9409a6547563,8b43d33f-3ad3-489a-b5b1-51fa95808128
tatqa_dev,dev,2e4a6108-9eaa-4bf8-9fa9-de3395187d9f,8b43d33f-3ad3-489a-b5b1-51fa95808128
tatqa_dev,dev,087ed2c0-baa8-41f1-8e24-aa6d8156932f,8b43d33f-3ad3-489a-b5b1-51fa95808128
tatqa_dev,dev,b2fac184-b14e-4f25-88d5-15dc705954c4,8b43d33f-3ad3-489a-b5b1-51fa95808128
tatqa_dev,dev,182dd9ea-dd5f-4ea0-bc30-bb42ef1f801c,8b43d33f-3ad3-489a-b5b1-51fa95808128
tatqa_dev,dev,f6cb9974-2af7-43b3-9e1c-8cd5439dff67,8b43d33f-3ad3-489a-b5b1-51fa95808128
tatqa_dev,dev,f6ccfc15-3970-467d-b83e-e2ce0ff365e3,daf81839-002f-40c2-8067-b4ad7eaf1517
tatqa_dev,dev,af49c57c-91aa-4e69-b3e7-1df2d762b250,daf81839-002f-40c2-8067-b4ad7eaf1517
tatqa_dev,dev,9a09c7a7-922e-48ad-b9c0-12e7bca38f25,daf81839-002f-40c2-8067-b4ad7eaf1517
tatqa_dev,dev,95f11a7d-d59b-4123-9e64-561a4c91a839,daf81839-002f-40c2-8067-b4ad7eaf1517
tatqa_dev,dev,054a9bda-57cd-4749-9884-bf6733fd2bfd,daf81839-002f-40c2-8067-b4ad7eaf1517
tatqa_dev,dev,a692d44e-823d-4b9f-a9f6-5e7caa53295e,daf81839-002f-40c2-8067-b4ad7eaf1517
tatqa_dev,dev,e9e9c94b-9e83-418e-a6b1-9ec77dc80287,65cde743-18a6-418f-8f5a-000660a38cdf
tatqa_dev,dev,c1dacf29-e12d-45d6-8021-74f380595377,65cde743-18a6-418f-8f5a-000660a38cdf
tatqa_dev,dev,54f75d2c-ccef-4948-9312-ea7c84264dfa,65cde743-18a6-418f-8f5a-000660a38cdf
tatqa_dev,dev,f6ab478c-1396-4144-b8fb-2302499030a5,65cde743-18a6-418f-8f5a-000660a38cdf
tatqa_dev,dev,405f18a8-803b-4f68-be49-7490b74b3697,65cde743-18a6-418f-8f5a-000660a38cdf
tatqa_dev,dev,c5757bb4-a312-48ed-a244-29932669363c,65cde743-18a6-418f-8f5a-000660a38cdf
tatqa_dev,dev,816f3f4c-28fd-4382-b7be-f65902ec3fb7,5677fbce-7bb4-4f39-be85-a9ce618698c6
tatqa_dev,dev,69d47933-e853-40e9-a9cb-8af38f182b1d,5677fbce-7bb4-4f39-be85-a9ce618698c6
tatqa_dev,dev,c3800ccf-434f-45b1-aca5-ef7cd3ee342a,5677fbce-7bb4-4f39-be85-a9ce618698c6
tatqa_dev,dev,1504af2b-2364-4a59-8883-634a4ef67a34,5677fbce-7bb4-4f39-be85-a9ce618698c6
tatqa_dev,dev,7a77310d-bdbd-4ddd-886d-15b70985e957,5677fbce-7bb4-4f39-be85-a9ce618698c6
tatqa_dev,dev,ef466edc-6087-429c-89ac-359e6cb0977f,5677fbce-7bb4-4f39-be85-a9ce618698c6
tatqa_dev,dev,46aa7434-afd4-43da-8627-0a68f2f5d92d,15348b2f-52e0-498d-b0ea-b73ae40815b3
tatqa_dev,dev,87f83091-c636-41ea-a6b1-b89c4905072c,15348b2f-52e0-498d-b0ea-b73ae40815b3
tatqa_dev,dev,3de31a7f-0d57-4471-a3ab-4f698274be0c,15348b2f-52e0-498d-b0ea-b73ae40815b3
tatqa_dev,dev,a565f4a3-bd59-483a-9639-5fca986ef529,15348b2f-52e0-498d-b0ea-b73ae40815b3
tatqa_dev,dev,c36e2211-e46a-43d1-a0a8-ae87af347ae8,15348b2f-52e0-498d-b0ea-b73ae40815b3
tatqa_dev,dev,163f08ab-cfae-426a-9c03-4f84feba3bb6,15348b2f-52e0-498d-b0ea-b73ae40815b3
tatqa_dev,dev,7072a82d-0997-410d-b7f7-071b9eba5d25,2d43502e-4c4a-4334-954c-25502374d317
tatqa_dev,dev,ab09c56c-5e7a-4554-96c3-e3b2d1859453,2d43502e-4c4a-4334-954c-25502374d317
tatqa_dev,dev,36b5f384-0585-453c-9cfd-b587830ba23d,2d43502e-4c4a-4334-954c-25502374d317
tatqa_dev,dev,cdd25c08-9a9d-42c6-a5d0-6ff9d7a1e3f7,2d43502e-4c4a-4334-954c-25502374d317
tatqa_dev,dev,e81574d8-f9e8-48b3-85ab-a7ed36f8cbb0,2d43502e-4c4a-4334-954c-25502374d317
tatqa_dev,dev,426e47ae-aff7-43e2-81be-0bb951b0def1,2d43502e-4c4a-4334-954c-25502374d317
tatqa_dev,dev,d6593ccb-c5c6-4c9b-8832-9ecc5e2f73d7,dace18a6-701f-49d4-a16d-078e5b62fc94
tatqa_dev,dev,ec2b4644-8321-4e44-93f8-3838bba090db,dace18a6-701f-49d4-a16d-078e5b62fc94
tatqa_dev,dev,6cdd6fc8-6173-4515-a307-ee067f99ff2b,dace18a6-701f-49d4-a16d-078e5b62fc94
tatqa_dev,dev,07148f97-1ced-46e4-a141-5cdffe6e6528,dace18a6-701f-49d4-a16d-078e5b62fc94
tatqa_dev,dev,88795fae-3c5b-48d4-ae2d-57fe04b15c31,dace18a6-701f-49d4-a16d-078e5b62fc94
tatqa_dev,dev,ed9e3e80-6941-4888-9e40-bbd1cb092485,dace18a6-701f-49d4-a16d-078e5b62fc94
tatqa_dev,dev,a32bf1d5-210f-4879-8fb3-407fa11c826f,a7a7ede0-4575-4ace-8d5b-371db74ef3c1
tatqa_dev,dev,5835d53d-8b8c-42eb-9b0b-8dd44502c222,a7a7ede0-4575-4ace-8d5b-371db74ef3c1
tatqa_dev,dev,a450d07c-f8bd-44df-a819-8896111157df,a7a7ede0-4575-4ace-8d5b-371db74ef3c1
tatqa_dev,dev,5edcd80f-165f-433b-893c-d2e052add1c9,a7a7ede0-4575-4ace-8d5b-371db74ef3c1
tatqa_dev,dev,5f282807-f3fe-4efd-a4ef-b88a3d580bf9,a7a7ede0-4575-4ace-8d5b-371db74ef3c1
tatqa_dev,dev,44f28f4e-ce84-4300-b8d1-1644dda31933,a7a7ede0-4575-4ace-8d5b-371db74ef3c1
tatqa_dev,dev,2f25de01-c367-4011-8749-a1132424b6d0,64587c9c-afc2-45a9-8f47-df5dd18bd913
tatqa_dev,dev,c90b8c35-32eb-4672-b155-095b3d7e60cb,64587c9c-afc2-45a9-8f47-df5dd18bd913
tatqa_dev,dev,62813488-b5b2-4bec-8630-eb6438670b1d,64587c9c-afc2-45a9-8f47-df5dd18bd913
tatqa_dev,dev,cfbbdf60-d0d7-458c-853c-d1ffa1e8356f,64587c9c-afc2-45a9-8f47-df5dd18bd913
tatqa_dev,dev,a032279a-fde8-4152-9350-e5a9340f27c4,64587c9c-afc2-45a9-8f47-df5dd18bd913
tatqa_dev,dev,f5eb2ada-9a3c-4bbd-b96d-a83844cef935,64587c9c-afc2-45a9-8f47-df5dd18bd913
tatqa_dev,dev,3c9733f1-459f-4025-8cf8-3ac0859687fa,914fca09-058a-4409-85c0-7e399c857d4d
tatqa_dev,dev,94c35e80-a390-4db5-92db-9e52217a420f,914fca09-058a-4409-85c0-7e399c857d4d
tatqa_dev,dev,8d1b7f0f-8b57-4909-8436-2192011bf93e,914fca09-058a-4409-85c0-7e399c857d4d
tatqa_dev,dev,8d6a9357-86ed-45d4-9e08-2bb06cd8fe91,914fca09-058a-4409-85c0-7e399c857d4d
tatqa_dev,dev,5c59c850-a720-4b1f-b703-9e1d9ff8e242,914fca09-058a-4409-85c0-7e399c857d4d
tatqa_dev,dev,4f1d7142-98fe-4e6a-b8ea-3c2c451f5037,914fca09-058a-4409-85c0-7e399c857d4d
tatqa_dev,dev,a5babbf2-2a11-4864-bb84-8f06acf54e9f,53eec737-630e-4915-afbb-8c20cdd01263
tatqa_dev,dev,51ba81d0-3a0f-47a2-9ef2-667303127449,53eec737-630e-4915-afbb-8c20cdd01263
tatqa_dev,dev,8bbd76ee-cac2-4d04-b5ec-d0b874b3154e,53eec737-630e-4915-afbb-8c20cdd01263
tatqa_dev,dev,e3041bef-c305-431f-b165-54cb8bca77fb,53eec737-630e-4915-afbb-8c20cdd01263
tatqa_dev,dev,8c13eea0-3bc9-44d4-9352-e8380333a791,53eec737-630e-4915-afbb-8c20cdd01263
tatqa_dev,dev,95d916dc-67ce-4af0-8a84-574dce094c84,53eec737-630e-4915-afbb-8c20cdd01263
tatqa_dev,dev,349990e3-81f5-4000-bc1b-09fe23dd7b22,1aa69af8-7349-44da-a558-09e5d5fb73c5
tatqa_dev,dev,0d0a777a-4e40-4469-80d7-2dff77367e00,1aa69af8-7349-44da-a558-09e5d5fb73c5
tatqa_dev,dev,dce5415e-c62b-447c-8e84-cf4fb81c62b9,1aa69af8-7349-44da-a558-09e5d5fb73c5
tatqa_dev,dev,f5eadd42-a876-4cd8-a626-fc5c617ac6a1,1aa69af8-7349-44da-a558-09e5d5fb73c5
tatqa_dev,dev,e46197ab-25b7-4ecc-8717-50d84c336019,1aa69af8-7349-44da-a558-09e5d5fb73c5
tatqa_dev,dev,1971c1ca-989f-46d3-ab1f-2b2634c72c66,1aa69af8-7349-44da-a558-09e5d5fb73c5
tatqa_dev,dev,a196f97a-936d-435c-9160-3f41a472346a,62425e9b-b7de-4d31-9565-1042ad9e4926
tatqa_dev,dev,15765eb2-062e-475f-aef1-aaa58df90870,62425e9b-b7de-4d31-9565-1042ad9e4926
tatqa_dev,dev,e700aa58-2454-4af7-84fe-965254c07275,62425e9b-b7de-4d31-9565-1042ad9e4926
tatqa_dev,dev,ae9cffbb-a5ab-40ae-bc5b-a854f3a5a159,62425e9b-b7de-4d31-9565-1042ad9e4926
tatqa_dev,dev,c0d6605c-50c2-42b1-94f6-c4c601559918,62425e9b-b7de-4d31-9565-1042ad9e4926
tatqa_dev,dev,b194279c-16e5-4a17-9733-c8babb6e8281,62425e9b-b7de-4d31-9565-1042ad9e4926
tatqa_dev,dev,dc73d193-33f8-488f-ba21-d940503086f6,428d5e87-612b-468c-80f3-5b5298d589c8
tatqa_dev,dev,673dbf30-ea99-4e7e-ad03-b018616ba3f1,428d5e87-612b-468c-80f3-5b5298d589c8
tatqa_dev,dev,05c03d2a-7d92-4973-8771-7d0c6547464a,428d5e87-612b-468c-80f3-5b5298d589c8
tatqa_dev,dev,81cab6e1-acb6-4c1e-a5f7-ae283cbd1b53,428d5e87-612b-468c-80f3-5b5298d589c8
tatqa_dev,dev,ff1e12e8-e148-470f-95a8-3f23e02fa62d,428d5e87-612b-468c-80f3-5b5298d589c8
tatqa_dev,dev,a4be9eab-ad03-4d67-9136-62d7cbe40e1e,428d5e87-612b-468c-80f3-5b5298d589c8
tatqa_dev,dev,611e2914-6d3f-4e81-a9f0-f210d5005b60,a961dd41-e5cb-40ce-876d-7c2f2c7dae96
tatqa_dev,dev,806247ca-aa73-4484-b2e6-d7221a64610f,a961dd41-e5cb-40ce-876d-7c2f2c7dae96
tatqa_dev,dev,8d0671c8-7300-4ea8-b425-2d39a11ca3c8,a961dd41-e5cb-40ce-876d-7c2f2c7dae96
tatqa_dev,dev,162f80b9-b689-4405-b6b2-5e98d3882ce7,a961dd41-e5cb-40ce-876d-7c2f2c7dae96
tatqa_dev,dev,0b7463b3-ed9e-47a0-b838-b26e0ab886eb,a961dd41-e5cb-40ce-876d-7c2f2c7dae96
tatqa_dev,dev,acbacb07-2a66-418b-b6da-53424c35abd5,a961dd41-e5cb-40ce-876d-7c2f2c7dae96
tatqa_dev,dev,ffb5a0e7-8e72-43ea-9fb8-9a6db5a53300,b4fefe60-e68c-4ba3-a8f9-35395b7ea0a5
tatqa_dev,dev,47ddef52-b3ac-40bf-9a23-e2edf57d5601,b4fefe60-e68c-4ba3-a8f9-35395b7ea0a5
tatqa_dev,dev,a70007ee-49fd-426f-89dc-8fd5a2590e16,b4fefe60-e68c-4ba3-a8f9-35395b7ea0a5
tatqa_dev,dev,1f781a60-f0df-4a3a-861c-71b8eaaf379c,b4fefe60-e68c-4ba3-a8f9-35395b7ea0a5
tatqa_dev,dev,49e5b466-62c9-4cab-8d70-8e9317e7a007,b4fefe60-e68c-4ba3-a8f9-35395b7ea0a5
tatqa_dev,dev,5beff07b-d9e0-4592-b11a-47bc4bbb5e07,b4fefe60-e68c-4ba3-a8f9-35395b7ea0a5
tatqa_dev,dev,e5417b8b-e0f4-4259-9012-dec45d2ffacd,6d9e104c-a89c-4d15-bacf-47c19d8d6445
tatqa_dev,dev,61ad7e9b-70ab-4f75-a14a-6b9fbdb1a86b,6d9e104c-a89c-4d15-bacf-47c19d8d6445
tatqa_dev,dev,075aa3b8-dd50-41b2-86b5-64817c242bb1,6d9e104c-a89c-4d15-bacf-47c19d8d6445
tatqa_dev,dev,7707ff1b-ca2c-4d72-aad1-81315a5f54ff,6d9e104c-a89c-4d15-bacf-47c19d8d6445
tatqa_dev,dev,12005950-7f78-497e-a1b4-cfc8c7389aa1,6d9e104c-a89c-4d15-bacf-47c19d8d6445
tatqa_dev,dev,297b00ae-9c26-4401-82b5-a6de76674ee9,6d9e104c-a89c-4d15-bacf-47c19d8d6445
tatqa_dev,dev,cb56155f-509f-44d1-8d20-105bac17817f,b224a7d4-b81c-400d-b4ed-4d7473dd85cc
tatqa_dev,dev,54abbf63-d8b0-49a5-85da-b89645bcb90a,b224a7d4-b81c-400d-b4ed-4d7473dd85cc
tatqa_dev,dev,02c88105-1688-4b83-b531-6456151dbe69,b224a7d4-b81c-400d-b4ed-4d7473dd85cc
tatqa_dev,dev,ebae8430-83a7-49c7-af14-99ddf4b1e376,b224a7d4-b81c-400d-b4ed-4d7473dd85cc
tatqa_dev,dev,1fe30b3b-c8d4-47e2-a4b2-d2a583da9ce7,b224a7d4-b81c-400d-b4ed-4d7473dd85cc
tatqa_dev,dev,2d0072b8-5110-4323-ac2e-0d294045da92,b224a7d4-b81c-400d-b4ed-4d7473dd85cc
tatqa_dev,dev,15d9e034-c5f9-4bd4-95df-74cf1fe689e7,54c494f7-d731-49bf-b9cd-d494aea72e34
tatqa_dev,dev,f02cef94-877b-4812-b389-f0f28f552313,54c494f7-d731-49bf-b9cd-d494aea72e34
tatqa_dev,dev,2d608a6f-38fb-4398-9a20-c93eac09d9e1,54c494f7-d731-49bf-b9cd-d494aea72e34
tatqa_dev,dev,b4884040-a0bc-428a-9a1c-6346acb6dc3c,54c494f7-d731-49bf-b9cd-d494aea72e34
tatqa_dev,dev,258ca40e-3191-4132-9405-edb2cad6e57c,54c494f7-d731-49bf-b9cd-d494aea72e34
tatqa_dev,dev,c34555c9-39a6-4505-bc7e-fcabfa3ae6cd,54c494f7-d731-49bf-b9cd-d494aea72e34
tatqa_dev,dev,159884f1-7a75-4509-ae3e-54f3e313a1bd,a86d227e-37d3-446b-8d4a-793aff901edc
tatqa_dev,dev,2e569f93-d58b-44a7-a947-ea6784b0623d,a86d227e-37d3-446b-8d4a-793aff901edc
tatqa_dev,dev,fd59c14d-0312-4725-92d8-5c30cd5c5c7a,a86d227e-37d3-446b-8d4a-793aff901edc
tatqa_dev,dev,a0bca80b-e742-4b34-8adc-6f408daba014,a86d227e-37d3-446b-8d4a-793aff901edc
tatqa_dev,dev,7ded8eab-e26b-42b5-a8cb-77f8a24e2e41,a86d227e-37d3-446b-8d4a-793aff901edc
tatqa_dev,dev,ce871dfa-2a00-4b03-a66b-e8e44580ae80,a86d227e-37d3-446b-8d4a-793aff901edc
tatqa_dev,dev,e7d37a39-d207-4afc-be93-18bede693dd4,f5cab3e6-1f49-4434-b9a2-5e97073b985b
tatqa_dev,dev,511beaff-af2b-46f9-9eea-268e338270b2,f5cab3e6-1f49-4434-b9a2-5e97073b985b
tatqa_dev,dev,cf9ea7bd-d26e-4ba9-a2a9-b1e1c73ec11c,f5cab3e6-1f49-4434-b9a2-5e97073b985b
tatqa_dev,dev,4cf34f4c-68c1-40f0-bb79-80ee15b256ed,f5cab3e6-1f49-4434-b9a2-5e97073b985b
tatqa_dev,dev,ea159bf1-8401-4540-b5a7-8fbdb5476944,f5cab3e6-1f49-4434-b9a2-5e97073b985b
tatqa_dev,dev,79f51c3d-59d3-4abc-b0cd-d9e28668fbf4,f5cab3e6-1f49-4434-b9a2-5e97073b985b
tatqa_dev,dev,3ac56faa-f0d1-49e6-b461-5088b0e9062e,41481127-0df1-490c-b7e4-bdd902d38a59
tatqa_dev,dev,01c49bda-0424-4ef0-9fba-66e33844f577,41481127-0df1-490c-b7e4-bdd902d38a59
tatqa_dev,dev,8ee0aea8-8a7d-4bbf-bfc5-88740b0c6a12,41481127-0df1-490c-b7e4-bdd902d38a59
tatqa_dev,dev,2b5044df-ad20-4146-a571-e778cfc88c8d,41481127-0df1-490c-b7e4-bdd902d38a59
tatqa_dev,dev,170c75fb-da08-4e9d-8c5a-7cbb94e4176e,41481127-0df1-490c-b7e4-bdd902d38a59
tatqa_dev,dev,aa2c1c58-400b-4faa-8f1b-87a0b11b759c,41481127-0df1-490c-b7e4-bdd902d38a59
tatqa_dev,dev,00d47cd3-069e-41b3-b574-ec5494b8aa0d,ece5c810-9758-4fd8-ac97-21c1f75dd306
tatqa_dev,dev,9cd39ef2-2203-40ac-aeed-6cd266d08611,ece5c810-9758-4fd8-ac97-21c1f75dd306
tatqa_dev,dev,2f016f6c-b7ce-4f97-8943-3f7e99b373fe,ece5c810-9758-4fd8-ac97-21c1f75dd306
tatqa_dev,dev,1ed5102e-1252-403b-9ebf-8370619e9300,ece5c810-9758-4fd8-ac97-21c1f75dd306
tatqa_dev,dev,ab7a5581-88bf-48dc-99bd-e02d0fbb3fff,ece5c810-9758-4fd8-ac97-21c1f75dd306
tatqa_dev,dev,f4511ab0-2ad9-472a-9a26-024b64f7bbc0,ece5c810-9758-4fd8-ac97-21c1f75dd306
tatqa_dev,dev,3683a97f-66f4-4450-a978-4322b673b914,502dd70a-926b-49d7-b236-63855c98e740
tatqa_dev,dev,69b61533-e155-408f-b189-5bb0ddfbc274,502dd70a-926b-49d7-b236-63855c98e740
tatqa_dev,dev,622913bc-d6eb-4cb7-838a-322f57f5792d,502dd70a-926b-49d7-b236-63855c98e740
tatqa_dev,dev,b8afd327-b836-4276-8556-eac89746b09f,502dd70a-926b-49d7-b236-63855c98e740
tatqa_dev,dev,4946fa71-15ec-4d2f-8604-2d1f775950fc,502dd70a-926b-49d7-b236-63855c98e740
tatqa_dev,dev,95497d9b-23d7-4c89-832c-bcf408981985,502dd70a-926b-49d7-b236-63855c98e740
tatqa_dev,dev,26faf313-2b1a-49d1-8ddc-47d3d310cc40,9afaa852-4103-4782-9109-34104931dbc1
tatqa_dev,dev,62d7838c-7078-418c-80ef-e0538925a1dc,9afaa852-4103-4782-9109-34104931dbc1
tatqa_dev,dev,9770e1f0-acf1-4839-8cbd-5a8901033cc8,9afaa852-4103-4782-9109-34104931dbc1
tatqa_dev,dev,378b81b7-c7d6-46f9-aca6-58729440a889,9afaa852-4103-4782-9109-34104931dbc1
tatqa_dev,dev,48e5f6f9-a340-43e8-962d-f35ae0712b05,9afaa852-4103-4782-9109-34104931dbc1
tatqa_dev,dev,7cf448eb-d749-4571-b12e-64beb80af423,9afaa852-4103-4782-9109-34104931dbc1
tatqa_dev,dev,d9d41cee-bc42-4bdf-93d8-33bbbd080c66,e6c3cb87-13e2-49c8-81dc-d913b2071499
tatqa_dev,dev,49417eb5-0d20-4371-94f1-9a00c25a2595,e6c3cb87-13e2-49c8-81dc-d913b2071499
tatqa_dev,dev,7d4f566c-eef8-4d8e-ba64-49d0ce95bdec,e6c3cb87-13e2-49c8-81dc-d913b2071499
tatqa_dev,dev,25c87384-03af-40a7-85e3-e26341bf93cf,e6c3cb87-13e2-49c8-81dc-d913b2071499
tatqa_dev,dev,27bc5656-93b7-4109-b1d2-25710ca3240f,e6c3cb87-13e2-49c8-81dc-d913b2071499
tatqa_dev,dev,e314bfab-8cd6-4bb3-b0e6-df664300c380,e6c3cb87-13e2-49c8-81dc-d913b2071499
tatqa_dev,dev,428f0639-82af-4a18-a169-b531c63f8fce,e8877535-8ade-4ba3-aae2-cd4db2b5c59c
tatqa_dev,dev,c3f4ec9b-2e21-42fd-950b-2e7b24e4b0b9,e8877535-8ade-4ba3-aae2-cd4db2b5c59c
tatqa_dev,dev,99fd8872-7580-4480-887d-6c19ccbdf19d,e8877535-8ade-4ba3-aae2-cd4db2b5c59c
tatqa_dev,dev,f96cce90-9703-4b6b-9ea4-1a650ac8765a,e8877535-8ade-4ba3-aae2-cd4db2b5c59c
tatqa_dev,dev,127264c3-16b9-4324-aff1-722420c93b5d,e8877535-8ade-4ba3-aae2-cd4db2b5c59c
tatqa_dev,dev,3a467fa9-64d9-4214-9f5e-0e7a101efd57,e8877535-8ade-4ba3-aae2-cd4db2b5c59c
tatqa_dev,dev,bb940d53-d5b1-49d8-834a-fe3d55e6bbc8,8edfdb1c-3d22-496f-b6ba-f3ea45cf6151
tatqa_dev,dev,505791d5-2826-48a0-88ff-c15d4c305fbc,8edfdb1c-3d22-496f-b6ba-f3ea45cf6151
tatqa_dev,dev,fcb5e3fa-fb0c-4cce-a86c-229ac3734bd2,8edfdb1c-3d22-496f-b6ba-f3ea45cf6151
tatqa_dev,dev,15717c51-124b-4062-b9ae-6674d19bb924,8edfdb1c-3d22-496f-b6ba-f3ea45cf6151
tatqa_dev,dev,28743883-69b5-4cd3-a303-5ac1b2ef01af,8edfdb1c-3d22-496f-b6ba-f3ea45cf6151
tatqa_dev,dev,91555b4e-09e9-46ce-a849-6adf2a0483d2,8edfdb1c-3d22-496f-b6ba-f3ea45cf6151
tatqa_dev,dev,732f6dc3-2572-4301-9c17-05e94f84ba8d,93f11a3d-ce9f-4b07-8d9e-0b876b2cbc30
tatqa_dev,dev,7ff2e4fb-83ef-4ec2-9cff-2ff9385c2c2e,93f11a3d-ce9f-4b07-8d9e-0b876b2cbc30
tatqa_dev,dev,0644b369-2b9f-4c6c-8584-00ff199bc85b,93f11a3d-ce9f-4b07-8d9e-0b876b2cbc30
tatqa_dev,dev,9f7000b0-e7b7-48b2-bcc6-8f77209894f2,93f11a3d-ce9f-4b07-8d9e-0b876b2cbc30
tatqa_dev,dev,6514b16b-bdc1-4fa7-8e3a-3ec766713975,93f11a3d-ce9f-4b07-8d9e-0b876b2cbc30
tatqa_dev,dev,a1631baf-106c-4867-8173-6ff98f4ec421,93f11a3d-ce9f-4b07-8d9e-0b876b2cbc30
tatqa_dev,dev,3004c346-3455-43b3-80a6-6c77b3f0cda9,b24ee687-2712-4f16-9bc9-0f3f3636e407
tatqa_dev,dev,4d8f127b-56e1-4c09-bd1d-b7f3b3d45d45,b24ee687-2712-4f16-9bc9-0f3f3636e407
tatqa_dev,dev,a3547d53-fd40-4aa1-a8c8-bda48f0520a9,b24ee687-2712-4f16-9bc9-0f3f3636e407
tatqa_dev,dev,1148519a-e611-4859-8ebd-d87eed5ed048,b24ee687-2712-4f16-9bc9-0f3f3636e407
tatqa_dev,dev,18a681c6-f308-4588-87e1-dc26446c4e4f,b24ee687-2712-4f16-9bc9-0f3f3636e407
tatqa_dev,dev,bd8bb8d3-c7e9-4a7f-be23-97b27a29f74e,b24ee687-2712-4f16-9bc9-0f3f3636e407
tatqa_dev,dev,fae50876-ced2-40e2-9491-ee1957da1f5a,0a75d1da-9beb-4a61-b2f4-06cff98b755e
tatqa_dev,dev,e5073c13-40b9-4109-be46-7cce9e32a203,0a75d1da-9beb-4a61-b2f4-06cff98b755e
tatqa_dev,dev,c5036e83-ed8b-4267-89bc-2653be0e7ccc,0a75d1da-9beb-4a61-b2f4-06cff98b755e
tatqa_dev,dev,81c99a9e-786b-4ab6-94ed-e3149d697347,0a75d1da-9beb-4a61-b2f4-06cff98b755e
tatqa_dev,dev,9332c840-68f6-43e1-a06c-902dae3fef81,0a75d1da-9beb-4a61-b2f4-06cff98b755e
tatqa_dev,dev,e151e953-f5ab-4041-8e6f-7aec08ed5a60,0a75d1da-9beb-4a61-b2f4-06cff98b755e
tatqa_dev,dev,611a07d4-b6c0-4c05-b97e-f16b66a366a1,d4f5a342-4efd-42fd-aa11-7e762d1e3f8f
tatqa_dev,dev,64c6bf36-ab9a-406f-ba60-474ef47583e1,d4f5a342-4efd-42fd-aa11-7e762d1e3f8f
tatqa_dev,dev,cd0f4634-ee4a-4344-b660-2662b40cf3c7,d4f5a342-4efd-42fd-aa11-7e762d1e3f8f
tatqa_dev,dev,503dde52-a6e1-4c63-aca5-ff3d92ea2854,d4f5a342-4efd-42fd-aa11-7e762d1e3f8f
tatqa_dev,dev,e2419503-003d-4893-947b-72c8161ec572,d4f5a342-4efd-42fd-aa11-7e762d1e3f8f
tatqa_dev,dev,e172ba38-34fa-477b-b535-bac8d65756fb,d4f5a342-4efd-42fd-aa11-7e762d1e3f8f
tatqa_dev,dev,1b8427b0-516c-4fea-b142-3e419a447f89,d7a538e8-655c-4a25-96a1-cff8b7c1b039
tatqa_dev,dev,b9a81c14-263b-4d58-9bd6-8dec2b27ac34,d7a538e8-655c-4a25-96a1-cff8b7c1b039
tatqa_dev,dev,6ddb3562-377d-49f0-8cc0-5bb70c57b178,d7a538e8-655c-4a25-96a1-cff8b7c1b039
tatqa_dev,dev,567c418e-8e2c-489b-bba4-5b7985ee1590,d7a538e8-655c-4a25-96a1-cff8b7c1b039
tatqa_dev,dev,de3e8b87-a5cd-42e9-9fd1-ea0e1381412e,d7a538e8-655c-4a25-96a1-cff8b7c1b039
tatqa_dev,dev,398246d7-5500-4560-8a8f-220a782b05e5,d7a538e8-655c-4a25-96a1-cff8b7c1b039
tatqa_dev,dev,d5efb038-6c66-4143-9cdd-a00798b0bae3,073a0021-1564-4fe2-8759-73b15dd69ea1
tatqa_dev,dev,4b8730b6-56d9-4ce2-860e-2bad6d9e43f1,073a0021-1564-4fe2-8759-73b15dd69ea1
tatqa_dev,dev,8ec820df-f01d-4333-b97f-2f23a6826507,073a0021-1564-4fe2-8759-73b15dd69ea1
tatqa_dev,dev,c29f8c45-be8a-437f-be4d-c844ae303f7a,073a0021-1564-4fe2-8759-73b15dd69ea1
tatqa_dev,dev,cf67e41d-d7f2-4804-97a2-5c81fa266ad3,073a0021-1564-4fe2-8759-73b15dd69ea1
tatqa_dev,dev,0b835494-2c10-4f6b-b54a-60aa73ebdabe,073a0021-1564-4fe2-8759-73b15dd69ea1
tatqa_dev,dev,832cdc96-2fe8-4e8e-9793-c268ae320cac,4dddba76-8925-4f79-9d9c-749341fcc978
tatqa_dev,dev,992216cc-19ce-435a-847f-43632606dd5d,4dddba76-8925-4f79-9d9c-749341fcc978
tatqa_dev,dev,cb794a58-89f6-4be2-8722-f7b5c7fc6747,4dddba76-8925-4f79-9d9c-749341fcc978
tatqa_dev,dev,c4182b3b-0762-42ca-a785-b3c61fee3db9,4dddba76-8925-4f79-9d9c-749341fcc978
tatqa_dev,dev,8ff86c1c-f76d-4578-ad6b-2d5b30631762,4dddba76-8925-4f79-9d9c-749341fcc978
tatqa_dev,dev,2d86600b-f6f6-493c-9c36-37e38e351932,4dddba76-8925-4f79-9d9c-749341fcc978
tatqa_dev,dev,b2e2f0c7-6203-4645-82e5-50dde913379c,ce047259-a834-4e5b-aadb-987e10b3c922
tatqa_dev,dev,fec79c70-5cd3-4ad2-b8d7-8cd1288daba0,ce047259-a834-4e5b-aadb-987e10b3c922
tatqa_dev,dev,8453bf02-fffe-42a5-b97b-ba786216f16b,ce047259-a834-4e5b-aadb-987e10b3c922
tatqa_dev,dev,716a0054-4177-43f6-b320-8de375eb3642,ce047259-a834-4e5b-aadb-987e10b3c922
tatqa_dev,dev,4ba37f67-0474-4e5c-8f45-da51a2873072,ce047259-a834-4e5b-aadb-987e10b3c922
tatqa_dev,dev,a1979b5e-e187-44dd-8b43-00542a927918,ce047259-a834-4e5b-aadb-987e10b3c922
tatqa_dev,dev,9793879b-b2ec-4c12-9021-f8456bc8210d,af31958a-184d-4005-9fcb-cfad9912ba8c
tatqa_dev,dev,e533cad8-8912-4956-97a8-a51179fa6a8c,af31958a-184d-4005-9fcb-cfad9912ba8c
tatqa_dev,dev,cb0f4980-ef94-4ec0-aead-2ca8f36cd38a,af31958a-184d-4005-9fcb-cfad9912ba8c
tatqa_dev,dev,a9ecc9dd-8348-43b1-a968-e456e1cd2040,af31958a-184d-4005-9fcb-cfad9912ba8c
tatqa_dev,dev,81360542-e917-43d3-97aa-043e726ffeb6,af31958a-184d-4005-9fcb-cfad9912ba8c
tatqa_dev,dev,3a216553-f87b-4278-ac56-1ff31d94db07,af31958a-184d-4005-9fcb-cfad9912ba8c
tatqa_dev,dev,d1dbf58b-a4be-40f9-b0b1-7c5185d4403e,56506759-74a2-4c23-bb16-263af3227c1c
tatqa_dev,dev,ee06875e-3417-44b8-b0e9-96e8b8e36ff4,56506759-74a2-4c23-bb16-263af3227c1c
tatqa_dev,dev,2d2c69eb-ded0-455a-8ef8-3122421ff731,56506759-74a2-4c23-bb16-263af3227c1c
tatqa_dev,dev,a0052d66-aa9c-47af-936c-07cd16f817ee,56506759-74a2-4c23-bb16-263af3227c1c
tatqa_dev,dev,0fab7389-c8c7-4d84-995c-c2bdf63cb07f,56506759-74a2-4c23-bb16-263af3227c1c
tatqa_dev,dev,bfb033dc-19dc-41cc-9253-aa7e03b61a62,56506759-74a2-4c23-bb16-263af3227c1c
tatqa_dev,dev,764e5559-92f5-4d41-afea-941e0beda820,3789d7da-dc3e-4cd7-b639-d6805211405a
tatqa_dev,dev,f8011fb0-e5d3-464f-85c0-1d6752a8617c,3789d7da-dc3e-4cd7-b639-d6805211405a
tatqa_dev,dev,214a2cb0-5810-4004-9020-33578ea08030,3789d7da-dc3e-4cd7-b639-d6805211405a
tatqa_dev,dev,f2953826-279c-43c2-8096-a4bf7f862b59,3789d7da-dc3e-4cd7-b639-d6805211405a
tatqa_dev,dev,9b6759c8-7813-4657-98ba-9f1e714a6c03,3789d7da-dc3e-4cd7-b639-d6805211405a
tatqa_dev,dev,0d3b0bd9-d68d-4734-af38-b92755c0bc9e,3789d7da-dc3e-4cd7-b639-d6805211405a
tatqa_dev,dev,0541e0e0-e031-4c7f-a415-0d2125f21ede,8dcb30f6-a302-4704-b665-a82ee828a3d6
tatqa_dev,dev,2be00280-79f5-4a5e-ad70-b8d871f9d5b2,8dcb30f6-a302-4704-b665-a82ee828a3d6
tatqa_dev,dev,3ce6bea2-e2d0-47ad-bdef-1db37c3cc6d9,8dcb30f6-a302-4704-b665-a82ee828a3d6
tatqa_dev,dev,58060f0e-fb29-4aaf-b4c7-7e43d16e009d,8dcb30f6-a302-4704-b665-a82ee828a3d6
tatqa_dev,dev,3258cedc-30b4-4048-bf67-9aa0b487e1b3,8dcb30f6-a302-4704-b665-a82ee828a3d6
tatqa_dev,dev,3525bcc2-5684-45a3-9a2e-4b35de25551a,8dcb30f6-a302-4704-b665-a82ee828a3d6
tatqa_dev,dev,ecc7c53a-0da6-4b63-837b-28eace58e38a,82aee0df-7345-4452-afdf-a23a280d64ae
tatqa_dev,dev,0f5bcfe8-682f-4c6d-af77-b98f3c7a99d0,82aee0df-7345-4452-afdf-a23a280d64ae
tatqa_dev,dev,4cee3e03-ed30-4e2c-8718-e65ad795d4e8,82aee0df-7345-4452-afdf-a23a280d64ae
tatqa_dev,dev,749fd08d-6f7c-406a-8f37-15ea39b9dd37,82aee0df-7345-4452-afdf-a23a280d64ae
tatqa_dev,dev,3502f875-f816-4a00-986c-fef9b08c0f96,82aee0df-7345-4452-afdf-a23a280d64ae
tatqa_dev,dev,0cca40eb-3b7e-4ea2-83b0-c6be83190b12,82aee0df-7345-4452-afdf-a23a280d64ae
tatqa_dev,dev,04eb80f3-ec41-40c1-8413-9d70059a85ca,fd7e14ed-efb6-4992-bdc2-b5603d91f126
tatqa_dev,dev,e2799466-1de3-48a7-a951-275dbe48e315,fd7e14ed-efb6-4992-bdc2-b5603d91f126
tatqa_dev,dev,e5156247-2cf5-4242-8c82-0c19d8bb7cc9,fd7e14ed-efb6-4992-bdc2-b5603d91f126
tatqa_dev,dev,d06a5ade-d848-4325-a2a5-8f5ef427d246,fd7e14ed-efb6-4992-bdc2-b5603d91f126
tatqa_dev,dev,87cdfd06-a9ef-48e8-a44e-9addd92a0d0c,fd7e14ed-efb6-4992-bdc2-b5603d91f126
tatqa_dev,dev,8c882f0d-684c-430e-8194-997c565a7258,fd7e14ed-efb6-4992-bdc2-b5603d91f126
tatqa_dev,dev,93c382d0-ff2e-4544-835e-71cf4c23d570,875fa4bd-a56d-4f03-bd52-4ecddf547686
tatqa_dev,dev,016bb970-bbb3-43a1-a56b-898eb9e63ee5,875fa4bd-a56d-4f03-bd52-4ecddf547686
tatqa_dev,dev,3c07907a-cbd7-4d0b-a055-624f19a6d0ff,875fa4bd-a56d-4f03-bd52-4ecddf547686
tatqa_dev,dev,9a11777d-c146-4a13-aaa0-7676223a7849,875fa4bd-a56d-4f03-bd52-4ecddf547686
tatqa_dev,dev,f49252e2-158b-4a79-ac56-d21ea67082a8,875fa4bd-a56d-4f03-bd52-4ecddf547686
tatqa_dev,dev,a58cbfcf-2568-4bd6-ae26-b64656f22dcf,875fa4bd-a56d-4f03-bd52-4ecddf547686
tatqa_dev,dev,20a60e87-1542-41e9-827c-e4c99e40e4f9,e5fc54e8-4656-4277-a0a8-db9a938aca3d
tatqa_dev,dev,de828bb9-42c7-4189-9f5a-ed57c7d5719f,e5fc54e8-4656-4277-a0a8-db9a938aca3d
tatqa_dev,dev,b56ab133-db52-421b-a9f8-afd2efa309a3,e5fc54e8-4656-4277-a0a8-db9a938aca3d
tatqa_dev,dev,d8ef780b-5c02-4c2e-a0c5-b9fd8dba625c,e5fc54e8-4656-4277-a0a8-db9a938aca3d
tatqa_dev,dev,e378f03f-8e13-4020-b4ba-641859e16e25,e5fc54e8-4656-4277-a0a8-db9a938aca3d
tatqa_dev,dev,3b3d21ab-f76f-4ae3-ae00-cecf04e0b499,e5fc54e8-4656-4277-a0a8-db9a938aca3d
tatqa_dev,dev,9e00dcba-b219-4491-bb98-d49ae0ccc8cf,39fda147-0e87-41e1-a4d5-0e71abbadf16
tatqa_dev,dev,8697d0a4-7073-4834-a055-44cccb3db95c,39fda147-0e87-41e1-a4d5-0e71abbadf16
tatqa_dev,dev,6c9d393a-c3d5-496f-a9d1-717fe1878c68,39fda147-0e87-41e1-a4d5-0e71abbadf16
tatqa_dev,dev,b3aa9172-004c-4c77-b543-aab396e02935,39fda147-0e87-41e1-a4d5-0e71abbadf16
tatqa_dev,dev,86ac3307-2dfa-42cd-8d08-609454521c25,39fda147-0e87-41e1-a4d5-0e71abbadf16
tatqa_dev,dev,571c8221-e8b5-4703-91b1-3b4eed52175e,39fda147-0e87-41e1-a4d5-0e71abbadf16
tatqa_dev,dev,fbd46bde-fdbe-4926-b24a-aff8a2487a3d,00addb09-bf31-4240-a351-bc4480a3cecc
tatqa_dev,dev,a2d7d0c0-0939-4563-95db-e93199c38e13,00addb09-bf31-4240-a351-bc4480a3cecc
tatqa_dev,dev,5b290c22-ff6b-405a-aeb7-1277c22c2df4,00addb09-bf31-4240-a351-bc4480a3cecc
tatqa_dev,dev,c91ad938-6ad1-4481-8f6b-43ccd2f69926,00addb09-bf31-4240-a351-bc4480a3cecc
tatqa_dev,dev,3c257d89-4281-43df-998a-f7850b4fda9c,00addb09-bf31-4240-a351-bc4480a3cecc
tatqa_dev,dev,6586d5cf-16c3-444a-b946-f8485a5c2a82,00addb09-bf31-4240-a351-bc4480a3cecc
tatqa_dev,dev,d7ce6b7c-c539-4c63-a2c1-5b8ed24b345b,ec3603ca-033e-4f41-a246-a19866d8f84d
tatqa_dev,dev,8146c032-8aed-4bd6-b771-429be981a19a,ec3603ca-033e-4f41-a246-a19866d8f84d
tatqa_dev,dev,fb4368f6-fcd4-462f-839f-487659f920fe,ec3603ca-033e-4f41-a246-a19866d8f84d
tatqa_dev,dev,d8637395-dbdb-4d49-a48b-ef14e97ebce5,ec3603ca-033e-4f41-a246-a19866d8f84d
tatqa_dev,dev,bdcabe8e-6738-47d3-8412-40e5e9a359d0,ec3603ca-033e-4f41-a246-a19866d8f84d
tatqa_dev,dev,c1529a4c-f974-466d-b9e5-356cb9a7c928,ec3603ca-033e-4f41-a246-a19866d8f84d
tatqa_dev,dev,e28f0c49-4de3-466c-8e44-ac140a74da7d,d4d2731b-3a60-4569-8dc2-005e525c4de8
tatqa_dev,dev,970d43ea-2a5c-40e2-99d8-b8315453ec14,d4d2731b-3a60-4569-8dc2-005e525c4de8
tatqa_dev,dev,119e7429-9e7f-4dae-bca0-d0da8424664d,d4d2731b-3a60-4569-8dc2-005e525c4de8
tatqa_dev,dev,74f778d2-8a07-4b39-92d9-4a3c36af6f50,d4d2731b-3a60-4569-8dc2-005e525c4de8
tatqa_dev,dev,e08bf359-5dc5-4df9-8679-5144747fdb6b,d4d2731b-3a60-4569-8dc2-005e525c4de8
tatqa_dev,dev,efb9abeb-ad8a-4558-9695-6d1054957e1b,d4d2731b-3a60-4569-8dc2-005e525c4de8
tatqa_dev,dev,889488f7-d2a4-4612-b146-a5dd3db8ff2e,79a8ddc2-5848-4471-ad53-c3c70e4ec0c4
tatqa_dev,dev,2e453484-3c53-4073-a29f-56a64364f4d9,79a8ddc2-5848-4471-ad53-c3c70e4ec0c4
tatqa_dev,dev,b8fee38b-98dd-4d84-9382-be27f83c736f,79a8ddc2-5848-4471-ad53-c3c70e4ec0c4
tatqa_dev,dev,342d9ac7-1621-4585-87f8-83b1040555ba,79a8ddc2-5848-4471-ad53-c3c70e4ec0c4
tatqa_dev,dev,446acbfa-24f4-4d12-9d96-2a74ea3896a7,79a8ddc2-5848-4471-ad53-c3c70e4ec0c4
tatqa_dev,dev,b0aa7da1-baa0-4434-ae2d-a81cd7c0ecb3,79a8ddc2-5848-4471-ad53-c3c70e4ec0c4
tatqa_dev,dev,31c10084-aaf6-440d-8e51-4852e0de8b43,b42dd0bb-f4fd-4a6a-b379-2faa5113ffa8
tatqa_dev,dev,9befaec3-a452-4ffa-a862-3c7a4ee7ee74,b42dd0bb-f4fd-4a6a-b379-2faa5113ffa8
tatqa_dev,dev,c860d747-44ed-4530-8bcb-5a5e534da159,b42dd0bb-f4fd-4a6a-b379-2faa5113ffa8
tatqa_dev,dev,c382bfb1-afee-45c2-a611-44d0de58955d,b42dd0bb-f4fd-4a6a-b379-2faa5113ffa8
tatqa_dev,dev,8f5fc436-679e-40ae-8e2c-d142d7c5b0ce,b42dd0bb-f4fd-4a6a-b379-2faa5113ffa8
tatqa_dev,dev,58c7bc4d-e54b-4e0b-8dc4-9b9913e199fa,b42dd0bb-f4fd-4a6a-b379-2faa5113ffa8
tatqa_dev,dev,b457e212-dc71-4258-a508-58f6a36698d0,07157d5d-3285-45d0-9f62-26aa4108e35f
tatqa_dev,dev,81fafa03-6f80-4fdf-b025-4a37d0bd184e,07157d5d-3285-45d0-9f62-26aa4108e35f
tatqa_dev,dev,aedd644e-8d7c-4190-ae48-905956ebcf03,07157d5d-3285-45d0-9f62-26aa4108e35f
tatqa_dev,dev,aa4b7a98-1ec7-4bd8-a258-e928e92c9f75,07157d5d-3285-45d0-9f62-26aa4108e35f
tatqa_dev,dev,fa5d745e-66cd-49cf-ac91-b6916a412c7d,07157d5d-3285-45d0-9f62-26aa4108e35f
tatqa_dev,dev,699b2f87-84df-49a3-a9a1-41e26eed0577,07157d5d-3285-45d0-9f62-26aa4108e35f
tatqa_dev,dev,eb1158c4-41f4-4390-828e-f7f537316b3f,47aef271-dde3-4cf2-9d0e-4c10f66959e9
tatqa_dev,dev,4a58213e-066a-4a7e-becc-e9dc85bda06e,47aef271-dde3-4cf2-9d0e-4c10f66959e9
tatqa_dev,dev,35d7d375-6fb6-4bc0-a323-41735b5ceb3e,47aef271-dde3-4cf2-9d0e-4c10f66959e9
tatqa_dev,dev,805a22a0-bc6b-42e1-98a3-9f665b8b4eec,47aef271-dde3-4cf2-9d0e-4c10f66959e9
tatqa_dev,dev,d9eba295-6903-457d-924d-663e41d20b46,47aef271-dde3-4cf2-9d0e-4c10f66959e9
tatqa_dev,dev,dd31fc40-d055-4356-bcfc-c7348842bf3c,47aef271-dde3-4cf2-9d0e-4c10f66959e9
tatqa_dev,dev,35ad0c46-51d9-4b20-b01e-4d5e66a54000,26d46b77-411e-47aa-b650-5c84ef3e9e21
tatqa_dev,dev,e4a8a42a-15ef-48b4-b08e-a0fd1193da20,26d46b77-411e-47aa-b650-5c84ef3e9e21
tatqa_dev,dev,2c542baf-9bb5-4f75-b1dc-4b79180885f5,26d46b77-411e-47aa-b650-5c84ef3e9e21
tatqa_dev,dev,ca5ace26-609f-4199-b5a0-68ccf25ba98e,26d46b77-411e-47aa-b650-5c84ef3e9e21
tatqa_dev,dev,fe5839ad-4387-4abb-ae4b-9e61feacd97a,26d46b77-411e-47aa-b650-5c84ef3e9e21
tatqa_dev,dev,a1fb1d57-243c-49e0-84ee-43d969cd41b0,26d46b77-411e-47aa-b650-5c84ef3e9e21
tatqa_dev,dev,29924dd8-364c-4c18-8f16-ed85e77992a0,e573a09b-3053-4c6e-9766-3cce1d2c087d
tatqa_dev,dev,8859367b-71c1-4382-9808-9332afecb13d,e573a09b-3053-4c6e-9766-3cce1d2c087d
tatqa_dev,dev,3e85cc0e-a751-4d9c-ba64-060805e07982,e573a09b-3053-4c6e-9766-3cce1d2c087d
tatqa_dev,dev,54dd0e9e-c525-4bea-8bd7-b292e9dd9be3,e573a09b-3053-4c6e-9766-3cce1d2c087d
tatqa_dev,dev,ab7c4466-0cd7-4f3b-8d2a-73bb9abf0053,e573a09b-3053-4c6e-9766-3cce1d2c087d
tatqa_dev,dev,8c6bc2ca-b758-49f8-82e3-c1ede110102b,e573a09b-3053-4c6e-9766-3cce1d2c087d
tatqa_dev,dev,8f4d224e-1784-4209-948d-671997a11b2d,02a7787e-92f9-4a5a-9f95-c4c9ed0f7eff
tatqa_dev,dev,e1c437a2-014a-46cc-b5af-05ff3fc76a31,02a7787e-92f9-4a5a-9f95-c4c9ed0f7eff
tatqa_dev,dev,4b63994e-6645-4dd6-8132-5c6773cf7362,02a7787e-92f9-4a5a-9f95-c4c9ed0f7eff
tatqa_dev,dev,b5ede057-3e98-4851-a1e1-1774c52cd908,02a7787e-92f9-4a5a-9f95-c4c9ed0f7eff
tatqa_dev,dev,7639efef-c768-4631-95b5-382a0fde501d,02a7787e-92f9-4a5a-9f95-c4c9ed0f7eff
tatqa_dev,dev,f86dbe96-d977-4f6f-8846-fe1b44c8e205,02a7787e-92f9-4a5a-9f95-c4c9ed0f7eff
tatqa_dev,dev,a8898341-9048-41fc-ac57-1c21ca35c201,cf49db0f-608a-4ef4-a248-d73c6030df4b
tatqa_dev,dev,e5bc1adc-b9ff-4a72-961d-5bd267e29aff,cf49db0f-608a-4ef4-a248-d73c6030df4b
tatqa_dev,dev,6b289db7-2ee8-48ec-a257-e7e8f9640f1c,cf49db0f-608a-4ef4-a248-d73c6030df4b
tatqa_dev,dev,5a97069f-9b7c-446f-8738-73f534c52fe0,cf49db0f-608a-4ef4-a248-d73c6030df4b
tatqa_dev,dev,005da8e4-571e-4612-9333-6c77d03ed838,cf49db0f-608a-4ef4-a248-d73c6030df4b
tatqa_dev,dev,af4ea6d6-4672-4ddb-8348-047ced2b5572,cf49db0f-608a-4ef4-a248-d73c6030df4b
tatqa_dev,dev,8ee0cd9a-0820-4710-8fb5-52fdf0cf94c3,7d228e82-671c-4b83-aad1-405493c0aa0c
tatqa_dev,dev,1b99bb00-5a16-471c-9d0a-c48075e844ae,7d228e82-671c-4b83-aad1-405493c0aa0c
tatqa_dev,dev,a622beb5-c086-489c-b3c4-081797b0b19f,7d228e82-671c-4b83-aad1-405493c0aa0c
tatqa_dev,dev,d1dec9f8-616f-4c60-9a5d-f31904b85014,7d228e82-671c-4b83-aad1-405493c0aa0c
tatqa_dev,dev,ee74c321-b0e8-44f6-b15a-a4e8511b6183,7d228e82-671c-4b83-aad1-405493c0aa0c
tatqa_dev,dev,d5656a8c-6ef7-4e56-a3d4-8e3dc2bd5bed,7d228e82-671c-4b83-aad1-405493c0aa0c
tatqa_dev,dev,0747c0e5-2b69-414b-a922-ffa20be13aa1,db62468f-cfd5-4b89-b2b0-eb9d1a78a31e
tatqa_dev,dev,f9c0d225-1dba-4771-a043-1f252035db6f,db62468f-cfd5-4b89-b2b0-eb9d1a78a31e
tatqa_dev,dev,1a91e6e8-80e5-4870-a106-90327a839e4a,db62468f-cfd5-4b89-b2b0-eb9d1a78a31e
tatqa_dev,dev,8fb4b76c-b4d9-40e9-8233-28a19d06df41,db62468f-cfd5-4b89-b2b0-eb9d1a78a31e
tatqa_dev,dev,2438c6b7-f88b-46c9-a0d8-4031e6452955,db62468f-cfd5-4b89-b2b0-eb9d1a78a31e
tatqa_dev,dev,524463b6-b8d7-410d-926a-699f7b7cdd99,db62468f-cfd5-4b89-b2b0-eb9d1a78a31e
tatqa_dev,dev,785de52d-7246-4ebc-acfc-eb56aabbf0d6,78b73a25-9328-4177-8f82-0da14f052461
tatqa_dev,dev,e9493771-ab8c-463a-9e85-31efb748bde8,78b73a25-9328-4177-8f82-0da14f052461
tatqa_dev,dev,62f8f0d9-7670-40aa-9a54-86df84c7df25,78b73a25-9328-4177-8f82-0da14f052461
tatqa_dev,dev,4990b27f-a8a6-4683-82f8-c1cf657ba9c1,78b73a25-9328-4177-8f82-0da14f052461
tatqa_dev,dev,066fbf2d-e3e7-4f55-bbe0-a71ddeaa2685,78b73a25-9328-4177-8f82-0da14f052461
tatqa_dev,dev,0f6a8eaa-3e1e-4c91-b175-22bcef454b35,78b73a25-9328-4177-8f82-0da14f052461
tatqa_dev,dev,ffe3120d-36d9-4a7d-a202-73d731944726,a190aaec-d9e9-4555-a64b-e833f1db0843
tatqa_dev,dev,91f1a159-9a51-4a8d-ab24-a4b9a00d5c33,a190aaec-d9e9-4555-a64b-e833f1db0843
tatqa_dev,dev,c4399b78-eca0-48d0-b479-6b7d3c6662cf,a190aaec-d9e9-4555-a64b-e833f1db0843
tatqa_dev,dev,078e34fa-b33a-43fe-afd3-d39b4cbd6a6b,a190aaec-d9e9-4555-a64b-e833f1db0843
tatqa_dev,dev,85bc877a-ecc1-4d1a-9e45-6ddb6d0a4dc3,a190aaec-d9e9-4555-a64b-e833f1db0843
tatqa_dev,dev,37a06d19-6aec-40a6-862a-fa7629b64208,a190aaec-d9e9-4555-a64b-e833f1db0843
tatqa_dev,dev,a4e02fba-5fe2-440b-ae68-2cb050e887ab,5e60c056-5073-441d-8525-7f834deb5c64
tatqa_dev,dev,4ea525e9-17e5-4dc6-ac40-71dd873445ed,5e60c056-5073-441d-8525-7f834deb5c64
tatqa_dev,dev,253e2176-f0ba-4cec-820c-adaad47b8217,5e60c056-5073-441d-8525-7f834deb5c64
tatqa_dev,dev,e10133f7-0579-4a1d-b41c-c12210fc7559,5e60c056-5073-441d-8525-7f834deb5c64
tatqa_dev,dev,dbe29d15-d27a-430b-87ab-219b7b2c3cca,5e60c056-5073-441d-8525-7f834deb5c64
tatqa_dev,dev,34e0adca-febe-4862-a4db-8581df95e44b,5e60c056-5073-441d-8525-7f834deb5c64
tatqa_dev,dev,bbb9ab37-568a-4bab-9b95-cb3c43c5baa1,b6fa85a0-a203-4ed3-8c4d-6c1b5a8b08c1
tatqa_dev,dev,1e8ae4d8-dae9-450b-bd94-b8fd42fdba23,b6fa85a0-a203-4ed3-8c4d-6c1b5a8b08c1
tatqa_dev,dev,e55e41d5-e383-45b1-ae23-300683714307,b6fa85a0-a203-4ed3-8c4d-6c1b5a8b08c1
tatqa_dev,dev,ef93f805-b103-4424-b30f-ba194d27102e,b6fa85a0-a203-4ed3-8c4d-6c1b5a8b08c1
tatqa_dev,dev,7cbff88c-a7d9-437d-b38a-4174a7103c63,b6fa85a0-a203-4ed3-8c4d-6c1b5a8b08c1
tatqa_dev,dev,bc020812-e1de-4ac4-8820-6ed2cce998c5,b6fa85a0-a203-4ed3-8c4d-6c1b5a8b08c1
tatqa_dev,dev,657a527d-01ff-4fac-9c40-ca3003f9a02e,577a9bb6-6158-41aa-b2ec-1a3dd5cdfa06
tatqa_dev,dev,e83eb382-8267-4a3e-b208-d095d8d418a6,577a9bb6-6158-41aa-b2ec-1a3dd5cdfa06
tatqa_dev,dev,beea0c49-8821-480b-8804-4b31ded4b66e,577a9bb6-6158-41aa-b2ec-1a3dd5cdfa06
tatqa_dev,dev,d15e8080-5504-4eee-8571-ea83294e51c0,577a9bb6-6158-41aa-b2ec-1a3dd5cdfa06
tatqa_dev,dev,e57bd508-2bc7-4aac-892e-f166e350b4f5,577a9bb6-6158-41aa-b2ec-1a3dd5cdfa06
tatqa_dev,dev,5e0c424d-aecf-4148-9e91-2d4d8d3592a8,577a9bb6-6158-41aa-b2ec-1a3dd5cdfa06
tatqa_dev,dev,c4a0f2ab-d7d0-448a-b5f7-85310e5e3427,b89656a2-196d-42d3-98bf-f58d51aedbb4
tatqa_dev,dev,bada4e72-a9a8-4c01-9b6b-0f1d760a1fca,b89656a2-196d-42d3-98bf-f58d51aedbb4
tatqa_dev,dev,a2209be1-7953-49e1-b639-aa1ddcc9c398,b89656a2-196d-42d3-98bf-f58d51aedbb4
tatqa_dev,dev,c9cc2ebc-b50b-4b6f-93cf-76496f3374a4,b89656a2-196d-42d3-98bf-f58d51aedbb4
tatqa_dev,dev,20d16975-ac9e-410f-90d6-96569f61f587,b89656a2-196d-42d3-98bf-f58d51aedbb4
tatqa_dev,dev,03f232b9-a78e-42d0-b555-c801eaac577d,b89656a2-196d-42d3-98bf-f58d51aedbb4
tatqa_dev,dev,e03ec618-ea4c-48c7-b887-e1b8e2742808,aea0cfae-19e9-4aec-a577-de0230696ce0
tatqa_dev,dev,dfa78d9d-1866-426f-a101-fdfb5597249e,aea0cfae-19e9-4aec-a577-de0230696ce0
tatqa_dev,dev,baa84e77-dc54-4ef2-9483-75932fa41161,aea0cfae-19e9-4aec-a577-de0230696ce0
tatqa_dev,dev,7d7ab67b-5f4f-44c9-83e7-a1e35831ae7f,aea0cfae-19e9-4aec-a577-de0230696ce0
tatqa_dev,dev,c72f2f6d-3d88-406d-a482-0736ae4846b0,aea0cfae-19e9-4aec-a577-de0230696ce0
tatqa_dev,dev,634122ee-5fb5-4e38-a552-5673e23987cf,aea0cfae-19e9-4aec-a577-de0230696ce0
tatqa_dev,dev,735866f2-3a3c-4b2d-822a-4a9314138469,1fc1784c-38a0-49a2-a985-8c8a479f5f66
tatqa_dev,dev,92245c0e-817d-4c23-9f75-e247eb9ec1b1,1fc1784c-38a0-49a2-a985-8c8a479f5f66
tatqa_dev,dev,f036c54e-3e90-4740-bf34-bf175c9c7a4a,1fc1784c-38a0-49a2-a985-8c8a479f5f66
tatqa_dev,dev,15cd82e8-7fe9-4529-a44f-eca0ce5137fb,1fc1784c-38a0-49a2-a985-8c8a479f5f66
tatqa_dev,dev,8f75bf3a-849c-4979-b82a-b53dbcf42509,1fc1784c-38a0-49a2-a985-8c8a479f5f66
tatqa_dev,dev,b99d3748-44ec-44e8-9de7-12567ccbd479,1fc1784c-38a0-49a2-a985-8c8a479f5f66
tatqa_dev,dev,9e6b0eeb-e33c-454f-92fe-8ac2bbec81f4,37fc1d68-ab05-4913-8fe6-4cbaafdc39cf
tatqa_dev,dev,bf146b6a-47c4-41d8-9238-217c9d514785,37fc1d68-ab05-4913-8fe6-4cbaafdc39cf
tatqa_dev,dev,26b8233e-d9c5-4f99-97d7-637081790f3e,37fc1d68-ab05-4913-8fe6-4cbaafdc39cf
tatqa_dev,dev,ec360d0b-1c10-4889-b8a6-a5a2e57e6810,37fc1d68-ab05-4913-8fe6-4cbaafdc39cf
tatqa_dev,dev,ff71e762-7a3d-4b9e-aa75-3ab148d8154c,37fc1d68-ab05-4913-8fe6-4cbaafdc39cf
tatqa_dev,dev,8cf06f37-dccd-4b16-8f75-5359a9a55d93,37fc1d68-ab05-4913-8fe6-4cbaafdc39cf
tatqa_dev,dev,26c8f65c-7246-42e5-b2aa-e9070c8d5d6b,2e0e3d40-9bb4-4c64-9f0b-32197d205e4b
tatqa_dev,dev,659e3bb7-d175-4125-91a0-76056b63ae4b,2e0e3d40-9bb4-4c64-9f0b-32197d205e4b
tatqa_dev,dev,6a84c519-8f4b-4f03-a94b-0f234d16b438,2e0e3d40-9bb4-4c64-9f0b-32197d205e4b
tatqa_dev,dev,206dac28-1ba0-4741-97b2-5ab02b343456,2e0e3d40-9bb4-4c64-9f0b-32197d205e4b
tatqa_dev,dev,9406b211-17a1-4a97-a646-a57170b7e270,2e0e3d40-9bb4-4c64-9f0b-32197d205e4b
tatqa_dev,dev,0388b022-13e2-4eac-93b3-f6ded1b9fb67,2e0e3d40-9bb4-4c64-9f0b-32197d205e4b
tatqa_dev,dev,d73b66dd-dec4-4a33-8a98-6ec042c45819,80e4cf21-5ead-4d13-98e7-0d57b30f8617
tatqa_dev,dev,f2b52562-f712-4702-8700-e358153ec402,80e4cf21-5ead-4d13-98e7-0d57b30f8617
tatqa_dev,dev,bbcbc3a8-ebe2-4f89-84e6-6f07e3c82e3c,80e4cf21-5ead-4d13-98e7-0d57b30f8617
tatqa_dev,dev,37c1f8e3-ea65-4d95-95bc-91356c8e6ffc,80e4cf21-5ead-4d13-98e7-0d57b30f8617
tatqa_dev,dev,33c65458-8b70-4e9a-8127-67465d67790b,80e4cf21-5ead-4d13-98e7-0d57b30f8617
tatqa_dev,dev,e4deb430-6bd6-4505-a2cc-facbd0d502bf,80e4cf21-5ead-4d13-98e7-0d57b30f8617
tatqa_dev,dev,df12359b-c35a-4c26-bfbf-a8c05f063be9,75ab135a-beab-4a3e-ae96-356cd0dd0b59
tatqa_dev,dev,beabd8a7-9ed5-4121-8415-6198bb1d642f,75ab135a-beab-4a3e-ae96-356cd0dd0b59
tatqa_dev,dev,beb03e49-dbdc-4214-937b-b7bd81ac2211,75ab135a-beab-4a3e-ae96-356cd0dd0b59
tatqa_dev,dev,f643ad35-bc11-41f6-9318-1189afdab332,75ab135a-beab-4a3e-ae96-356cd0dd0b59
tatqa_dev,dev,92e96014-5a0f-47c4-9acf-33d5e73e9f99,75ab135a-beab-4a3e-ae96-356cd0dd0b59
tatqa_dev,dev,a9d3a57e-89ab-4345-b32c-f2bc615f218e,75ab135a-beab-4a3e-ae96-356cd0dd0b59
tatqa_dev,dev,c5e6577f-e898-4331-b4d9-4ad9d3bb9de7,7fa11b39-7af2-408b-9ee2-03479d6f6ffe
tatqa_dev,dev,ec9f2cc8-7852-44ec-be31-6ad50e9b3ec0,7fa11b39-7af2-408b-9ee2-03479d6f6ffe
tatqa_dev,dev,33b512c9-9c56-495a-955f-2913a01cf6f6,7fa11b39-7af2-408b-9ee2-03479d6f6ffe
tatqa_dev,dev,ada06b86-c4a9-41d7-9bb8-7d33e7900515,7fa11b39-7af2-408b-9ee2-03479d6f6ffe
tatqa_dev,dev,3cbbe606-2c3c-4e20-a266-3dc3fc00adb7,7fa11b39-7af2-408b-9ee2-03479d6f6ffe
tatqa_dev,dev,0f59d1f7-562f-4f9a-a0ff-1abba61accbe,7fa11b39-7af2-408b-9ee2-03479d6f6ffe
tatqa_dev,dev,1a640b47-6081-489d-9106-37f8890bfa00,89cf13a2-6d08-48be-a45d-2346422d5c38
tatqa_dev,dev,0378200d-402f-4b24-bd38-248d85781403,89cf13a2-6d08-48be-a45d-2346422d5c38
tatqa_dev,dev,ec066127-4046-4b2f-9332-de14851c6868,89cf13a2-6d08-48be-a45d-2346422d5c38
tatqa_dev,dev,3b95b56f-3bf1-441f-ae58-a4f34d632d30,89cf13a2-6d08-48be-a45d-2346422d5c38
tatqa_dev,dev,973464b5-a5fe-4381-9bc5-e225f5ba9a2c,89cf13a2-6d08-48be-a45d-2346422d5c38
tatqa_dev,dev,4082086c-6f47-40b1-8ac1-757d437a502d,89cf13a2-6d08-48be-a45d-2346422d5c38
tatqa_dev,dev,767af2ff-98d0-4cd6-9e9f-56de5ec687a3,6aa15859-a841-47eb-ad04-a441599cf05c
tatqa_dev,dev,9dcfc5c6-082a-495c-91b1-561d4262bc34,6aa15859-a841-47eb-ad04-a441599cf05c
tatqa_dev,dev,0b72b5e6-51d3-45fa-bd67-6f44b78e25fb,6aa15859-a841-47eb-ad04-a441599cf05c
tatqa_dev,dev,0dbcbf46-790f-465c-ae57-ffe0167aee5e,6aa15859-a841-47eb-ad04-a441599cf05c
tatqa_dev,dev,4608c69d-d134-4d16-b639-731f5d3b03cd,6aa15859-a841-47eb-ad04-a441599cf05c
tatqa_dev,dev,0550ae54-99f4-4b87-b1a7-11d402a94918,6aa15859-a841-47eb-ad04-a441599cf05c
tatqa_dev,dev,021b891a-e0bf-40c5-8b3a-a57798995b71,879fb3ae-fc64-49f1-8a85-5756ff4ee3b6
tatqa_dev,dev,cc0bdcfe-1ad1-4a36-8169-50270dad8b75,879fb3ae-fc64-49f1-8a85-5756ff4ee3b6
tatqa_dev,dev,4bb9ca4a-a5d3-4cf4-9d42-bca4707bf585,879fb3ae-fc64-49f1-8a85-5756ff4ee3b6
tatqa_dev,dev,b688d135-b29a-4e76-9593-138c3e2812e7,879fb3ae-fc64-49f1-8a85-5756ff4ee3b6
tatqa_dev,dev,105cf4ce-97d9-482e-beac-c2a3a66d8435,879fb3ae-fc64-49f1-8a85-5756ff4ee3b6
tatqa_dev,dev,9b975c8e-e4f6-4b7d-a971-30014f43c1d4,879fb3ae-fc64-49f1-8a85-5756ff4ee3b6
tatqa_dev,dev,b17db2ca-4346-49fa-9613-e1a158371d57,ef1f83ac-45f8-4d92-b577-390b4d8d9473
tatqa_dev,dev,ce90f63a-59b5-4283-929e-91a90f196abc,ef1f83ac-45f8-4d92-b577-390b4d8d9473
tatqa_dev,dev,5739426c-3352-427a-98be-704f08737259,ef1f83ac-45f8-4d92-b577-390b4d8d9473
tatqa_dev,dev,0dfdb4bf-8fa4-4865-860a-18dbe1c41a01,ef1f83ac-45f8-4d92-b577-390b4d8d9473
tatqa_dev,dev,e3f430ad-0f9f-4cfc-9976-3e99271555fa,ef1f83ac-45f8-4d92-b577-390b4d8d9473
tatqa_dev,dev,7f111469-0ffc-4d6f-bde7-0f150bf0c93e,ef1f83ac-45f8-4d92-b577-390b4d8d9473
tatqa_dev,dev,f2acd7a9-0692-4c73-8cb5-f40576447b2a,ae44e24d-3fb5-4eff-95e1-ec8fc530c1d7
tatqa_dev,dev,8ac099bf-ee42-43f3-8878-dcf2f20a983f,ae44e24d-3fb5-4eff-95e1-ec8fc530c1d7
tatqa_dev,dev,6927b567-adcd-418d-bd67-e7de8542c658,ae44e24d-3fb5-4eff-95e1-ec8fc530c1d7
tatqa_dev,dev,0339e2bb-4a63-4f23-aaea-b9fa3cb29737,ae44e24d-3fb5-4eff-95e1-ec8fc530c1d7
tatqa_dev,dev,73521986-bd59-404b-8eb5-c2a24e2bc8ee,ae44e24d-3fb5-4eff-95e1-ec8fc530c1d7
tatqa_dev,dev,258df1b4-3db1-4616-ae6b-c46a98b88dcf,ae44e24d-3fb5-4eff-95e1-ec8fc530c1d7
tatqa_dev,dev,88d66deb-980a-41c8-b41a-0e9610526f0f,0fe00fcf-5d01-45b8-be3b-cc7faa0ddf08
tatqa_dev,dev,f806f1b0-b505-49bd-8493-5e9c381fbf98,0fe00fcf-5d01-45b8-be3b-cc7faa0ddf08
tatqa_dev,dev,b326ee9d-156e-411e-bfce-77f7f6350c5b,0fe00fcf-5d01-45b8-be3b-cc7faa0ddf08
tatqa_dev,dev,61c7a52b-6849-4e09-84e4-a5020e51c744,0fe00fcf-5d01-45b8-be3b-cc7faa0ddf08
tatqa_dev,dev,c55030b2-41b7-4a9e-b954-03680ac7002f,0fe00fcf-5d01-45b8-be3b-cc7faa0ddf08
tatqa_dev,dev,a6dca142-4691-4a05-9c78-9087cdc491f6,0fe00fcf-5d01-45b8-be3b-cc7faa0ddf08
tatqa_dev,dev,6261416c-9061-4088-aeb1-9653477f6526,001e29d7-77e9-4434-9a3d-f72ef640fa79
tatqa_dev,dev,b819c4e1-a5ce-4414-b057-6991406087c8,001e29d7-77e9-4434-9a3d-f72ef640fa79
tatqa_dev,dev,ea48c97a-0ccc-4c71-bf8d-4e24e6963559,001e29d7-77e9-4434-9a3d-f72ef640fa79
tatqa_dev,dev,c3bdd929-97a7-418c-a0e3-c06274ff97d6,001e29d7-77e9-4434-9a3d-f72ef640fa79
tatqa_dev,dev,a8ab5675-0560-4cd0-a294-76fd54b04ad6,001e29d7-77e9-4434-9a3d-f72ef640fa79
tatqa_dev,dev,0ae9262d-c0fd-4b56-b896-2b37f90810bc,001e29d7-77e9-4434-9a3d-f72ef640fa79
tatqa_dev,dev,1ae19326-ebf1-4430-b26d-bce0a211fce7,0027cf6e-f6e8-4d8b-b4ee-0b9f9aeb1f54
tatqa_dev,dev,3c057300-4c76-4981-b4d0-b042a065ad7f,0027cf6e-f6e8-4d8b-b4ee-0b9f9aeb1f54
tatqa_dev,dev,91304e66-d0ac-43c3-8e7e-bff3f068d010,0027cf6e-f6e8-4d8b-b4ee-0b9f9aeb1f54
tatqa_dev,dev,5fa12af1-123b-4683-b2ed-5a2b439c50f4,0027cf6e-f6e8-4d8b-b4ee-0b9f9aeb1f54
tatqa_dev,dev,e4f21617-1a84-40e4-bdf0-671df88cb862,0027cf6e-f6e8-4d8b-b4ee-0b9f9aeb1f54
tatqa_dev,dev,22ea63c7-2e41-48d8-8133-1fd9acebbb5b,0027cf6e-f6e8-4d8b-b4ee-0b9f9aeb1f54
tatqa_dev,dev,17901b51-e762-4e6a-b2ae-1246352863e4,f50c6b84-25c9-418a-aba1-6cd025b904e3
tatqa_dev,dev,dde6a61f-c49d-405d-9fd0-f6315bf636c9,f50c6b84-25c9-418a-aba1-6cd025b904e3
tatqa_dev,dev,c43ec3a9-13bf-436c-90da-f0d4939aab58,f50c6b84-25c9-418a-aba1-6cd025b904e3
tatqa_dev,dev,bdfa7f74-0ec6-461f-a531-c164c7134a2f,f50c6b84-25c9-418a-aba1-6cd025b904e3
tatqa_dev,dev,153f3925-277e-4fe8-8edc-50a5089420ea,f50c6b84-25c9-418a-aba1-6cd025b904e3
tatqa_dev,dev,d374633d-d7ff-41b7-9982-f0388c3d0323,f50c6b84-25c9-418a-aba1-6cd025b904e3
tatqa_dev,dev,2f7a4413-9ca2-49a3-b6fb-dd74a7ea9152,4c2f88e1-b5d4-4565-a98a-04f56127e4af
tatqa_dev,dev,25b47723-4c5c-462d-94f6-07c0719372b6,4c2f88e1-b5d4-4565-a98a-04f56127e4af
tatqa_dev,dev,0b75a6dc-0ac7-477e-a16d-8fa2cf99fddd,4c2f88e1-b5d4-4565-a98a-04f56127e4af
tatqa_dev,dev,484260d3-e655-4cab-a662-471dc0981f49,4c2f88e1-b5d4-4565-a98a-04f56127e4af
tatqa_dev,dev,a4495172-0f2d-44c8-9f4e-bdc24927c79c,4c2f88e1-b5d4-4565-a98a-04f56127e4af
tatqa_dev,dev,359f9c4c-b405-40e5-88b5-86bfa0069b89,4c2f88e1-b5d4-4565-a98a-04f56127e4af
tatqa_dev,dev,80743191-c89d-4a2b-b431-f6b551ecdb41,ff281ea5-25cf-4e1d-b7f5-f0dc51a40f25
tatqa_dev,dev,c719f476-2e7d-4ce9-bae1-7fe582aca5d4,ff281ea5-25cf-4e1d-b7f5-f0dc51a40f25
tatqa_dev,dev,528e5c5c-8070-494e-be3d-f01f3fe3e2be,ff281ea5-25cf-4e1d-b7f5-f0dc51a40f25
tatqa_dev,dev,9fa0bb46-4243-4629-81c2-3ba6e549fee0,ff281ea5-25cf-4e1d-b7f5-f0dc51a40f25
tatqa_dev,dev,204ecd0e-d405-4a41-8163-10f670f987b5,ff281ea5-25cf-4e1d-b7f5-f0dc51a40f25
tatqa_dev,dev,9bb4d497-1edc-4018-a2f9-3a9c8025610c,ff281ea5-25cf-4e1d-b7f5-f0dc51a40f25
tatqa_dev,dev,05ce81f0-78cf-40b5-b10a-b26bd7a9e406,05b0f8ce-bea5-402b-b9e5-8455c9b16e99
tatqa_dev,dev,cbef2a9f-9dd9-4f9a-b4f5-50c883e635c4,05b0f8ce-bea5-402b-b9e5-8455c9b16e99
tatqa_dev,dev,4d19b4f6-27d4-4c1e-a0d5-05630b8f800a,05b0f8ce-bea5-402b-b9e5-8455c9b16e99
tatqa_dev,dev,f2f39c26-9c31-4b39-b9c1-d5b4508736d6,05b0f8ce-bea5-402b-b9e5-8455c9b16e99
tatqa_dev,dev,e02b2c21-3972-41cc-b391-5478da7df9d8,05b0f8ce-bea5-402b-b9e5-8455c9b16e99
tatqa_dev,dev,9a098fcb-9839-4b16-8eeb-7cf291463744,05b0f8ce-bea5-402b-b9e5-8455c9b16e99
tatqa_dev,dev,a38ec62a-bddd-4179-84cf-0354420cc47d,6455b0fa-9637-4d36-95d6-2890c7728f54
tatqa_dev,dev,9d02baf0-2ce3-46b4-8b72-bef61a900fb9,6455b0fa-9637-4d36-95d6-2890c7728f54
tatqa_dev,dev,63dd2fc4-5412-4d1d-b685-3a245c95b761,6455b0fa-9637-4d36-95d6-2890c7728f54
tatqa_dev,dev,0d930702-ca07-422f-ab6a-c794a621f31a,6455b0fa-9637-4d36-95d6-2890c7728f54
tatqa_dev,dev,d4f18464-2a67-4768-8540-1a9bf577e14d,6455b0fa-9637-4d36-95d6-2890c7728f54
tatqa_dev,dev,8ada4c33-1bde-46cf-95ec-dc7938cd7521,6455b0fa-9637-4d36-95d6-2890c7728f54
tatqa_dev,dev,67f205fc-b6b1-4135-9fac-e2378d7fcd25,cca95e4f-c7f7-4ded-92e0-3371290f1374
tatqa_dev,dev,6ee9b6d5-71a3-4e79-a4da-edca3620df7c,cca95e4f-c7f7-4ded-92e0-3371290f1374
tatqa_dev,dev,d730fec2-2d76-4af3-aacb-90684d1c55dd,cca95e4f-c7f7-4ded-92e0-3371290f1374
tatqa_dev,dev,e25992fd-1fe4-44cb-a8d7-5c023a8ca5c8,cca95e4f-c7f7-4ded-92e0-3371290f1374
tatqa_dev,dev,84c1215a-832d-4a8b-a898-cca6ec16b1d2,cca95e4f-c7f7-4ded-92e0-3371290f1374
tatqa_dev,dev,24395900-adc1-4c9d-8ce9-bd21c5a54808,cca95e4f-c7f7-4ded-92e0-3371290f1374
tatqa_dev,dev,72058073-0525-4b47-af7a-cfbc27bf8873,1b94b114-fcbe-480d-933c-c35d4d004249
tatqa_dev,dev,2e2fd6d3-bd8b-43e9-9afb-043f5af34c21,1b94b114-fcbe-480d-933c-c35d4d004249
tatqa_dev,dev,c015c128-371c-4f6f-9a6a-5a872352c33b,1b94b114-fcbe-480d-933c-c35d4d004249
tatqa_dev,dev,7c4e4e9d-57e2-4a1a-9f8c-32c09311948b,1b94b114-fcbe-480d-933c-c35d4d004249
tatqa_dev,dev,d1e84439-5663-4c28-9d59-3854a0104409,1b94b114-fcbe-480d-933c-c35d4d004249
tatqa_dev,dev,a178c3fe-be6d-4272-8d2a-51609f5b2f7c,1b94b114-fcbe-480d-933c-c35d4d004249
tatqa_dev,dev,d5034678-e810-4e0f-9a25-257991ce743c,6ea63cce-37b7-4210-b446-952afde67eb5
tatqa_dev,dev,ec2195f1-47f7-4aaf-81ae-34f314ddb8c7,6ea63cce-37b7-4210-b446-952afde67eb5
tatqa_dev,dev,fadbca7f-1093-4e43-860a-25c53e0221ab,6ea63cce-37b7-4210-b446-952afde67eb5
tatqa_dev,dev,3c4473cb-ee7b-407c-8f80-1b40b06e2a44,6ea63cce-37b7-4210-b446-952afde67eb5
tatqa_dev,dev,71384b98-32c8-46e6-a820-9551c8c10e2d,6ea63cce-37b7-4210-b446-952afde67eb5
tatqa_dev,dev,8a0cd33c-2d0b-4f6e-8a6a-7ff9b6b61cdd,6ea63cce-37b7-4210-b446-952afde67eb5
tatqa_dev,dev,55ef926a-576a-4039-871e-6216862ea671,b1b21d4c-7dac-4205-96bf-6b088fc3b724
tatqa_dev,dev,7a1f65b6-25e2-48e2-a3cc-baddc688545e,b1b21d4c-7dac-4205-96bf-6b088fc3b724
tatqa_dev,dev,fc7e735f-634e-4337-8f6c-79514437d9db,b1b21d4c-7dac-4205-96bf-6b088fc3b724
tatqa_dev,dev,17a02c67-a52f-44d2-aa9c-0d0d1ec4ff47,b1b21d4c-7dac-4205-96bf-6b088fc3b724
tatqa_dev,dev,d9aa3edf-6f53-442a-9e8c-da8f60a14edd,b1b21d4c-7dac-4205-96bf-6b088fc3b724
tatqa_dev,dev,6b302e77-78da-4eb3-ae81-2d496d0e9b1a,b1b21d4c-7dac-4205-96bf-6b088fc3b724
tatqa_dev,dev,59f389c8-7610-4b3b-b20b-694a08978246,d0810768-44f6-454b-b29c-5816dcad0158
tatqa_dev,dev,d05ff4c9-8709-4fa1-b546-a2d6b7fd39cc,d0810768-44f6-454b-b29c-5816dcad0158
tatqa_dev,dev,24b6e5a5-4648-472f-88c1-08dda5988edf,d0810768-44f6-454b-b29c-5816dcad0158
tatqa_dev,dev,6befb6ea-a586-43d2-80bd-14f0721dd6f1,d0810768-44f6-454b-b29c-5816dcad0158
tatqa_dev,dev,c52dc053-375e-4b4d-b4ce-757bb39fa256,d0810768-44f6-454b-b29c-5816dcad0158
tatqa_dev,dev,9df4e7cf-9a10-40e2-b52e-9278948fce53,d0810768-44f6-454b-b29c-5816dcad0158
tatqa_dev,dev,68ea84f6-d211-4e14-b011-723deead8d78,f6dd98fe-96f6-48c9-b952-d7d8a5914f5f
tatqa_dev,dev,b6f6a01d-a290-4195-a431-30c2298c0d31,f6dd98fe-96f6-48c9-b952-d7d8a5914f5f
tatqa_dev,dev,5ad4afa3-89b9-432d-b0a1-a99f36c3f739,f6dd98fe-96f6-48c9-b952-d7d8a5914f5f
tatqa_dev,dev,5a09d607-3502-4451-9d1a-a222dfc32968,f6dd98fe-96f6-48c9-b952-d7d8a5914f5f
tatqa_dev,dev,f9898b19-f84e-4cd8-9cd2-330767f39a38,f6dd98fe-96f6-48c9-b952-d7d8a5914f5f
tatqa_dev,dev,f140a65f-c408-45fc-8c60-e98e13530452,f6dd98fe-96f6-48c9-b952-d7d8a5914f5f
tatqa_dev,dev,f5f46f4d-2e89-4284-9a1b-af3b793381a7,239347c1-faf9-4fb1-a167-d3c83fd0dead
tatqa_dev,dev,d3476066-284f-4b43-bb69-d856653d3a51,239347c1-faf9-4fb1-a167-d3c83fd0dead
tatqa_dev,dev,07d44d17-d3d3-488e-9ea9-7f7f0ab1d1ef,239347c1-faf9-4fb1-a167-d3c83fd0dead
tatqa_dev,dev,34144864-790c-4733-8323-91347f68f5ef,239347c1-faf9-4fb1-a167-d3c83fd0dead
tatqa_dev,dev,6ba4045d-4222-4da0-a126-94b267a707ec,239347c1-faf9-4fb1-a167-d3c83fd0dead
tatqa_dev,dev,e9b75381-50b1-4717-a322-31ed1eef4259,239347c1-faf9-4fb1-a167-d3c83fd0dead
tatqa_dev,dev,1c7f7554-6c99-4894-8685-3ecb57a3ee73,d423c6ef-50f3-4535-a74f-13cb46728627
tatqa_dev,dev,ec690932-9852-4987-9e84-e4728ed6ca43,d423c6ef-50f3-4535-a74f-13cb46728627
tatqa_dev,dev,1622dca1-ac9d-404e-b621-8b1fb02c2350,d423c6ef-50f3-4535-a74f-13cb46728627
tatqa_dev,dev,070a9fb1-6d17-40ba-b34e-82d0fe14037b,d423c6ef-50f3-4535-a74f-13cb46728627
tatqa_dev,dev,a8a7c154-567e-4b21-878e-85dab9d28fc9,d423c6ef-50f3-4535-a74f-13cb46728627
tatqa_dev,dev,9fce8f25-dd3b-4c50-9b7b-d200ced15ded,d423c6ef-50f3-4535-a74f-13cb46728627
tatqa_dev,dev,e2665282-60dd-4ef1-b29b-fde6a2628d9d,4bf2b6c8-e1f4-4d67-8008-c2ebcf478ed4
tatqa_dev,dev,54fec8b2-3105-45fc-aa90-fd07cdd582ae,4bf2b6c8-e1f4-4d67-8008-c2ebcf478ed4
tatqa_dev,dev,fbb1afb7-be56-4bd9-b4dd-902fb1e757f7,4bf2b6c8-e1f4-4d67-8008-c2ebcf478ed4
tatqa_dev,dev,e302a7ec-94e5-4bea-bff4-5d4b9d4f6265,4bf2b6c8-e1f4-4d67-8008-c2ebcf478ed4
tatqa_dev,dev,df9b9e2c-cf09-46bc-a2a6-51a0620072f8,4bf2b6c8-e1f4-4d67-8008-c2ebcf478ed4
tatqa_dev,dev,cade62e4-ed68-4c91-b3d8-262c3c3f69fb,4bf2b6c8-e1f4-4d67-8008-c2ebcf478ed4
tatqa_dev,dev,347d0777-a0d7-4ed6-84c6-499d28ba0290,fb333978-9a21-401f-9660-ccdff2e36d02
tatqa_dev,dev,2223bc60-3b60-42a0-bd67-2c82b7ee6418,fb333978-9a21-401f-9660-ccdff2e36d02
tatqa_dev,dev,8ebafba9-2405-42c7-8f4e-be1b0047d81b,fb333978-9a21-401f-9660-ccdff2e36d02
tatqa_dev,dev,06dfc869-b3e2-446e-9b9a-1b2374c63c04,fb333978-9a21-401f-9660-ccdff2e36d02
tatqa_dev,dev,521b36fd-2b60-466b-b420-fbf776531e37,fb333978-9a21-401f-9660-ccdff2e36d02
tatqa_dev,dev,9238f11f-18d1-416b-ad2d-2692229c8d3a,fb333978-9a21-401f-9660-ccdff2e36d02
tatqa_dev,dev,197c37a3-cd56-4eef-bccc-756f88753971,fa0d7378-4217-44f1-bfb0-38688f03bdf3
tatqa_dev,dev,a71f8ab2-6518-40c2-a4f4-f49a2ab18324,fa0d7378-4217-44f1-bfb0-38688f03bdf3
tatqa_dev,dev,54087793-6e0a-454f-aa50-f39a24bf8d1b,fa0d7378-4217-44f1-bfb0-38688f03bdf3
tatqa_dev,dev,61610e9a-13c4-4670-8616-c6218f7793ad,fa0d7378-4217-44f1-bfb0-38688f03bdf3
tatqa_dev,dev,0914b0c3-0f42-480f-a2d3-3368f48eaba6,fa0d7378-4217-44f1-bfb0-38688f03bdf3
tatqa_dev,dev,14501a2e-1369-44f4-aa58-c5eb42c8d68b,fa0d7378-4217-44f1-bfb0-38688f03bdf3
tatqa_dev,dev,f1eedc55-cc96-4574-b82b-e6f17cf176af,921148c5-ea09-4de1-aefb-8ec85702982b
tatqa_dev,dev,38640cdf-e1a8-437e-98b4-c3d3dbbed7fa,921148c5-ea09-4de1-aefb-8ec85702982b
tatqa_dev,dev,648537d1-09ce-4e75-b9c4-d85420c7ed16,921148c5-ea09-4de1-aefb-8ec85702982b
tatqa_dev,dev,6b593f8e-2287-4a0e-9c23-b954dbfbbd05,921148c5-ea09-4de1-aefb-8ec85702982b
tatqa_dev,dev,c438e7d0-68d6-46c5-b5c7-6507889fa210,921148c5-ea09-4de1-aefb-8ec85702982b
tatqa_dev,dev,1427bbad-0def-4340-a537-4713dad96ea7,921148c5-ea09-4de1-aefb-8ec85702982b
tatqa_dev,dev,06e79509-49d3-47c4-94a9-1ca382cb11c3,e598e43e-f2b3-4d9f-8de1-78ddead7f85b
tatqa_dev,dev,31a09999-0492-43bb-82cc-567f9267ed92,e598e43e-f2b3-4d9f-8de1-78ddead7f85b
tatqa_dev,dev,ee21ba34-3a0d-4738-8aa4-5ede6f914f46,e598e43e-f2b3-4d9f-8de1-78ddead7f85b
tatqa_dev,dev,2e4cfc8c-d8a7-419a-ab68-216fc1624093,e598e43e-f2b3-4d9f-8de1-78ddead7f85b
tatqa_dev,dev,0a9b94be-b354-46e2-a448-e68b5f9f5e92,e598e43e-f2b3-4d9f-8de1-78ddead7f85b
tatqa_dev,dev,2183fd41-aa7b-4eff-81b0-427d0bbe52e9,e598e43e-f2b3-4d9f-8de1-78ddead7f85b
tatqa_dev,dev,ec290759-3e73-4ee3-9950-c3f0a2609da1,88f5faa2-dd5b-48bb-8b53-8edd6714f894
tatqa_dev,dev,33fd26df-9da7-489c-96e6-bd43a8b79d89,88f5faa2-dd5b-48bb-8b53-8edd6714f894
tatqa_dev,dev,032682c3-c3c1-4e3b-9554-05f68fdb4cc8,88f5faa2-dd5b-48bb-8b53-8edd6714f894
tatqa_dev,dev,ebbf3324-49cd-4fa6-a3ef-a6b9f5f9dee8,88f5faa2-dd5b-48bb-8b53-8edd6714f894
tatqa_dev,dev,23c33e5c-13bf-4aeb-8116-8394c054bfed,88f5faa2-dd5b-48bb-8b53-8edd6714f894
tatqa_dev,dev,d5627d05-a0d9-431e-926c-e67c693f181d,88f5faa2-dd5b-48bb-8b53-8edd6714f894
tatqa_dev,dev,71724d7e-77ae-4c4c-be12-73ca0443372d,2cf767c9-a0f8-4d78-b6f2-71221f566c2f
tatqa_dev,dev,75623d36-47ae-4801-9727-ee17b04cd8e5,2cf767c9-a0f8-4d78-b6f2-71221f566c2f
tatqa_dev,dev,bc38890b-c504-46e2-9546-765af952bdc5,2cf767c9-a0f8-4d78-b6f2-71221f566c2f
tatqa_dev,dev,a3ea64bc-4447-4c0b-b76c-84575a3a0de2,2cf767c9-a0f8-4d78-b6f2-71221f566c2f
tatqa_dev,dev,33de3029-3056-4598-bdff-30d9be4f52c3,2cf767c9-a0f8-4d78-b6f2-71221f566c2f
tatqa_dev,dev,cd3367c7-d3bd-440c-8c51-90a6ee95cc77,2cf767c9-a0f8-4d78-b6f2-71221f566c2f
tatqa_dev,dev,fe7894b9-6cb8-429a-9efb-321e17e31232,139e8d2d-0a3a-4ed1-80a7-f7614b1518b7
tatqa_dev,dev,b1b68555-0484-4dd1-95bf-b5e12caa301a,139e8d2d-0a3a-4ed1-80a7-f7614b1518b7
tatqa_dev,dev,8a3e4731-2d11-4fbd-8167-5fbece8df3c5,139e8d2d-0a3a-4ed1-80a7-f7614b1518b7
tatqa_dev,dev,014da777-ac60-4be9-ac5c-86fce0791b10,139e8d2d-0a3a-4ed1-80a7-f7614b1518b7
tatqa_dev,dev,a8b031ed-58ec-418a-a229-89ad5444a6bb,139e8d2d-0a3a-4ed1-80a7-f7614b1518b7
tatqa_dev,dev,c174c321-d180-4335-b562-e570536f0725,139e8d2d-0a3a-4ed1-80a7-f7614b1518b7
tatqa_dev,dev,89b7aa90-ca4b-425e-a466-e5194b967983,7a032500-db5c-44f3-b95b-160463f97f5d
tatqa_dev,dev,133bf863-37c4-4cec-be3e-85bae4b90460,7a032500-db5c-44f3-b95b-160463f97f5d
tatqa_dev,dev,58d97328-c6a8-4f7e-9740-80c0384306fb,7a032500-db5c-44f3-b95b-160463f97f5d
tatqa_dev,dev,073c6499-cf72-47f2-8874-7dfc67f1e251,7a032500-db5c-44f3-b95b-160463f97f5d
tatqa_dev,dev,bf683a17-9353-4784-94b3-8cf2a677b1f4,7a032500-db5c-44f3-b95b-160463f97f5d
tatqa_dev,dev,4875e520-3ead-44f2-aefc-d1a9d087419d,7a032500-db5c-44f3-b95b-160463f97f5d
tatqa_dev,dev,7c881598-0115-4df8-a7b1-49ba8225418d,329e3ff5-0cff-4849-8fd0-9b1e5606f6ca
tatqa_dev,dev,09998ed3-ee55-45ea-9093-3a0a27baa8fa,329e3ff5-0cff-4849-8fd0-9b1e5606f6ca
tatqa_dev,dev,6b6d818a-7d95-479e-8309-b0b00f7b7719,329e3ff5-0cff-4849-8fd0-9b1e5606f6ca
tatqa_dev,dev,c07943fa-5f7e-467e-aaea-2f064d71a874,329e3ff5-0cff-4849-8fd0-9b1e5606f6ca
tatqa_dev,dev,c0ba2609-ef77-4d95-883b-369d6d3258c7,329e3ff5-0cff-4849-8fd0-9b1e5606f6ca
tatqa_dev,dev,c48a89ed-da90-4c07-b51e-2e77b5817f3d,329e3ff5-0cff-4849-8fd0-9b1e5606f6ca
tatqa_dev,dev,0af55b55-ed9c-4132-89bb-49caa66e781e,a5fb7f90-4f37-460a-886e-13195f501f1b
tatqa_dev,dev,6d005e18-4378-4ae0-87e9-12bec9487dfc,a5fb7f90-4f37-460a-886e-13195f501f1b
tatqa_dev,dev,6aeb0681-de05-4f1e-9d36-f6855f74f4f2,a5fb7f90-4f37-460a-886e-13195f501f1b
tatqa_dev,dev,632eb98b-be1c-4a69-89cf-36090c0a6c36,a5fb7f90-4f37-460a-886e-13195f501f1b
tatqa_dev,dev,c95350e7-6f59-4124-b887-0d2005857c69,a5fb7f90-4f37-460a-886e-13195f501f1b
tatqa_dev,dev,765f1e20-9c75-4611-99ef-68a193d7e101,a5fb7f90-4f37-460a-886e-13195f501f1b
tatqa_dev,dev,013e5aae-eb18-41c6-9781-f5cd6c078e38,cac80246-6de4-4c07-a884-ab40ec4cbb72
tatqa_dev,dev,62872bab-8c6f-4444-9f14-f57fe31cb250,cac80246-6de4-4c07-a884-ab40ec4cbb72
tatqa_dev,dev,aaf22535-96e5-42f9-bed3-57df1a6e80fc,cac80246-6de4-4c07-a884-ab40ec4cbb72
tatqa_dev,dev,d76df306-5452-4d72-ba6a-968482943bee,cac80246-6de4-4c07-a884-ab40ec4cbb72
tatqa_dev,dev,12756239-28b8-482e-bfc8-c3dd6b2f2954,cac80246-6de4-4c07-a884-ab40ec4cbb72
tatqa_dev,dev,4d0e5eef-0557-4064-8e43-6d0fa3bdab19,cac80246-6de4-4c07-a884-ab40ec4cbb72
tatqa_dev,dev,4a281b69-b5e5-48eb-804c-131215fde123,fd28a5b6-ecac-4f54-987d-e6a4b1e63bb6
tatqa_dev,dev,8d624c46-93b8-492b-ab21-eeaafa7fd7c7,fd28a5b6-ecac-4f54-987d-e6a4b1e63bb6
tatqa_dev,dev,7662c80f-c404-41fb-ab9a-282e91822f74,fd28a5b6-ecac-4f54-987d-e6a4b1e63bb6
tatqa_dev,dev,19bf32fd-847e-4449-84cf-f2f3df81b71b,fd28a5b6-ecac-4f54-987d-e6a4b1e63bb6
tatqa_dev,dev,9f000c2e-f928-401a-a3ba-2ef71b2bccf6,fd28a5b6-ecac-4f54-987d-e6a4b1e63bb6
tatqa_dev,dev,6fbcd1ee-5060-442b-a2d2-8d62ac822942,fd28a5b6-ecac-4f54-987d-e6a4b1e63bb6
tatqa_dev,dev,aa0adf26-bfd3-4e98-b0d1-ebfd3e09e648,9791f353-ce82-41be-a93d-915b8f52677b
tatqa_dev,dev,16d5d8f2-bc38-4595-80ae-04768b290c78,9791f353-ce82-41be-a93d-915b8f52677b
tatqa_dev,dev,7164d7c0-d541-4b7a-942d-a864348d4fbf,9791f353-ce82-41be-a93d-915b8f52677b
tatqa_dev,dev,ff9b07aa-2cdc-425a-86b6-2f231421ce11,9791f353-ce82-41be-a93d-915b8f52677b
tatqa_dev,dev,eca3afa3-cd52-44ed-9e62-2003038a0926,9791f353-ce82-41be-a93d-915b8f52677b
tatqa_dev,dev,49dbbc90-5307-49ae-b802-e87d19214c40,9791f353-ce82-41be-a93d-915b8f52677b
tatqa_dev,dev,e636ec91-f544-4bed-981c-3196a1e6b8a2,561569ae-db50-4eb5-8d0a-5a80bd1be46c
tatqa_dev,dev,464473b5-6a98-4b83-a1c6-16f3e82ccc32,561569ae-db50-4eb5-8d0a-5a80bd1be46c
tatqa_dev,dev,a9b94d83-2155-43d0-899e-b987f4f8fe63,561569ae-db50-4eb5-8d0a-5a80bd1be46c
tatqa_dev,dev,520740d2-1345-496c-9013-1bbe687913aa,561569ae-db50-4eb5-8d0a-5a80bd1be46c
tatqa_dev,dev,f8073b0e-9327-40f7-9646-dd96da92ea3a,561569ae-db50-4eb5-8d0a-5a80bd1be46c
tatqa_dev,dev,2b77bd1e-17ee-4f74-9fb7-7cc4ad5142dd,561569ae-db50-4eb5-8d0a-5a80bd1be46c
tatqa_dev,dev,bfa00440-e576-4286-83d5-f71599959474,8b2c7a63-0dc5-4a6f-83f1-6f9b27a8016c
tatqa_dev,dev,fe847ccb-c8bc-47b3-b5ca-5d9d9fa1189e,8b2c7a63-0dc5-4a6f-83f1-6f9b27a8016c
tatqa_dev,dev,17fa34ee-af97-49eb-ab53-bde98f723bc1,8b2c7a63-0dc5-4a6f-83f1-6f9b27a8016c
tatqa_dev,dev,9551fa01-dfe4-4bbb-bd0f-cb4ec1c83d3b,8b2c7a63-0dc5-4a6f-83f1-6f9b27a8016c
tatqa_dev,dev,190316bd-8f09-4e44-9648-e83d0bab44fb,8b2c7a63-0dc5-4a6f-83f1-6f9b27a8016c
tatqa_dev,dev,5f289981-f13d-4160-8879-c81dc0b7381e,8b2c7a63-0dc5-4a6f-83f1-6f9b27a8016c
tatqa_dev,dev,597ddf84-c37d-4a2e-a220-dfad440c0114,1f631856-89ba-471a-b65d-86801ec07401
tatqa_dev,dev,7051f718-0351-4532-85b1-b2f020d3e1f4,1f631856-89ba-471a-b65d-86801ec07401
tatqa_dev,dev,ca3c4add-5d49-4078-bc6f-7b38a842c06e,1f631856-89ba-471a-b65d-86801ec07401
tatqa_dev,dev,4dc88328-739b-43e5-a61d-8492ec4552a6,1f631856-89ba-471a-b65d-86801ec07401
tatqa_dev,dev,90f9af10-77ac-441c-a53d-3167c15ad61b,1f631856-89ba-471a-b65d-86801ec07401
tatqa_dev,dev,b679f4bd-7a0f-4b2e-b8fc-12f08a5749fe,1f631856-89ba-471a-b65d-86801ec07401
tatqa_dev,dev,51b57b07-2451-42c1-9a80-eb7ffed36d98,ee5ecf56-5866-45e3-8fb3-adbb99a9ba3e
tatqa_dev,dev,542e287e-0671-4eed-a367-98add13b8448,ee5ecf56-5866-45e3-8fb3-adbb99a9ba3e
tatqa_dev,dev,a6aab6e6-cd4d-4446-a509-b79f798b5117,ee5ecf56-5866-45e3-8fb3-adbb99a9ba3e
tatqa_dev,dev,4b1ab745-9b93-495b-9c45-ede4e32b7657,ee5ecf56-5866-45e3-8fb3-adbb99a9ba3e
tatqa_dev,dev,bb1748b3-d70a-4942-972d-47210dc09b3b,ee5ecf56-5866-45e3-8fb3-adbb99a9ba3e
tatqa_dev,dev,710bc8e8-3a6b-42ef-b122-a348250715f1,ee5ecf56-5866-45e3-8fb3-adbb99a9ba3e
tatqa_dev,dev,3cdb0430-f3e7-485c-90bc-7320f30a8c2f,b9871425-cbf5-4b6c-b1d3-6931727226a1
tatqa_dev,dev,516cf531-262c-4318-aa5c-0ef6e2d9ac25,b9871425-cbf5-4b6c-b1d3-6931727226a1
tatqa_dev,dev,c4920a1b-4aee-4797-a904-fdbe20885db4,b9871425-cbf5-4b6c-b1d3-6931727226a1
tatqa_dev,dev,20b9f972-d7e9-4a47-a9ab-8c789db18f9d,b9871425-cbf5-4b6c-b1d3-6931727226a1
tatqa_dev,dev,57f38b17-ccdb-4d57-b075-9d1ff7dfb5e7,b9871425-cbf5-4b6c-b1d3-6931727226a1
tatqa_dev,dev,77b14f34-b206-4b50-babb-aa9ee379410a,b9871425-cbf5-4b6c-b1d3-6931727226a1
tatqa_dev,dev,eaf5801e-9821-4169-8b6e-4fba5d728ac2,890a7843-a38b-4bc7-aaac-745276b2ce67
tatqa_dev,dev,cc5b2e21-98eb-4a4d-b69f-e8126a7e3ee1,890a7843-a38b-4bc7-aaac-745276b2ce67
tatqa_dev,dev,87feab4b-9d43-4fb0-a2e7-0d3dbfcdb58a,890a7843-a38b-4bc7-aaac-745276b2ce67
tatqa_dev,dev,01ba4058-8e2c-461e-8400-78be688442bf,890a7843-a38b-4bc7-aaac-745276b2ce67
tatqa_dev,dev,52b32d22-da73-4420-81e4-8cdad82d2125,890a7843-a38b-4bc7-aaac-745276b2ce67
tatqa_dev,dev,5c487c82-e20a-4c76-9f52-7831ab15075e,890a7843-a38b-4bc7-aaac-745276b2ce67
tatqa_dev,dev,2c5980d5-d0cf-4f56-a194-63a6d46e648e,467f55db-152c-4219-97c6-5765f1ead0d9
tatqa_dev,dev,e35b10e8-fe97-4cc4-b59e-cbeb0679f6c7,467f55db-152c-4219-97c6-5765f1ead0d9
tatqa_dev,dev,afa1203b-1fa5-4c35-893d-2a32c7757ee3,467f55db-152c-4219-97c6-5765f1ead0d9
tatqa_dev,dev,d9df199c-72ec-4ca6-89b3-1f3903f823cf,467f55db-152c-4219-97c6-5765f1ead0d9
tatqa_dev,dev,dc26feb6-edfd-4116-bb7b-dbfab28f39dd,467f55db-152c-4219-97c6-5765f1ead0d9
tatqa_dev,dev,64b062c4-0954-42f0-a8e4-dc3edca86413,467f55db-152c-4219-97c6-5765f1ead0d9
tatqa_dev,dev,b6ea7190-ded5-4121-9d2b-13f29a85b0a7,46466da8-bb43-453f-aa9b-f2230b663864
tatqa_dev,dev,50a84776-bffd-424b-a0d8-6385b76c049a,46466da8-bb43-453f-aa9b-f2230b663864
tatqa_dev,dev,579ce734-6797-4813-95d8-774221b64ccb,46466da8-bb43-453f-aa9b-f2230b663864
tatqa_dev,dev,fd303846-a740-4d73-b19a-961fa0d7b71b,46466da8-bb43-453f-aa9b-f2230b663864
tatqa_dev,dev,d713cc10-43c6-4fe9-9808-24ddc7160f0f,46466da8-bb43-453f-aa9b-f2230b663864
tatqa_dev,dev,3f6ca4fd-abb8-4a86-bd11-e77921f9cd8c,46466da8-bb43-453f-aa9b-f2230b663864
tatqa_dev,dev,b74b9e64-f8de-4eaa-a93b-6a929600f608,424c1a41-765a-42f7-8236-2abd5b9bcf2f
tatqa_dev,dev,320b8260-e516-417a-b220-5a119b174276,424c1a41-765a-42f7-8236-2abd5b9bcf2f
tatqa_dev,dev,61b0d210-a8a7-40b7-a1d7-381c67014208,424c1a41-765a-42f7-8236-2abd5b9bcf2f
tatqa_dev,dev,21ac021b-192e-46ea-b494-dbc82ad8f53d,424c1a41-765a-42f7-8236-2abd5b9bcf2f
tatqa_dev,dev,9e632ed1-1a2b-40a9-9a9a-72515db3585d,424c1a41-765a-42f7-8236-2abd5b9bcf2f
tatqa_dev,dev,56327885-98fe-40db-93f8-f762b1bf5d20,424c1a41-765a-42f7-8236-2abd5b9bcf2f
tatqa_dev,dev,a87da1d1-ab9f-492d-b206-a1a84899a4c7,704b5994-6fee-43b2-a9c9-e5676eac92a1
tatqa_dev,dev,78d30d08-bc16-44b3-8f19-e7ba5e2bf68f,704b5994-6fee-43b2-a9c9-e5676eac92a1
tatqa_dev,dev,d5911998-2a85-4e25-bb92-fd5440facee6,704b5994-6fee-43b2-a9c9-e5676eac92a1
tatqa_dev,dev,90f6b6b5-3d82-459d-b9b7-d86dae985655,704b5994-6fee-43b2-a9c9-e5676eac92a1
tatqa_dev,dev,d547e798-a829-4b95-af68-e50705558993,704b5994-6fee-43b2-a9c9-e5676eac92a1
tatqa_dev,dev,7ad766bc-2b8f-42be-95a5-6eb7575f322c,704b5994-6fee-43b2-a9c9-e5676eac92a1
tatqa_dev,dev,1c88aed6-2b11-45e4-ba39-3c8c603e7af4,1cacb8a3-8587-4ff4-aadb-814352f5c0ff
tatqa_dev,dev,137b2cf7-2935-4a54-98b8-c102adb5d12a,1cacb8a3-8587-4ff4-aadb-814352f5c0ff
tatqa_dev,dev,df840c74-8dee-49db-b038-cb399494f9a5,1cacb8a3-8587-4ff4-aadb-814352f5c0ff
tatqa_dev,dev,ecf25a96-a643-4bed-a0bb-c6eaf4999269,1cacb8a3-8587-4ff4-aadb-814352f5c0ff
tatqa_dev,dev,c07a4e8f-96eb-4b0d-b668-f7d6e64ed707,1cacb8a3-8587-4ff4-aadb-814352f5c0ff
tatqa_dev,dev,177fcc7a-a3c4-4e17-9521-3bcfc7154f02,1cacb8a3-8587-4ff4-aadb-814352f5c0ff
tatqa_dev,dev,2f9397c9-3318-45d3-8e80-edc2f800b5c4,f84f55c4-6ede-4bb6-9c24-49956f6e232a
tatqa_dev,dev,466a12ed-8a3c-4dfa-8538-c2ff57d91df8,f84f55c4-6ede-4bb6-9c24-49956f6e232a
tatqa_dev,dev,40f513e7-ac40-4fdb-a83c-a92e94b9a6b1,f84f55c4-6ede-4bb6-9c24-49956f6e232a
tatqa_dev,dev,7d0f621a-0463-47ba-a817-2d75830ad41c,f84f55c4-6ede-4bb6-9c24-49956f6e232a
tatqa_dev,dev,ab50c5ce-cf88-45c7-acc8-2b73faa97d99,f84f55c4-6ede-4bb6-9c24-49956f6e232a
tatqa_dev,dev,43e6bb90-dd1b-4f54-bdb7-60556312ad4e,f84f55c4-6ede-4bb6-9c24-49956f6e232a
tatqa_dev,dev,700ae167-7c0d-4b48-aebf-c19a1ea81b2b,ed99123e-63a3-4238-addd-9c692afe3a05
tatqa_dev,dev,91f1515f-4771-403c-ba45-309079ea2723,ed99123e-63a3-4238-addd-9c692afe3a05
tatqa_dev,dev,6a94f765-2c5a-4486-ba06-0057636740e0,ed99123e-63a3-4238-addd-9c692afe3a05
tatqa_dev,dev,97935e9b-9af4-4818-af31-57c77c63a6ed,ed99123e-63a3-4238-addd-9c692afe3a05
tatqa_dev,dev,e44b3ca5-1c32-44c9-9155-61465b79e908,ed99123e-63a3-4238-addd-9c692afe3a05
tatqa_dev,dev,80788370-72a5-4358-aeb1-1b7b46e4613d,ed99123e-63a3-4238-addd-9c692afe3a05
tatqa_dev,dev,c9cd8e96-01fa-434d-9777-3b460569dd60,2bc7fad1-056b-4298-bfca-5a33c970b1a0
tatqa_dev,dev,c9126aa2-a8ec-4e6f-abe0-580a19217507,2bc7fad1-056b-4298-bfca-5a33c970b1a0
tatqa_dev,dev,226e93be-194d-4315-8bf3-f5adf1891c59,2bc7fad1-056b-4298-bfca-5a33c970b1a0
tatqa_dev,dev,f531a881-341e-4ac9-b18f-b0518fea5a21,2bc7fad1-056b-4298-bfca-5a33c970b1a0
tatqa_dev,dev,78f0aebe-c955-4e78-831e-0ffa77c0f50b,2bc7fad1-056b-4298-bfca-5a33c970b1a0
tatqa_dev,dev,73618a72-ca8a-43f4-b384-409aec6bbb75,2bc7fad1-056b-4298-bfca-5a33c970b1a0
tatqa_dev,dev,aa72d3c1-8a31-4ed3-a267-7eadf59e6ae6,f824a6f0-d7fe-43ae-9455-59aaa0854aa3
tatqa_dev,dev,dde7c25c-0d33-4f59-99dd-1f5f5cece1f7,f824a6f0-d7fe-43ae-9455-59aaa0854aa3
tatqa_dev,dev,3a1a0292-936a-4ebb-9940-2eee963ea05c,f824a6f0-d7fe-43ae-9455-59aaa0854aa3
tatqa_dev,dev,643cfcef-6d2c-4df7-b538-3588e28b58e1,f824a6f0-d7fe-43ae-9455-59aaa0854aa3
tatqa_dev,dev,f4a95f4d-5957-44e8-81b7-f0cd392c4409,f824a6f0-d7fe-43ae-9455-59aaa0854aa3
tatqa_dev,dev,beb114d0-5ff6-452b-ae71-774f70b9cca5,f824a6f0-d7fe-43ae-9455-59aaa0854aa3
tatqa_dev,dev,9d36c98b-14a1-4096-96df-0dd51abf0512,3d7f346b-50b7-4251-9e99-8e538c8b01b6
tatqa_dev,dev,81718791-f581-4bb7-a21c-38aff788583c,3d7f346b-50b7-4251-9e99-8e538c8b01b6
tatqa_dev,dev,ff2ce9b9-def7-4e46-a2d2-79e841121f46,3d7f346b-50b7-4251-9e99-8e538c8b01b6
tatqa_dev,dev,98bd5d62-dd90-48ae-8e7e-678ec7c9a04a,3d7f346b-50b7-4251-9e99-8e538c8b01b6
tatqa_dev,dev,1068bcff-95a1-49cf-b41a-36b9ccb93c8b,3d7f346b-50b7-4251-9e99-8e538c8b01b6
tatqa_dev,dev,8b54ebf5-4deb-4d05-b274-874b3d637456,3d7f346b-50b7-4251-9e99-8e538c8b01b6
tatqa_dev,dev,27da724b-0334-4292-a9ef-cb978175055b,736d8572-272b-4cab-8062-9012ec6e7fe9
tatqa_dev,dev,2f4a33b4-e36d-4372-aab8-b058bcf78cbe,736d8572-272b-4cab-8062-9012ec6e7fe9
tatqa_dev,dev,f8f14779-a98d-4a94-a2aa-f80f7015551b,736d8572-272b-4cab-8062-9012ec6e7fe9
tatqa_dev,dev,c45b4b2a-bfb7-4b05-af7c-2c0d31dbe7dd,736d8572-272b-4cab-8062-9012ec6e7fe9
tatqa_dev,dev,c26ef418-e7bb-47ca-8f70-dabe35ffc766,736d8572-272b-4cab-8062-9012ec6e7fe9
tatqa_dev,dev,4190424e-ce6e-4f5c-9175-51afdba156e5,736d8572-272b-4cab-8062-9012ec6e7fe9
tatqa_dev,dev,c8b28232-3211-4cb1-996f-dca8803924de,808ccf05-6f40-43d5-a71f-154ed45ce499
tatqa_dev,dev,7e405854-1df1-4341-85b7-b363af39c287,808ccf05-6f40-43d5-a71f-154ed45ce499
tatqa_dev,dev,32b27169-7940-4b78-9a97-e0dc071ffde6,808ccf05-6f40-43d5-a71f-154ed45ce499
tatqa_dev,dev,d21b8fe8-119a-4bd7-ba93-24cb28deb15c,808ccf05-6f40-43d5-a71f-154ed45ce499
tatqa_dev,dev,3bc9ea91-f346-4cc1-9ca7-10c481be3ac9,808ccf05-6f40-43d5-a71f-154ed45ce499
tatqa_dev,dev,ed47e72c-c67c-4c61-abfa-9aefcf4caa89,808ccf05-6f40-43d5-a71f-154ed45ce499
tatqa_dev,dev,01e88bf6-f6b1-41de-bd60-b272255d3ad9,5b874c83-80f7-48d2-bdac-166f2c778e37
tatqa_dev,dev,3815da05-2eae-4248-b313-82dab2c3c6df,5b874c83-80f7-48d2-bdac-166f2c778e37
tatqa_dev,dev,8757782d-306d-4a0d-b22e-ab0f2b58171c,5b874c83-80f7-48d2-bdac-166f2c778e37
tatqa_dev,dev,49015c16-be28-4fb6-be59-7fd595c94c8d,5b874c83-80f7-48d2-bdac-166f2c778e37
tatqa_dev,dev,38bfd292-e881-4558-89f8-5139010db8cf,5b874c83-80f7-48d2-bdac-166f2c778e37
tatqa_dev,dev,a9fa838a-1b85-47f0-a6f7-716f8bb333a1,5b874c83-80f7-48d2-bdac-166f2c778e37
tatqa_dev,dev,b58e2259-53c4-4357-a8ad-1bdce8324703,fe20d447-868a-42f1-8073-843cb3a1e3e8
tatqa_dev,dev,c0504ce5-6532-4dfb-b3cd-246a6544c65a,fe20d447-868a-42f1-8073-843cb3a1e3e8
tatqa_dev,dev,efbff294-365a-47c4-b530-7de812c65bf3,fe20d447-868a-42f1-8073-843cb3a1e3e8
tatqa_dev,dev,5df79322-fdde-48f5-9b2c-e6350a4474c4,fe20d447-868a-42f1-8073-843cb3a1e3e8
tatqa_dev,dev,6315382f-6dba-46d9-adc5-08a0ad6efb7a,fe20d447-868a-42f1-8073-843cb3a1e3e8
tatqa_dev,dev,54b11fb5-014a-4042-affa-fe96ea5e5eaa,fe20d447-868a-42f1-8073-843cb3a1e3e8
tatqa_dev,dev,0aaa9956-9709-42ca-8ae1-2a45e9155c97,736f65a8-7b6b-47bc-8c6a-3a2d641695bc
tatqa_dev,dev,4329047a-2278-4f19-8d8f-ee897332d3a2,736f65a8-7b6b-47bc-8c6a-3a2d641695bc
tatqa_dev,dev,28307c15-8d5d-44db-8a3f-67ad08ad6aac,736f65a8-7b6b-47bc-8c6a-3a2d641695bc
tatqa_dev,dev,26460beb-b3dd-4fb0-9b73-dd204c76dba8,736f65a8-7b6b-47bc-8c6a-3a2d641695bc
tatqa_dev,dev,c2c0704d-355b-45d8-ac15-d315be9f3c57,736f65a8-7b6b-47bc-8c6a-3a2d641695bc
tatqa_dev,dev,088b90b2-a788-4339-bc5b-ff03b64883a1,736f65a8-7b6b-47bc-8c6a-3a2d641695bc
tatqa_dev,dev,7fd50619-03e5-4852-8f25-617b72025cbd,d8d5f6c9-b21f-45dc-9cd2-acd8450d46ed
tatqa_dev,dev,8b6bf771-97a2-4d90-8eb7-36abf076e645,d8d5f6c9-b21f-45dc-9cd2-acd8450d46ed
tatqa_dev,dev,e28c3066-ee9b-487c-8382-8836bbae465b,d8d5f6c9-b21f-45dc-9cd2-acd8450d46ed
tatqa_dev,dev,ad42fe3e-38cd-446f-a313-b9a50f5e6937,d8d5f6c9-b21f-45dc-9cd2-acd8450d46ed
tatqa_dev,dev,0878e6db-e8c4-407c-a848-e361cf09c3f9,d8d5f6c9-b21f-45dc-9cd2-acd8450d46ed
tatqa_dev,dev,b39edf5b-35db-4010-a4d0-90abe617dc89,d8d5f6c9-b21f-45dc-9cd2-acd8450d46ed
tatqa_dev,dev,37bb138e-95ca-477e-9274-401931ea966d,1ccf32ea-826a-4ea7-9a9d-f8bd33917e14
tatqa_dev,dev,fb099e38-8b87-43dd-a28f-41b6996e87ac,1ccf32ea-826a-4ea7-9a9d-f8bd33917e14
tatqa_dev,dev,5e67e832-44c4-4284-96d3-75b81cd1ac26,1ccf32ea-826a-4ea7-9a9d-f8bd33917e14
tatqa_dev,dev,735a2fcf-f401-4636-8e75-43743beddad4,1ccf32ea-826a-4ea7-9a9d-f8bd33917e14
tatqa_dev,dev,9f979006-ce64-424c-8e63-2bc1c5278cf7,1ccf32ea-826a-4ea7-9a9d-f8bd33917e14
tatqa_dev,dev,e0dcea2e-6a17-4797-92f9-5ce248888622,1ccf32ea-826a-4ea7-9a9d-f8bd33917e14
tatqa_dev,dev,4be47a3f-7998-4cb6-8b0d-1a9e8bb04479,44c7c9ef-bb9f-45c9-9ee5-e2bf465c3617
tatqa_dev,dev,a82dd942-9ff9-443c-bcae-8faa8d2be3f9,44c7c9ef-bb9f-45c9-9ee5-e2bf465c3617
tatqa_dev,dev,e5888437-476b-46c3-b77b-27e2747b5b24,44c7c9ef-bb9f-45c9-9ee5-e2bf465c3617
tatqa_dev,dev,65026273-5d78-4e7a-b846-828ecbc809ec,44c7c9ef-bb9f-45c9-9ee5-e2bf465c3617
tatqa_dev,dev,25212463-2a2c-4df5-a97a-a0dc1268ebe1,44c7c9ef-bb9f-45c9-9ee5-e2bf465c3617
tatqa_dev,dev,9b71194f-7599-4368-a529-76b0d44359b0,44c7c9ef-bb9f-45c9-9ee5-e2bf465c3617
tatqa_dev,dev,ced323b3-1c3d-4479-a9ae-d58413a9f97a,dd5eac5a-de74-4ed4-b959-e6ad134e646b
tatqa_dev,dev,a86c1f12-a276-406a-9926-f8a23a7c43d5,dd5eac5a-de74-4ed4-b959-e6ad134e646b
tatqa_dev,dev,705255ae-d758-495b-b92b-d2ffe565e467,dd5eac5a-de74-4ed4-b959-e6ad134e646b
tatqa_dev,dev,ab668510-4ca8-42c9-b342-cd56f4cb7f1e,dd5eac5a-de74-4ed4-b959-e6ad134e646b
tatqa_dev,dev,f17c34b4-17e4-478a-b9a8-cc490bbfcf0e,dd5eac5a-de74-4ed4-b959-e6ad134e646b
tatqa_dev,dev,806fd692-11c5-4090-9ec3-56a844fb9b29,dd5eac5a-de74-4ed4-b959-e6ad134e646b
tatqa_dev,dev,767f8459-e3ca-4188-af0f-2197c66e5061,1ca5293d-2ea9-4a14-88a1-641795d7e142
tatqa_dev,dev,51a74718-17b2-43a3-b685-fc411890fc37,1ca5293d-2ea9-4a14-88a1-641795d7e142
tatqa_dev,dev,a99af0e4-5c6b-4016-b88b-8f1ad2fb9fed,1ca5293d-2ea9-4a14-88a1-641795d7e142
tatqa_dev,dev,8414474d-b00d-4231-8973-9c76f29d3e1c,1ca5293d-2ea9-4a14-88a1-641795d7e142
tatqa_dev,dev,017d15d5-93f1-4f9a-b7c3-08cd59292dd6,1ca5293d-2ea9-4a14-88a1-641795d7e142
tatqa_dev,dev,babee4bb-4861-4918-9a8e-dbadec47fe94,1ca5293d-2ea9-4a14-88a1-641795d7e142
tatqa_dev,dev,fb46f62a-fd52-49d3-9394-844db5a3254e,a1b421df-b5fd-46b4-b7b7-233fcf148aa3
tatqa_dev,dev,224ca72c-105a-450c-824b-fe9f33b29a86,a1b421df-b5fd-46b4-b7b7-233fcf148aa3
tatqa_dev,dev,f9f60b5b-777c-4e3e-a2d2-813da49f9459,a1b421df-b5fd-46b4-b7b7-233fcf148aa3
tatqa_dev,dev,83cb2a97-d51f-43d8-b3ee-ee59994a1238,a1b421df-b5fd-46b4-b7b7-233fcf148aa3
tatqa_dev,dev,040fbb37-ccac-4854-ad02-539c11a00b6f,a1b421df-b5fd-46b4-b7b7-233fcf148aa3
tatqa_dev,dev,8f41c3a7-ef29-494c-aad5-7a3f25d10cb3,a1b421df-b5fd-46b4-b7b7-233fcf148aa3
tatqa_dev,dev,be317fe5-0fbb-4839-a8f1-2c791e5f3b91,88097457-b056-45fb-bb8d-9106df18df0d
tatqa_dev,dev,6384b363-9bbd-437f-9d90-c176a9566795,88097457-b056-45fb-bb8d-9106df18df0d
tatqa_dev,dev,f37a2755-1460-4d45-b96d-c2fd206bf178,88097457-b056-45fb-bb8d-9106df18df0d
tatqa_dev,dev,b0eaff59-b0c3-4fc4-8a11-99084c2834d5,88097457-b056-45fb-bb8d-9106df18df0d
tatqa_dev,dev,7a16ae56-dce9-436f-ab17-7638fd5c9f17,88097457-b056-45fb-bb8d-9106df18df0d
tatqa_dev,dev,c669a023-261f-4170-a39e-c29b72cb4488,88097457-b056-45fb-bb8d-9106df18df0d
tatqa_dev,dev,eb726f13-31b9-4a5a-9747-f6dcd0cf6b81,41abd239-2074-4945-ade8-5cf7bce26b48
tatqa_dev,dev,2ed67106-e3ae-4112-9f64-d9f302a82825,41abd239-2074-4945-ade8-5cf7bce26b48
tatqa_dev,dev,9691ce1e-eaa1-4612-bdeb-6928af36ef0a,41abd239-2074-4945-ade8-5cf7bce26b48
tatqa_dev,dev,cb5ed53a-4e11-45ef-957a-842bb5bd7a8b,41abd239-2074-4945-ade8-5cf7bce26b48
tatqa_dev,dev,219f3e23-c2b0-4607-9573-6af0eea1fb33,41abd239-2074-4945-ade8-5cf7bce26b48
tatqa_dev,dev,5a58d6e1-8526-49cc-a56a-c4ade901790c,41abd239-2074-4945-ade8-5cf7bce26b48
tatqa_dev,dev,c346c5aa-fa4b-401d-9549-0ec283e882b3,8dce706b-08f3-4489-be7c-4b35d4f3677c
tatqa_dev,dev,c555e7f8-7178-4c71-8f7d-4124ecb8a617,8dce706b-08f3-4489-be7c-4b35d4f3677c
tatqa_dev,dev,2e7201fb-3eb2-44c0-ba33-4a161e8dd664,8dce706b-08f3-4489-be7c-4b35d4f3677c
tatqa_dev,dev,a75830fe-acba-4751-98cd-de697fe03b30,8dce706b-08f3-4489-be7c-4b35d4f3677c
tatqa_dev,dev,3ba7d459-5f87-4715-affc-c6d3cbe16f89,8dce706b-08f3-4489-be7c-4b35d4f3677c
tatqa_dev,dev,b29f1fb0-a644-4f3d-9968-8977e5e37d4c,8dce706b-08f3-4489-be7c-4b35d4f3677c
tatqa_dev,dev,4381a622-3e20-4e58-8090-4179b842242c,bea3f426-e6ba-438f-8058-b815be4cf646
tatqa_dev,dev,9a21a74c-da51-49b3-a7db-2b1fb70eeb0b,bea3f426-e6ba-438f-8058-b815be4cf646
tatqa_dev,dev,bd2bf54f-adae-44dd-a617-963343e988f5,bea3f426-e6ba-438f-8058-b815be4cf646
tatqa_dev,dev,a696f558-43cb-46b7-9834-def99a3dde08,bea3f426-e6ba-438f-8058-b815be4cf646
tatqa_dev,dev,57bd082d-89b8-4997-bdf1-a7828cb9ee1d,bea3f426-e6ba-438f-8058-b815be4cf646
tatqa_dev,dev,4de47ae5-67fc-422d-841e-d31a5a7352b4,bea3f426-e6ba-438f-8058-b815be4cf646
tatqa_dev,dev,31233774-d5c8-4c6e-8c2d-25e921b1ba7e,31e184c6-4ede-4ff4-b0b6-389be6438c42
tatqa_dev,dev,58659952-57ab-4dae-9fcd-2aa8194d6a7d,31e184c6-4ede-4ff4-b0b6-389be6438c42
tatqa_dev,dev,4c3adbad-cbe4-43c9-ba30-0390df3fcde0,31e184c6-4ede-4ff4-b0b6-389be6438c42
tatqa_dev,dev,fd8d07ff-964d-4689-a845-575b95201ca5,31e184c6-4ede-4ff4-b0b6-389be6438c42
tatqa_dev,dev,58753c83-a3d7-445d-83bf-57461882a6ca,31e184c6-4ede-4ff4-b0b6-389be6438c42
tatqa_dev,dev,66e5cc1b-5eea-45d7-acff-5eeef83184e1,31e184c6-4ede-4ff4-b0b6-389be6438c42
tatqa_dev,dev,29ebeb86-82d1-4290-a1f6-cb7daae68fa8,6c75ac30-a0e0-4edc-a1f2-889c59e394ec
tatqa_dev,dev,4eb27c6c-d78d-4b9a-b165-90da95d683c9,6c75ac30-a0e0-4edc-a1f2-889c59e394ec
tatqa_dev,dev,cfb4299a-8ec5-41cb-bfce-4c3b297a2108,6c75ac30-a0e0-4edc-a1f2-889c59e394ec
tatqa_dev,dev,2f68d64d-b509-4961-9d86-9a04afb7c35c,6c75ac30-a0e0-4edc-a1f2-889c59e394ec
tatqa_dev,dev,e9ee1e78-8957-4be8-a10e-672ec4fe6dbe,6c75ac30-a0e0-4edc-a1f2-889c59e394ec
tatqa_dev,dev,b4a95b0a-37ee-4d0b-bc03-12bcd8753011,6c75ac30-a0e0-4edc-a1f2-889c59e394ec
tatqa_dev,dev,0e7e9022-1fc6-4e91-a0f8-90feca70f6ee,13d33e02-138d-4ee6-93ef-35d0778b11cd
tatqa_dev,dev,3cefe0d9-a8dc-41e5-aa5e-bb295e7513ab,13d33e02-138d-4ee6-93ef-35d0778b11cd
tatqa_dev,dev,cab8bb0d-cd11-4eb0-8910-2788ddc6984b,13d33e02-138d-4ee6-93ef-35d0778b11cd
tatqa_dev,dev,872a7a6b-ed57-479b-a532-96eb6ccc9b7c,13d33e02-138d-4ee6-93ef-35d0778b11cd
tatqa_dev,dev,e14c60c4-3460-42eb-8d21-c29abdbce3a8,13d33e02-138d-4ee6-93ef-35d0778b11cd
tatqa_dev,dev,5f8b3bfb-d725-4591-bbed-a1c8b1bba97b,13d33e02-138d-4ee6-93ef-35d0778b11cd
tatqa_dev,dev,8390608d-48d6-46e4-8ab1-b2943dd570ca,ed571eb6-d635-44a0-84c3-1d21115db374
tatqa_dev,dev,602cf8a8-b996-4968-83db-55c93ce14927,ed571eb6-d635-44a0-84c3-1d21115db374
tatqa_dev,dev,9999e399-7c10-4e2e-a56b-48e521362d68,ed571eb6-d635-44a0-84c3-1d21115db374
tatqa_dev,dev,e93ba03b-59c0-4107-8f4b-ce9da002e06c,ed571eb6-d635-44a0-84c3-1d21115db374
tatqa_dev,dev,639b5703-5b0a-4089-a94c-29ef5f406a23,ed571eb6-d635-44a0-84c3-1d21115db374
tatqa_dev,dev,178fa6e6-ea30-4670-88d4-de26aab62fcd,ed571eb6-d635-44a0-84c3-1d21115db374
tatqa_dev,dev,7840e3c8-3694-41ff-b973-39b4ec28762e,63a1e75f-72a5-4638-a3e2-51f881708f37
tatqa_dev,dev,ad115c40-69c3-4fd1-be77-8a8b9aaf7d44,63a1e75f-72a5-4638-a3e2-51f881708f37
tatqa_dev,dev,3f709089-62ca-4cb5-828c-b8fac9da5805,63a1e75f-72a5-4638-a3e2-51f881708f37
tatqa_dev,dev,c5a8edfd-93eb-4e95-a787-1bebe231c7c7,63a1e75f-72a5-4638-a3e2-51f881708f37
tatqa_dev,dev,aef42c33-65c0-40a3-92e7-fefd107aacdb,63a1e75f-72a5-4638-a3e2-51f881708f37
tatqa_dev,dev,a44daafc-5a51-4eab-94df-2490c42a2161,63a1e75f-72a5-4638-a3e2-51f881708f37
tatqa_dev,dev,1d868d0c-ddf5-4c62-8c73-28b453e91abc,604f5c16-2192-4e86-ac99-ff7cee4aa5e9
tatqa_dev,dev,d6acff08-c6a6-454f-9cce-76c5ce19d9de,604f5c16-2192-4e86-ac99-ff7cee4aa5e9
tatqa_dev,dev,7c2155ad-dc3a-4955-94b6-8b97369e272c,604f5c16-2192-4e86-ac99-ff7cee4aa5e9
tatqa_dev,dev,90e6adf2-242b-4ffb-916c-96bc3af28b46,604f5c16-2192-4e86-ac99-ff7cee4aa5e9
tatqa_dev,dev,0d1598eb-f32e-4b1e-9fbb-349b717126fb,604f5c16-2192-4e86-ac99-ff7cee4aa5e9
tatqa_dev,dev,26e26667-9c7f-4b7f-9618-a641fdc0ac94,604f5c16-2192-4e86-ac99-ff7cee4aa5e9
tatqa_dev,dev,353861f4-0667-442f-9859-1fc4cfcde4ef,ecbdd061-4537-4633-9431-642c65fe627a
tatqa_dev,dev,abda534c-fde6-4155-b854-3070ca1975b5,ecbdd061-4537-4633-9431-642c65fe627a
tatqa_dev,dev,05d737b5-d0be-42e8-9a20-0a0a413cb214,ecbdd061-4537-4633-9431-642c65fe627a
tatqa_dev,dev,bdb6ca1a-482e-4775-91a4-f93953fffa18,ecbdd061-4537-4633-9431-642c65fe627a
tatqa_dev,dev,b697f974-8c98-448c-b662-aeecf7aaa9bb,ecbdd061-4537-4633-9431-642c65fe627a
tatqa_dev,dev,9cd0120a-2c6d-48a6-b13f-034cf22d6dd1,ecbdd061-4537-4633-9431-642c65fe627a
tatqa_dev,dev,7e26c3ac-0127-45c6-aa12-5618b87dc26d,8217d51e-d170-4381-b018-072586fb1024
tatqa_dev,dev,5d7824c0-58e4-4065-ae53-2c10391ae966,8217d51e-d170-4381-b018-072586fb1024
tatqa_dev,dev,022333db-91ed-4c2a-8acd-94f6a1d47d21,8217d51e-d170-4381-b018-072586fb1024
tatqa_dev,dev,76d92a43-d9c0-4fc3-8f0d-d0fc40e05dc3,8217d51e-d170-4381-b018-072586fb1024
tatqa_dev,dev,662a1cd9-966c-4ba9-9eb4-5870082bce7d,8217d51e-d170-4381-b018-072586fb1024
tatqa_dev,dev,072bf5fb-0edd-4267-bae7-b57f1c598017,8217d51e-d170-4381-b018-072586fb1024
tatqa_dev,dev,a87f7e50-c3a0-4333-b22f-ef8c6e4626b9,d670b78b-9130-4fa3-aa11-2e5b4925c743
tatqa_dev,dev,3109048c-86f4-4be4-85b4-39e43d24a502,d670b78b-9130-4fa3-aa11-2e5b4925c743
tatqa_dev,dev,c8600876-476c-4d6c-ab0e-d14bc6d76dff,d670b78b-9130-4fa3-aa11-2e5b4925c743
tatqa_dev,dev,c5f0987e-eeb3-40cd-af72-085dae874436,d670b78b-9130-4fa3-aa11-2e5b4925c743
tatqa_dev,dev,79f658b0-e8e5-4b83-bdbe-4d4f96261c69,d670b78b-9130-4fa3-aa11-2e5b4925c743
tatqa_dev,dev,03613059-6978-437c-ba63-bd30acaf1440,d670b78b-9130-4fa3-aa11-2e5b4925c743
tatqa_dev,dev,b920ac1b-fd43-4e46-b103-b9f05298b05a,9e0ae25d-0080-4fb6-8396-db61af489520
tatqa_dev,dev,5a26dda2-67a1-4bc3-bbd7-e438d59cdf73,9e0ae25d-0080-4fb6-8396-db61af489520
tatqa_dev,dev,7a50fe62-fcee-4180-bd8a-b973072c740e,9e0ae25d-0080-4fb6-8396-db61af489520
tatqa_dev,dev,239e87d8-6994-4bb0-b974-879b6274c285,9e0ae25d-0080-4fb6-8396-db61af489520
tatqa_dev,dev,bdcad8d3-c407-405f-ba0d-6cd7ef2273a0,9e0ae25d-0080-4fb6-8396-db61af489520
tatqa_dev,dev,5090ac49-8f00-4c8a-9f15-2fe1d8b77a67,9e0ae25d-0080-4fb6-8396-db61af489520
tatqa_dev,dev,337de479-db9c-4401-8ea1-708a61f1b230,61b146df-6618-4273-bfa1-7462abfb809a
tatqa_dev,dev,1df09c12-95de-481c-bcab-607c2fd69da2,61b146df-6618-4273-bfa1-7462abfb809a
tatqa_dev,dev,d4d3a593-882e-4189-b92e-9d2cf3515352,61b146df-6618-4273-bfa1-7462abfb809a
tatqa_dev,dev,34e5dd15-1823-420d-b400-d87573670fab,61b146df-6618-4273-bfa1-7462abfb809a
tatqa_dev,dev,d070fa4c-b129-40c7-a7b5-aa7a9bbc9ff4,61b146df-6618-4273-bfa1-7462abfb809a
tatqa_dev,dev,fd61e6b3-4f2a-4516-81ba-06129ad43533,61b146df-6618-4273-bfa1-7462abfb809a
tatqa_dev,dev,e84a4f8f-6027-402e-b60a-94052de3e63c,25b58dc8-b269-41e5-b394-caee1b080dd2
tatqa_dev,dev,bfd08104-e8d3-494f-b15b-29b2455ab263,25b58dc8-b269-41e5-b394-caee1b080dd2
tatqa_dev,dev,0a5e11e2-b5e8-4414-8b78-4c8106e84c89,25b58dc8-b269-41e5-b394-caee1b080dd2
tatqa_dev,dev,de27b88f-0638-4f31-8879-257b27e41a94,25b58dc8-b269-41e5-b394-caee1b080dd2
tatqa_dev,dev,90698baf-06d5-4246-9559-8e4ffbc429e1,25b58dc8-b269-41e5-b394-caee1b080dd2
tatqa_dev,dev,d77a87c7-89f7-4bc7-bb7b-b9fd64b28958,25b58dc8-b269-41e5-b394-caee1b080dd2
tatqa_dev,dev,45e50880-bbf5-4353-854b-64a3e03d0862,946c64c4-a9f2-4f49-857e-1dc373c5940b
tatqa_dev,dev,2940d2c1-4def-4a83-b526-f9a8e276d80a,946c64c4-a9f2-4f49-857e-1dc373c5940b
tatqa_dev,dev,1046abe8-e597-41fe-abd4-98c3b718998c,946c64c4-a9f2-4f49-857e-1dc373c5940b
tatqa_dev,dev,f329027f-e65a-402c-908e-21f0a0d25fe0,946c64c4-a9f2-4f49-857e-1dc373c5940b
tatqa_dev,dev,da0d6d2a-67e5-46ea-be1a-68797ec6b8ed,946c64c4-a9f2-4f49-857e-1dc373c5940b
tatqa_dev,dev,9c43de49-fcef-4ced-b07d-55fb6fff5f38,946c64c4-a9f2-4f49-857e-1dc373c5940b
tatqa_dev,dev,bb6cd671-7a9b-440e-91cc-f1accfedbbf0,04b25f9b-a271-4b2c-86ff-3e94f9cfb6ad
tatqa_dev,dev,77963fab-2483-4a7f-9d01-9760d2130093,04b25f9b-a271-4b2c-86ff-3e94f9cfb6ad
tatqa_dev,dev,d3392a3e-c455-49dc-bac5-5b3c9cd14805,04b25f9b-a271-4b2c-86ff-3e94f9cfb6ad
tatqa_dev,dev,438d631c-1dd3-4620-b851-d9ea5cec4ad5,04b25f9b-a271-4b2c-86ff-3e94f9cfb6ad
tatqa_dev,dev,565fb688-b453-46ce-ba8f-bfe2375a80d8,04b25f9b-a271-4b2c-86ff-3e94f9cfb6ad
tatqa_dev,dev,4ece6b8e-230b-475b-8354-b7d281332895,04b25f9b-a271-4b2c-86ff-3e94f9cfb6ad
tatqa_dev,dev,a3f738b2-81ca-4cb2-92d2-1cdc80c7ad05,65cffa0c-2ccc-455d-bc8c-5847bb4866e0
tatqa_dev,dev,5478e709-9ed0-4610-8e4d-df32f265e794,65cffa0c-2ccc-455d-bc8c-5847bb4866e0
tatqa_dev,dev,6236c051-7354-4a3f-b148-27d6c740ca91,65cffa0c-2ccc-455d-bc8c-5847bb4866e0
tatqa_dev,dev,894362e3-56cc-4a76-8053-36d6cbaeb6ce,65cffa0c-2ccc-455d-bc8c-5847bb4866e0
tatqa_dev,dev,8c0bb13b-4ba4-4349-a697-dd2ab11723f8,65cffa0c-2ccc-455d-bc8c-5847bb4866e0
tatqa_dev,dev,d6fd8039-e4d4-45eb-b22e-d8ddc6e068e1,65cffa0c-2ccc-455d-bc8c-5847bb4866e0
tatqa_dev,dev,19b2999a-eefa-4b35-b4af-2c8f1e4c5367,0f04b820-97bc-4592-983b-00cfd0788011
tatqa_dev,dev,28233ece-7a01-47c5-b391-4212b0620940,0f04b820-97bc-4592-983b-00cfd0788011
tatqa_dev,dev,b39b7bdd-0496-4131-a0e8-69b9f077eeda,0f04b820-97bc-4592-983b-00cfd0788011
tatqa_dev,dev,6a964030-4a22-4fc0-a434-ebde9a551dbf,0f04b820-97bc-4592-983b-00cfd0788011
tatqa_dev,dev,24cd1ddb-a87d-4fde-9129-770a5fb65657,0f04b820-97bc-4592-983b-00cfd0788011
tatqa_dev,dev,cd629cd1-a7ef-4d8c-a40a-a807f4564116,0f04b820-97bc-4592-983b-00cfd0788011
tatqa_dev,dev,234336c9-fc8a-40e8-bdb2-c16c64bc05d7,e3ad8352-6995-403e-be14-6b378b1601b1
tatqa_dev,dev,82508820-be1a-4ecd-9697-08a19bf646fb,e3ad8352-6995-403e-be14-6b378b1601b1
tatqa_dev,dev,84ecf840-5e92-4505-a78e-acc98afab9e1,e3ad8352-6995-403e-be14-6b378b1601b1
tatqa_dev,dev,e3121b60-1b2f-4e65-92a2-cf3f02e60b46,e3ad8352-6995-403e-be14-6b378b1601b1
tatqa_dev,dev,2cbf4301-6904-43a6-9fc0-0aa2869fff4f,e3ad8352-6995-403e-be14-6b378b1601b1
tatqa_dev,dev,ceb35697-abdc-4acf-a54f-5b6716749d2b,e3ad8352-6995-403e-be14-6b378b1601b1
tatqa_dev,dev,ac5e4f66-7aa1-4063-b39e-82b52de83604,9e16bd30-6b4a-4dfc-8f12-fbb59eb4a0bd
tatqa_dev,dev,0158193c-62d4-4635-98d2-22e2915c58cf,9e16bd30-6b4a-4dfc-8f12-fbb59eb4a0bd
tatqa_dev,dev,432f9f32-6f98-4eaf-830a-8204ea05a68f,9e16bd30-6b4a-4dfc-8f12-fbb59eb4a0bd
tatqa_dev,dev,9f84812f-f352-4bdf-835d-e8d19254149a,9e16bd30-6b4a-4dfc-8f12-fbb59eb4a0bd
tatqa_dev,dev,9c58a8eb-0bda-45fb-ac55-f13dae2ee285,9e16bd30-6b4a-4dfc-8f12-fbb59eb4a0bd
tatqa_dev,dev,9a09df98-b30c-4f69-bf52-74532c8fdf9e,9e16bd30-6b4a-4dfc-8f12-fbb59eb4a0bd
tatqa_dev,dev,1b06b0b2-ffe8-40a4-9056-295e7dc33ecf,354bb757-7108-4a32-869a-5220a7f03efe
tatqa_dev,dev,8ff8b726-c6d9-4313-a5d4-5f5d76feba2f,354bb757-7108-4a32-869a-5220a7f03efe
tatqa_dev,dev,d6876338-cef4-498e-948f-3821a6c088f8,354bb757-7108-4a32-869a-5220a7f03efe
tatqa_dev,dev,238bb7d7-e790-4e50-8b62-a6c5df1d8dcd,354bb757-7108-4a32-869a-5220a7f03efe
tatqa_dev,dev,0def1f45-0ca1-4699-9be0-1f312cc29c2b,354bb757-7108-4a32-869a-5220a7f03efe
tatqa_dev,dev,176587d4-2707-40ee-9bd5-cd2d75e17980,354bb757-7108-4a32-869a-5220a7f03efe
tatqa_dev,dev,4ce49426-cfc3-45bc-90d0-629877881b82,008149bc-f997-49d9-a981-f01f19579451
tatqa_dev,dev,d7b9327e-d22b-4b6e-ae18-5507cc1d1842,008149bc-f997-49d9-a981-f01f19579451
tatqa_dev,dev,fa41c2de-cb5c-4516-aea9-424191b98ee7,008149bc-f997-49d9-a981-f01f19579451
tatqa_dev,dev,a7df73f3-a944-46e5-86c0-ae3c0223b88b,008149bc-f997-49d9-a981-f01f19579451
tatqa_dev,dev,9e3c7e60-2851-455f-835d-7ba3e276ffc2,008149bc-f997-49d9-a981-f01f19579451
tatqa_dev,dev,79bc72ac-ecad-4b9e-92a9-df7ab98cdd7b,008149bc-f997-49d9-a981-f01f19579451
tatqa_dev,dev,8f4aa137-f341-4b52-87b0-159eab7f051a,d5fdfbe6-8e07-4ca9-a84c-cf07c3b871c1
tatqa_dev,dev,cc6f87ab-8aad-4b55-a593-5f344955313d,d5fdfbe6-8e07-4ca9-a84c-cf07c3b871c1
tatqa_dev,dev,7df793b6-edfa-44d1-bfa1-90991b659e5b,d5fdfbe6-8e07-4ca9-a84c-cf07c3b871c1
tatqa_dev,dev,61c26008-59e3-4d44-b02e-2a473fb54600,d5fdfbe6-8e07-4ca9-a84c-cf07c3b871c1
tatqa_dev,dev,b112827b-5e3d-43d3-a5a2-fb8fc885bd26,d5fdfbe6-8e07-4ca9-a84c-cf07c3b871c1
tatqa_dev,dev,a6cc136d-ceb2-49d7-9a0b-fae5b6d0424c,d5fdfbe6-8e07-4ca9-a84c-cf07c3b871c1
tatqa_dev,dev,abc23aa6-8750-4138-8398-cd3c7ec41a62,ec8d8bf5-ff64-447b-8481-cc067a861a28
tatqa_dev,dev,4f17ed1a-05b0-4a69-bcb7-40f42edd6d62,ec8d8bf5-ff64-447b-8481-cc067a861a28
tatqa_dev,dev,e00abd64-be4b-4952-8879-ebb2c5db181c,ec8d8bf5-ff64-447b-8481-cc067a861a28
tatqa_dev,dev,72be3ede-0f80-4093-9402-a41293c448c4,ec8d8bf5-ff64-447b-8481-cc067a861a28
tatqa_dev,dev,add9076b-b167-4ff6-a071-fc94902d728d,ec8d8bf5-ff64-447b-8481-cc067a861a28
tatqa_dev,dev,dab0e943-fc62-4e26-95e5-025b98ff9b57,ec8d8bf5-ff64-447b-8481-cc067a861a28
tatqa_dev,dev,d65d4054-9d62-48ad-ae6a-432ffa358138,4670cbd8-9d09-4f10-86dd-1a9ba54e2d8a
tatqa_dev,dev,97125a03-6fc4-4782-a1d7-77fea738df4f,4670cbd8-9d09-4f10-86dd-1a9ba54e2d8a
tatqa_dev,dev,dd7bc3c5-15eb-4cd6-ab39-7f190ca73e1e,4670cbd8-9d09-4f10-86dd-1a9ba54e2d8a
tatqa_dev,dev,433d9953-290a-43c3-895e-30668526cd64,4670cbd8-9d09-4f10-86dd-1a9ba54e2d8a
tatqa_dev,dev,adf3bdc1-f364-4bfd-ad79-7a0fa7b39a78,4670cbd8-9d09-4f10-86dd-1a9ba54e2d8a
tatqa_dev,dev,7913db38-8477-42e8-a477-c89010e42912,4670cbd8-9d09-4f10-86dd-1a9ba54e2d8a
tatqa_dev,dev,40b0f371-bc5a-410e-a362-adcd32b2ed4e,d62ea892-9da4-4f67-928d-35e78b798e5e
tatqa_dev,dev,17042b00-2ba0-4e60-b110-c1be0c942a63,d62ea892-9da4-4f67-928d-35e78b798e5e
tatqa_dev,dev,c32457e5-fd48-4bdf-ba22-4e76cabc58b7,d62ea892-9da4-4f67-928d-35e78b798e5e
tatqa_dev,dev,2b0c326b-d144-4522-a918-4f509aa789f3,d62ea892-9da4-4f67-928d-35e78b798e5e
tatqa_dev,dev,6f65d33d-c721-45f9-9519-9ea4f5d7e740,d62ea892-9da4-4f67-928d-35e78b798e5e
tatqa_dev,dev,bb5be96c-78ed-4453-92cc-d07a3bf0b6ff,d62ea892-9da4-4f67-928d-35e78b798e5e
tatqa_dev,dev,88d82b74-d646-4f44-8b20-61eaf601e260,92694e4b-3488-4983-ab60-dc7f88a7e0f5
tatqa_dev,dev,b27a5513-7ad8-4172-99f9-0e8c9e7c9476,92694e4b-3488-4983-ab60-dc7f88a7e0f5
tatqa_dev,dev,38aeff11-942b-4ef1-a498-8487fa59c3db,92694e4b-3488-4983-ab60-dc7f88a7e0f5
tatqa_dev,dev,058d1fa4-99b9-481d-a815-3c6df09cc031,92694e4b-3488-4983-ab60-dc7f88a7e0f5
tatqa_dev,dev,dba26022-09e9-486b-bc40-e2a9627384ed,92694e4b-3488-4983-ab60-dc7f88a7e0f5
tatqa_dev,dev,aa016321-4bee-4f8c-a4a9-9abdfeddf9c2,92694e4b-3488-4983-ab60-dc7f88a7e0f5
tatqa_dev,dev,28f722ff-af29-4603-b158-7fb5dfa684a1,3661fba5-2876-41d7-9213-e86a6d5078dd
tatqa_dev,dev,7f38d23b-c5f3-451e-b525-55a68539c778,3661fba5-2876-41d7-9213-e86a6d5078dd
tatqa_dev,dev,2e2a27a7-82af-46da-99f3-ae2681900cb4,3661fba5-2876-41d7-9213-e86a6d5078dd
tatqa_dev,dev,a2cb9957-a66b-4d6f-971e-3451e6b8fb01,3661fba5-2876-41d7-9213-e86a6d5078dd
tatqa_dev,dev,f2dec8da-0005-4583-b005-fb87ed60f0b1,3661fba5-2876-41d7-9213-e86a6d5078dd
tatqa_dev,dev,a4ecf36b-7dc8-4005-a781-2addaedfe05c,3661fba5-2876-41d7-9213-e86a6d5078dd
tatqa_dev,dev,63c2981c-fbfc-4424-9fbb-da45173b4d49,c6df9f0a-4811-48ab-a453-0cb6a7baa35c
tatqa_dev,dev,bbf04869-c442-4909-a65d-c7bc89b6e726,c6df9f0a-4811-48ab-a453-0cb6a7baa35c
tatqa_dev,dev,f46b6e30-d8a2-4d40-b485-b8c0c98d1b5b,c6df9f0a-4811-48ab-a453-0cb6a7baa35c
tatqa_dev,dev,f1ac3fd9-77f7-4f7d-91fb-190c02e1f905,c6df9f0a-4811-48ab-a453-0cb6a7baa35c
tatqa_dev,dev,56b87554-4210-4cbf-8382-8e831a65ae2d,c6df9f0a-4811-48ab-a453-0cb6a7baa35c
tatqa_dev,dev,8c7f7e5f-d6c0-4706-b346-6320d5fa3a26,c6df9f0a-4811-48ab-a453-0cb6a7baa35c
tatqa_dev,dev,4039da5e-1354-48b0-9ea2-172b0544123e,fdcb153a-f69b-4cb5-946f-6b2be434d5e6
tatqa_dev,dev,785fc2be-fc6d-456e-af36-8c5f1c7fd1c9,fdcb153a-f69b-4cb5-946f-6b2be434d5e6
tatqa_dev,dev,ad0a2d3d-d032-4e88-a016-38b57542ba62,fdcb153a-f69b-4cb5-946f-6b2be434d5e6
tatqa_dev,dev,d7bcc322-bec2-4dba-8a02-fd65d023c655,fdcb153a-f69b-4cb5-946f-6b2be434d5e6
tatqa_dev,dev,475616e0-6449-444e-8087-f9afc6da36be,fdcb153a-f69b-4cb5-946f-6b2be434d5e6
tatqa_dev,dev,09ff3290-59c3-446b-a1dd-7fbf3b1d6dac,fdcb153a-f69b-4cb5-946f-6b2be434d5e6
tatqa_dev,dev,1cedce4f-813e-4bfc-9adc-2eff2b8ae4e3,78ccf71e-46ed-4e10-b3e4-80de497780cc
tatqa_dev,dev,c1cf6e93-8de4-427f-8c66-9cb98a77be93,78ccf71e-46ed-4e10-b3e4-80de497780cc
tatqa_dev,dev,1047c8b7-2102-4e24-a998-673c37cdc1d4,78ccf71e-46ed-4e10-b3e4-80de497780cc
tatqa_dev,dev,33437a5b-9c80-4961-a8c6-9a31c6458cf8,78ccf71e-46ed-4e10-b3e4-80de497780cc
tatqa_dev,dev,a6bc87a3-0335-4914-bdc1-69fc6b941b69,78ccf71e-46ed-4e10-b3e4-80de497780cc
tatqa_dev,dev,6a9b6186-6fea-4846-a230-053903f31e2d,78ccf71e-46ed-4e10-b3e4-80de497780cc
tatqa_dev,dev,dac4cef0-ad9e-4955-a33c-d2e17a145dd6,f8ebe17f-9ca2-43e9-92f8-cee64f33068b
tatqa_dev,dev,6c14251d-3432-4dd1-aec7-2918df35d768,f8ebe17f-9ca2-43e9-92f8-cee64f33068b
tatqa_dev,dev,16d16da8-ea51-4166-9df1-e3ae38ee9389,f8ebe17f-9ca2-43e9-92f8-cee64f33068b
tatqa_dev,dev,8f82ba3f-683f-444d-8ca5-de376a1bf459,f8ebe17f-9ca2-43e9-92f8-cee64f33068b
tatqa_dev,dev,b875ba98-fe2e-43b4-bec5-57379487e755,f8ebe17f-9ca2-43e9-92f8-cee64f33068b
tatqa_dev,dev,b70433bd-7c92-413d-af00-cef3907cafe8,f8ebe17f-9ca2-43e9-92f8-cee64f33068b
tatqa_dev,dev,2a955408-6abe-4fb5-bd68-fb9736aed991,241e4c9c-5707-477f-b519-a3c5d1af417f
tatqa_dev,dev,e0678673-118c-4d95-9204-99c49b881c6d,241e4c9c-5707-477f-b519-a3c5d1af417f
tatqa_dev,dev,a12b8a30-370a-4373-9391-1e21725ec34a,241e4c9c-5707-477f-b519-a3c5d1af417f
tatqa_dev,dev,0f0a7e9d-b53c-4c59-bd72-2e17582d4349,241e4c9c-5707-477f-b519-a3c5d1af417f
tatqa_dev,dev,b2e82e8b-ac83-472d-9514-74937fcde405,241e4c9c-5707-477f-b519-a3c5d1af417f
tatqa_dev,dev,09ea9c6e-fc49-4282-ae37-2b69d4eb192c,241e4c9c-5707-477f-b519-a3c5d1af417f
tatqa_dev,dev,32185930-8543-45f6-b6f8-28fa25c27a17,c107d7d9-5208-4e97-823c-ec492c4ce75e
tatqa_dev,dev,174566c9-bab3-4db1-9695-ec42c36cfa74,c107d7d9-5208-4e97-823c-ec492c4ce75e
tatqa_dev,dev,f33362da-1191-4f36-9da6-d472a025e3aa,c107d7d9-5208-4e97-823c-ec492c4ce75e
tatqa_dev,dev,73f75537-695c-431d-a917-18071def0090,c107d7d9-5208-4e97-823c-ec492c4ce75e
tatqa_dev,dev,98b13aba-4ca2-4369-87eb-a960c71b8a2c,c107d7d9-5208-4e97-823c-ec492c4ce75e
tatqa_dev,dev,1dd4e9b1-a7a9-4969-8b0e-f25383e49e09,c107d7d9-5208-4e97-823c-ec492c4ce75e
tatqa_dev,dev,15db33e7-74eb-483c-93cb-7cbfe45874c4,d19212a0-822f-4fe2-8d58-2f81af43d6c3
tatqa_dev,dev,d46203bb-930b-4c83-aa68-7a0c9450d21a,d19212a0-822f-4fe2-8d58-2f81af43d6c3
tatqa_dev,dev,a8fbc037-3854-45bc-814f-1afb1e40f527,d19212a0-822f-4fe2-8d58-2f81af43d6c3
tatqa_dev,dev,eb86d5f5-d1b0-4761-ae4c-417b8775ce5b,d19212a0-822f-4fe2-8d58-2f81af43d6c3
tatqa_dev,dev,8c47c1a7-0fea-4501-a9f3-8c2b3b5989b1,d19212a0-822f-4fe2-8d58-2f81af43d6c3
tatqa_dev,dev,0a12160d-f72a-44ec-9c31-5815d81268a0,d19212a0-822f-4fe2-8d58-2f81af43d6c3
tatqa_dev,dev,f37d1be3-b3fe-487f-bd05-253c20f55eb2,e9d3bb25-89ab-4aed-8bec-5501d5fe7b16
tatqa_dev,dev,033d658f-791d-4bdd-a49e-d1ba584a0673,e9d3bb25-89ab-4aed-8bec-5501d5fe7b16
tatqa_dev,dev,b921fce4-6bbc-4f7a-b7ac-e905609e8e54,e9d3bb25-89ab-4aed-8bec-5501d5fe7b16
tatqa_dev,dev,81bfcf69-2537-4d6b-8795-5dc91dc4e2d1,e9d3bb25-89ab-4aed-8bec-5501d5fe7b16
tatqa_dev,dev,13d32108-e758-457b-95a1-73f3bd918975,e9d3bb25-89ab-4aed-8bec-5501d5fe7b16
tatqa_dev,dev,68107102-0fdc-4e64-850f-8eda6bcc892a,e9d3bb25-89ab-4aed-8bec-5501d5fe7b16
tatqa_dev,dev,84d6e7eb-9189-42b3-9391-e1e835ea63de,017e0ecd-5b06-4450-a632-b6ae9bffefbb
tatqa_dev,dev,3357cd0b-54ac-4e58-8695-bf98f553f1b2,017e0ecd-5b06-4450-a632-b6ae9bffefbb
tatqa_dev,dev,efbe38bb-e6a7-4a21-ade3-6b962a11b690,017e0ecd-5b06-4450-a632-b6ae9bffefbb
tatqa_dev,dev,cbe6cbca-b772-4e12-b0ba-c32a7629d43e,017e0ecd-5b06-4450-a632-b6ae9bffefbb
tatqa_dev,dev,2581c0dc-1e8d-49b5-90a0-dd8a0f0ecfef,017e0ecd-5b06-4450-a632-b6ae9bffefbb
tatqa_dev,dev,fa15cd27-153d-44a0-b315-1fd0e6022714,017e0ecd-5b06-4450-a632-b6ae9bffefbb
tatqa_dev,dev,076daf33-1a7f-4255-8e27-764a43d97233,d65a24cf-2c2b-4a9f-9cc9-6675b3583530
tatqa_dev,dev,e13a538b-9f61-44d9-a7ad-0f22e286079e,d65a24cf-2c2b-4a9f-9cc9-6675b3583530
tatqa_dev,dev,0fd51360-9d5d-446b-b789-e1cff0eaec49,d65a24cf-2c2b-4a9f-9cc9-6675b3583530
tatqa_dev,dev,24e5a96b-72f3-4ce8-8c59-4920dac95d2b,d65a24cf-2c2b-4a9f-9cc9-6675b3583530
tatqa_dev,dev,6ba75fbd-3fd8-4756-b583-f696a50e39a7,d65a24cf-2c2b-4a9f-9cc9-6675b3583530
tatqa_dev,dev,16e717d5-80b8-4888-9e21-cf255ae2a5a5,d65a24cf-2c2b-4a9f-9cc9-6675b3583530
tatqa_dev,dev,537d681e-4891-473f-9c4f-b958e42dd0c5,4c5c8cde-039b-4945-949f-13348549a4e5
tatqa_dev,dev,cdc71e05-a5a7-4c51-8596-adaac157faac,4c5c8cde-039b-4945-949f-13348549a4e5
tatqa_dev,dev,8e33a954-68e0-4523-9bee-9e580a6c0681,4c5c8cde-039b-4945-949f-13348549a4e5
tatqa_dev,dev,abe51f5c-86e3-43cd-8e55-fd387d978321,4c5c8cde-039b-4945-949f-13348549a4e5
tatqa_dev,dev,4758b4f3-871c-42e4-a606-284e26845ed1,4c5c8cde-039b-4945-949f-13348549a4e5
tatqa_dev,dev,a648d9e3-1fea-40c9-a7e1-37dab9e1f934,4c5c8cde-039b-4945-949f-13348549a4e5
tatqa_dev,dev,48dda519-bc61-4fc5-8bc8-5e4afcd33560,c962af59-9f65-4db7-9775-32c864045d7f
tatqa_dev,dev,0a33f097-00c0-4048-86cb-685dabed09c8,c962af59-9f65-4db7-9775-32c864045d7f
tatqa_dev,dev,c75a8554-b769-4784-98c4-9ee6285f06da,c962af59-9f65-4db7-9775-32c864045d7f
tatqa_dev,dev,ac017bd6-9ee5-4d08-b96c-19fc5bb9d1ed,c962af59-9f65-4db7-9775-32c864045d7f
tatqa_dev,dev,08ec32ab-4f3e-4549-876c-f4e668439ad9,c962af59-9f65-4db7-9775-32c864045d7f
tatqa_dev,dev,32cbd9ff-637d-4b5f-b10b-92243f2e1a93,c962af59-9f65-4db7-9775-32c864045d7f
tatqa_dev,dev,014dae28-087e-44ee-ab09-3376e5430935,abba843f-be4e-4905-8bab-19942dbfedef
tatqa_dev,dev,6a850161-ce93-4e19-91ee-c30bb5bc298f,abba843f-be4e-4905-8bab-19942dbfedef
tatqa_dev,dev,00c9720b-4e03-43fd-8f66-21723a0b836a,abba843f-be4e-4905-8bab-19942dbfedef
tatqa_dev,dev,be588e71-46ba-44c7-bea6-9a6c1e4426c1,abba843f-be4e-4905-8bab-19942dbfedef
tatqa_dev,dev,24f8613a-5516-4f0e-9839-8f6e31480785,abba843f-be4e-4905-8bab-19942dbfedef
tatqa_dev,dev,fb2036af-5359-4b80-975f-3604f1ad67d5,abba843f-be4e-4905-8bab-19942dbfedef
tatqa_dev,dev,10b3b7a5-795e-4d34-b47d-3281710cf1e6,43f8c656-9ff1-4b11-b64b-20c049094b6e
tatqa_dev,dev,430ae0ff-c719-4b6c-a1e3-64dbfce036cc,43f8c656-9ff1-4b11-b64b-20c049094b6e
tatqa_dev,dev,82f4f485-5f15-42bf-ab13-4ca6be452971,43f8c656-9ff1-4b11-b64b-20c049094b6e
tatqa_dev,dev,229a9319-d8af-41d2-b1ad-4904c820de98,43f8c656-9ff1-4b11-b64b-20c049094b6e
tatqa_dev,dev,26971fd2-ea63-4009-a394-b38d7cca0f97,43f8c656-9ff1-4b11-b64b-20c049094b6e
tatqa_dev,dev,9579685b-84d4-40e9-85d7-ff61a8695d32,43f8c656-9ff1-4b11-b64b-20c049094b6e
tatqa_dev,dev,d8761ff2-5a31-42d9-bebd-8f8dc2462ad4,dff0ca31-aa58-49f8-bb21-598295abfa6e
tatqa_dev,dev,7c540b6e-6f7f-421a-9aa8-b173f882dbac,dff0ca31-aa58-49f8-bb21-598295abfa6e
tatqa_dev,dev,df15afde-74da-44c8-b135-c85546324a27,dff0ca31-aa58-49f8-bb21-598295abfa6e
tatqa_dev,dev,e9506488-59f4-4629-aeb9-59888870c7ef,dff0ca31-aa58-49f8-bb21-598295abfa6e
tatqa_dev,dev,11708d2a-0e19-4feb-b687-fe2785da2b95,dff0ca31-aa58-49f8-bb21-598295abfa6e
tatqa_dev,dev,a79b1b03-fe81-471b-bc71-4951e8c43813,dff0ca31-aa58-49f8-bb21-598295abfa6e
tatqa_dev,dev,ef7c9be8-022f-418a-8a6f-841187811abd,3eee9fc1-882b-4146-8c58-55a1e687a5d5
tatqa_dev,dev,4920e376-f3b7-497a-ac95-458a595e3259,3eee9fc1-882b-4146-8c58-55a1e687a5d5
tatqa_dev,dev,df2c03bf-a429-4b87-a902-74292eb75f09,3eee9fc1-882b-4146-8c58-55a1e687a5d5
tatqa_dev,dev,0e22cef8-0342-4085-b5ad-a9ea512a8b3f,3eee9fc1-882b-4146-8c58-55a1e687a5d5
tatqa_dev,dev,312a9328-b83f-43c6-b652-59547090cd30,3eee9fc1-882b-4146-8c58-55a1e687a5d5
tatqa_dev,dev,276f39d7-5428-46cf-b808-7dd9eefab430,3eee9fc1-882b-4146-8c58-55a1e687a5d5
tatqa_dev,dev,37e6a57d-4127-4360-b5c1-cc1f879375e2,6cff0af2-41c0-4b29-b41f-e5637648defa
tatqa_dev,dev,c1d5c664-e01b-49b4-ab9c-48bd4023a72d,6cff0af2-41c0-4b29-b41f-e5637648defa
tatqa_dev,dev,9e9b0fb5-0bf6-4bc2-a760-eb4ebac1b460,6cff0af2-41c0-4b29-b41f-e5637648defa
tatqa_dev,dev,6a87e356-5347-4c9d-8453-7c2bb5961c3a,6cff0af2-41c0-4b29-b41f-e5637648defa
tatqa_dev,dev,27a2fcde-d7aa-4fd6-af85-cbff18d62cd9,6cff0af2-41c0-4b29-b41f-e5637648defa
tatqa_dev,dev,432de659-987d-46ba-90e9-605428580cd8,6cff0af2-41c0-4b29-b41f-e5637648defa
tatqa_dev,dev,bd791890-c6a4-4836-9095-19111cda5f3a,b7650647-937a-4dff-965c-2535d4918d5e
tatqa_dev,dev,2a54850a-9dca-498b-a5f8-9672d7059994,b7650647-937a-4dff-965c-2535d4918d5e
tatqa_dev,dev,ae566a1c-f5e6-4f45-b052-b073eb825eb2,b7650647-937a-4dff-965c-2535d4918d5e
tatqa_dev,dev,7e2ec861-869a-49a4-9934-9884fc8e9eb6,b7650647-937a-4dff-965c-2535d4918d5e
tatqa_dev,dev,f027451d-00f0-4ac1-8dd4-941404139f04,b7650647-937a-4dff-965c-2535d4918d5e
tatqa_dev,dev,535feed7-48cc-4429-97f3-52bfb31fe19a,b7650647-937a-4dff-965c-2535d4918d5e
tatqa_dev,dev,a2d14f8f-9600-421d-8936-68823992ccf0,5e72a0cd-a892-4d3e-bfa8-403c33aaf40f
tatqa_dev,dev,359c0205-d181-49dd-aa58-f925493fdf87,5e72a0cd-a892-4d3e-bfa8-403c33aaf40f
tatqa_dev,dev,b01cfc26-4c45-4331-868a-432b93e272e9,5e72a0cd-a892-4d3e-bfa8-403c33aaf40f
tatqa_dev,dev,a8306bab-9758-4e8b-be9a-f797a6601422,5e72a0cd-a892-4d3e-bfa8-403c33aaf40f
tatqa_dev,dev,1f619243-959e-4b47-a656-1d16b03e2ca5,5e72a0cd-a892-4d3e-bfa8-403c33aaf40f
tatqa_dev,dev,78d004fb-a7b1-4ad5-8870-a7e0462e999e,5e72a0cd-a892-4d3e-bfa8-403c33aaf40f
tatqa_dev,dev,f2eb8cf3-7ba3-4efd-8bbd-293701d8b06c,9b0abd12-8d9e-48ba-9ac2-baacfa92e7eb
tatqa_dev,dev,c6d793f5-793d-4083-856a-d1b28a2bde4e,9b0abd12-8d9e-48ba-9ac2-baacfa92e7eb
tatqa_dev,dev,387d3305-5256-4239-b74b-c6a34678818c,9b0abd12-8d9e-48ba-9ac2-baacfa92e7eb
tatqa_dev,dev,55a6f613-38bc-4bf6-b53a-bf2ef01c6ed2,9b0abd12-8d9e-48ba-9ac2-baacfa92e7eb
tatqa_dev,dev,dc1e344f-db11-4415-af80-728cd87e1b6b,9b0abd12-8d9e-48ba-9ac2-baacfa92e7eb
tatqa_dev,dev,d3dc2462-fd1b-4871-a0f6-6b4837100c05,9b0abd12-8d9e-48ba-9ac2-baacfa92e7eb
tatqa_dev,dev,ce61f92d-668f-47cd-9b72-2265209f67a2,5f71e969-c63e-4b46-ad47-5fce09490ab6
tatqa_dev,dev,3d8a0eb1-e9be-49e7-855c-cce8b1f2ee03,5f71e969-c63e-4b46-ad47-5fce09490ab6
tatqa_dev,dev,276ac70b-a4ae-4163-bf39-bdb6ed29a4be,5f71e969-c63e-4b46-ad47-5fce09490ab6
tatqa_dev,dev,613f5415-64f7-4802-9ba5-33d752ab3e42,5f71e969-c63e-4b46-ad47-5fce09490ab6
tatqa_dev,dev,419ed77f-6012-46f6-ad06-3ff60ec4d10c,5f71e969-c63e-4b46-ad47-5fce09490ab6
tatqa_dev,dev,3bfa4a57-a239-4906-b5c6-d3135bad7b99,5f71e969-c63e-4b46-ad47-5fce09490ab6
tatqa_dev,dev,35600582-fc46-4e05-82d2-ec5b572a4f80,69d42a72-0262-4962-94aa-a7c456f6b9d5
tatqa_dev,dev,ac285792-70b0-40dd-8473-2095a21cf623,69d42a72-0262-4962-94aa-a7c456f6b9d5
tatqa_dev,dev,45e1d311-23d7-44eb-a6dd-2d50aace8f61,69d42a72-0262-4962-94aa-a7c456f6b9d5
tatqa_dev,dev,5512e4f4-6808-464d-884d-95db34563593,69d42a72-0262-4962-94aa-a7c456f6b9d5
tatqa_dev,dev,5de0027a-4080-4423-8987-a11e2a2fc793,69d42a72-0262-4962-94aa-a7c456f6b9d5
tatqa_dev,dev,86d471b0-2a47-48ce-85c3-0185d04d5272,69d42a72-0262-4962-94aa-a7c456f6b9d5
tatqa_dev,dev,2541266f-4acd-4df5-939f-95167ec0bcb0,02913daf-213d-46e7-bf29-a65a8e64550f
tatqa_dev,dev,a6d4005c-b68e-4da6-af04-3d15a1520f63,02913daf-213d-46e7-bf29-a65a8e64550f
tatqa_dev,dev,485a7573-a3a1-49f9-8f46-40349d1e4777,02913daf-213d-46e7-bf29-a65a8e64550f
tatqa_dev,dev,311dc93c-93b4-49a5-ba50-5d97cc16e4fa,02913daf-213d-46e7-bf29-a65a8e64550f
tatqa_dev,dev,9c364cfe-84e4-479d-b3ca-dab2b412e8c4,02913daf-213d-46e7-bf29-a65a8e64550f
tatqa_dev,dev,10e936a6-8d76-4bbe-b058-86f12091b447,02913daf-213d-46e7-bf29-a65a8e64550f
tatqa_dev,dev,a115ddd2-73ae-4f4f-b1eb-aae55d823308,a65ebf76-856b-4336-850b-f5c619115783
tatqa_dev,dev,e924267c-2399-46d7-80db-9c6a7284c003,a65ebf76-856b-4336-850b-f5c619115783
tatqa_dev,dev,7e942684-fe9e-4ded-a3e9-2f3a5aa707fe,a65ebf76-856b-4336-850b-f5c619115783
tatqa_dev,dev,9e3493de-9a29-4db8-ad06-52dc6ff1fdaf,a65ebf76-856b-4336-850b-f5c619115783
tatqa_dev,dev,f9c8ce19-71ce-48aa-b3f3-9414d7112a4b,a65ebf76-856b-4336-850b-f5c619115783
tatqa_dev,dev,e6655bf9-a024-476a-b3dc-4aaf6ae67ba0,a65ebf76-856b-4336-850b-f5c619115783
tatqa_dev,dev,1be83750-0993-4c59-8d77-f6e0479af140,fdc2dbb8-0066-473e-95c1-43eb17223093
tatqa_dev,dev,acea9384-6116-4b57-a465-125e414b355c,fdc2dbb8-0066-473e-95c1-43eb17223093
tatqa_dev,dev,1afa1b40-2803-4cf2-bd76-a3d69aea90b2,fdc2dbb8-0066-473e-95c1-43eb17223093
tatqa_dev,dev,56d8d92f-a555-4a26-a2ec-3dc9ad9795eb,fdc2dbb8-0066-473e-95c1-43eb17223093
tatqa_dev,dev,cf6294fc-a6b6-4827-b2a0-ce56c1fa776a,fdc2dbb8-0066-473e-95c1-43eb17223093
tatqa_dev,dev,fbf1fd1f-12d5-4ffc-b121-51cb10e6a9c8,fdc2dbb8-0066-473e-95c1-43eb17223093
tatqa_dev,dev,e285d813-9ee5-4d26-a05f-9d30885237f4,e614befa-40ae-43c0-93b1-385899b6b181
tatqa_dev,dev,310092c4-8b31-44bf-908b-066825de7b59,e614befa-40ae-43c0-93b1-385899b6b181
tatqa_dev,dev,1a7a45aa-7fff-46dd-b7b0-4cd0ec52fb65,e614befa-40ae-43c0-93b1-385899b6b181
tatqa_dev,dev,1d92a278-69c4-4b79-adcc-615db7d2e5cc,e614befa-40ae-43c0-93b1-385899b6b181
tatqa_dev,dev,08ec1b4c-f5dc-4654-b931-4ddd23f81113,e614befa-40ae-43c0-93b1-385899b6b181
tatqa_dev,dev,545b8045-d882-40f7-ac94-9767957077f9,e614befa-40ae-43c0-93b1-385899b6b181
tatqa_dev,dev,dc4ac49a-292d-4680-b8fc-e4aef77cc5e9,98db5a3a-5b9e-4f91-aea4-bdc2672f1661
tatqa_dev,dev,1a7a9f1d-e9e6-40b9-86ce-c3a3f49a8a8f,98db5a3a-5b9e-4f91-aea4-bdc2672f1661
tatqa_dev,dev,a24eee2c-434f-4657-9713-d6ea23436d5e,98db5a3a-5b9e-4f91-aea4-bdc2672f1661
tatqa_dev,dev,33d6e35e-0c0d-4234-99ce-2df83034136e,98db5a3a-5b9e-4f91-aea4-bdc2672f1661
tatqa_dev,dev,3f231d7d-30d1-489c-b02e-d265431a3796,98db5a3a-5b9e-4f91-aea4-bdc2672f1661
tatqa_dev,dev,0836e3af-9278-4cef-abdd-eaa0166a6503,98db5a3a-5b9e-4f91-aea4-bdc2672f1661
tatqa_dev,dev,5486fae6-e665-4fdc-a6a8-470ab64ebfcd,483ae181-20b3-49f4-9d7b-6d75e8356250
tatqa_dev,dev,988c235c-3d8b-49ac-a8d9-8ada25dbf89f,483ae181-20b3-49f4-9d7b-6d75e8356250
tatqa_dev,dev,91808c7a-300e-47bd-8c64-eb392fbd37bb,483ae181-20b3-49f4-9d7b-6d75e8356250
tatqa_dev,dev,f3eb9649-910b-400e-98a9-70c0591d3072,483ae181-20b3-49f4-9d7b-6d75e8356250
tatqa_dev,dev,424177bf-1bab-4f7a-b11c-61e7eaa1a493,483ae181-20b3-49f4-9d7b-6d75e8356250
tatqa_dev,dev,42ad68ec-7bc2-4fc5-993b-6e09ef7c666e,483ae181-20b3-49f4-9d7b-6d75e8356250
tatqa_dev,dev,35da6015-7dd7-4ab6-9bfb-2a700b30eff6,a98c60cd-3990-47d0-9d30-351743be74c7
tatqa_dev,dev,55e21674-161b-4ecc-8e87-96125a4287e6,a98c60cd-3990-47d0-9d30-351743be74c7
tatqa_dev,dev,f4acbb7e-c861-4ff7-ba8c-450fb3a31224,a98c60cd-3990-47d0-9d30-351743be74c7
tatqa_dev,dev,86f8addb-85de-4f61-86d5-da4b6eca413a,a98c60cd-3990-47d0-9d30-351743be74c7
tatqa_dev,dev,9314428d-bc43-4187-a194-2b7b38fcf1e5,a98c60cd-3990-47d0-9d30-351743be74c7
tatqa_dev,dev,8b3a0a0b-cbef-40a4-81f4-0d55a2e65b85,a98c60cd-3990-47d0-9d30-351743be74c7
tatqa_dev,dev,3c9f14fb-838e-4909-8676-54e673d9e3a5,861ad987-4b1b-40e0-bef3-1fbd25a33c6b
tatqa_dev,dev,41800792-173e-4bbc-921c-2ec9dd9a3e5d,861ad987-4b1b-40e0-bef3-1fbd25a33c6b
tatqa_dev,dev,c6d15acd-4fd8-4419-a04e-c69487836f86,861ad987-4b1b-40e0-bef3-1fbd25a33c6b
tatqa_dev,dev,6c4b20ff-34f4-4d53-aa16-de4fecd30f3e,861ad987-4b1b-40e0-bef3-1fbd25a33c6b
tatqa_dev,dev,aab66af5-afb9-4f2f-b45b-68f16542760b,861ad987-4b1b-40e0-bef3-1fbd25a33c6b
tatqa_dev,dev,60b10a63-4d7d-4ef8-9400-f0d8a6ee3ffe,861ad987-4b1b-40e0-bef3-1fbd25a33c6b
tatqa_dev,dev,c3d058ee-d553-4c2a-9ed8-0b4c1d4eee8b,708fa58a-083d-4a97-80a1-5fe9de71a36b
tatqa_dev,dev,497f60e5-abd2-46a8-8753-f221d3ae86bb,708fa58a-083d-4a97-80a1-5fe9de71a36b
tatqa_dev,dev,6d1c6600-ea3b-4b55-96b6-46f93eab23f0,708fa58a-083d-4a97-80a1-5fe9de71a36b
tatqa_dev,dev,89e7bd4a-9716-4b7c-afbd-2d7c046f34db,708fa58a-083d-4a97-80a1-5fe9de71a36b
tatqa_dev,dev,d3ebc6d6-6f38-403f-86cd-d405245d4da3,708fa58a-083d-4a97-80a1-5fe9de71a36b
tatqa_dev,dev,81fc6048-7510-4c55-aa3c-4c9f1f5b8bcb,708fa58a-083d-4a97-80a1-5fe9de71a36b
tatqa_dev,dev,67bf2b71-e084-4cc4-8693-cba6c8c50170,03ef04b2-1710-4176-81b9-350134a9b49f
tatqa_dev,dev,8de84914-b02e-47ba-a147-e05640348e0e,03ef04b2-1710-4176-81b9-350134a9b49f
tatqa_dev,dev,edc88710-38a6-47d8-bf2b-f4ebc52f7ea0,03ef04b2-1710-4176-81b9-350134a9b49f
tatqa_dev,dev,791011b0-c427-443a-84ef-edf711b6084d,03ef04b2-1710-4176-81b9-350134a9b49f
tatqa_dev,dev,266458b4-d4fe-43ed-8962-4c319363dde4,03ef04b2-1710-4176-81b9-350134a9b49f
tatqa_dev,dev,8698402e-4736-492e-95e5-d702ab62d662,03ef04b2-1710-4176-81b9-350134a9b49f
tatqa_dev,dev,f6027e8f-0af6-4ffe-b707-10fd25b8ea50,3b51990b-6604-4af1-947a-98e6a499ad58
tatqa_dev,dev,9fadeec1-5d5f-4062-8d61-45837e68f898,3b51990b-6604-4af1-947a-98e6a499ad58
tatqa_dev,dev,58b21159-7306-4548-8cd0-5f3247dd716d,3b51990b-6604-4af1-947a-98e6a499ad58
tatqa_dev,dev,ba16499f-3c96-4faa-81b0-874f9ace7c8c,3b51990b-6604-4af1-947a-98e6a499ad58
tatqa_dev,dev,89e21fa8-60b1-4f4f-be8d-497733907f52,3b51990b-6604-4af1-947a-98e6a499ad58
tatqa_dev,dev,2ee1798f-bccd-4524-b8fe-645379c4d034,3b51990b-6604-4af1-947a-98e6a499ad58
tatqa_dev,dev,e3a899fa-bcdc-411a-ab4e-0abc545f7fcf,d8d662b8-dbd2-4450-a1fd-7cf111b4236a
tatqa_dev,dev,a15db73b-081d-4a28-8398-78d8b4eb59de,d8d662b8-dbd2-4450-a1fd-7cf111b4236a
tatqa_dev,dev,33f8d9ee-8162-44ea-befd-007a9ddb2ea0,d8d662b8-dbd2-4450-a1fd-7cf111b4236a
tatqa_dev,dev,0acd91f8-5235-4173-800b-e1208ee9c717,d8d662b8-dbd2-4450-a1fd-7cf111b4236a
tatqa_dev,dev,14beaf69-31ed-4967-99b0-132a760d9ede,d8d662b8-dbd2-4450-a1fd-7cf111b4236a
tatqa_dev,dev,a4a37315-e9d5-44ea-9a8e-79ce4d6dbf24,d8d662b8-dbd2-4450-a1fd-7cf111b4236a
tatqa_dev,dev,5458cda4-4e6a-490a-b097-aa300fb5334a,a9357df7-2d20-4f8e-afb5-944d75e60f9b
tatqa_dev,dev,85deaa69-ab68-4071-99dd-78dd8449a1ad,a9357df7-2d20-4f8e-afb5-944d75e60f9b
tatqa_dev,dev,9d2aa4d9-194f-417a-9ed7-95cf4f5c95cd,a9357df7-2d20-4f8e-afb5-944d75e60f9b
tatqa_dev,dev,10e75f5d-56cf-4e2f-a264-6eecf6b98e19,a9357df7-2d20-4f8e-afb5-944d75e60f9b
tatqa_dev,dev,364ef59c-236f-4106-9c0d-d3fa1bbcbad5,a9357df7-2d20-4f8e-afb5-944d75e60f9b
tatqa_dev,dev,25fc46b8-4381-4d77-9c83-b69bcda8e189,a9357df7-2d20-4f8e-afb5-944d75e60f9b
tatqa_dev,dev,30781a7c-ec93-400d-97d7-da748c2741b0,21a432eb-166c-4178-adf9-08b6ad3fde7d
tatqa_dev,dev,21273aa1-d155-4d2e-8214-37e8261a2571,21a432eb-166c-4178-adf9-08b6ad3fde7d
tatqa_dev,dev,c1999871-dfe9-41cd-8a76-b55dff91dad8,21a432eb-166c-4178-adf9-08b6ad3fde7d
tatqa_dev,dev,14120019-ba0a-483f-9046-2f2d4118761c,21a432eb-166c-4178-adf9-08b6ad3fde7d
tatqa_dev,dev,71162a9c-f1b1-42fa-a137-c79fa19030ae,21a432eb-166c-4178-adf9-08b6ad3fde7d
tatqa_dev,dev,bb6966e0-61e6-44c6-87ad-69f952453829,21a432eb-166c-4178-adf9-08b6ad3fde7d
tatqa_dev,dev,75e56840-cc3b-42fa-8505-07dd4c434f5a,a10e0909-77e4-40ba-bc71-94413b04e8ac
tatqa_dev,dev,8da6f67b-cc35-4e67-9eeb-e5a71bd0315c,a10e0909-77e4-40ba-bc71-94413b04e8ac
tatqa_dev,dev,f133b7f5-3278-41d4-9236-12ef02de31c5,a10e0909-77e4-40ba-bc71-94413b04e8ac
tatqa_dev,dev,40f5eb1c-fd52-4484-9d60-da90da45a084,a10e0909-77e4-40ba-bc71-94413b04e8ac
tatqa_dev,dev,64d8c7e4-99d6-4d2e-ac39-dbee2a0dbc85,a10e0909-77e4-40ba-bc71-94413b04e8ac
tatqa_dev,dev,edfd8e56-88a7-402a-bd78-b867bf509fa8,a10e0909-77e4-40ba-bc71-94413b04e8ac
tatqa_dev,dev,5331e7cb-d216-42b3-8ee8-2d0a877bbe48,2a704bb9-4bd3-4071-b8e6-212957b04ada
tatqa_dev,dev,21e0abec-2256-4dd3-be8e-9329e4726546,2a704bb9-4bd3-4071-b8e6-212957b04ada
tatqa_dev,dev,747db6b5-48bb-44ed-a8c3-c60fcf264d2e,2a704bb9-4bd3-4071-b8e6-212957b04ada
tatqa_dev,dev,16f3274f-d35e-459a-9216-4d83b725f9b6,2a704bb9-4bd3-4071-b8e6-212957b04ada
tatqa_dev,dev,c9b0fa1e-6fe7-403e-b0f1-9367e6485fcf,2a704bb9-4bd3-4071-b8e6-212957b04ada
tatqa_dev,dev,8cb754f8-8411-4846-b6f8-8e2467ce08f3,2a704bb9-4bd3-4071-b8e6-212957b04ada
tatqa_dev,dev,942e25ad-4b66-4734-818f-1c8729c5825e,687d09ee-4aa8-402a-ae27-96ce063115a5
tatqa_dev,dev,6ead824d-99aa-428a-908f-c8e435ac4431,687d09ee-4aa8-402a-ae27-96ce063115a5
tatqa_dev,dev,fbeb392a-39b2-4222-b34a-ab1143b16103,687d09ee-4aa8-402a-ae27-96ce063115a5
tatqa_dev,dev,12a99674-3d7b-43b8-acce-98a83bd7c70e,687d09ee-4aa8-402a-ae27-96ce063115a5
tatqa_dev,dev,f1a33e83-3a96-410a-8878-5e1fd1773a6d,687d09ee-4aa8-402a-ae27-96ce063115a5
tatqa_dev,dev,8de2ed8c-c548-4bb9-982c-5d714675b443,687d09ee-4aa8-402a-ae27-96ce063115a5
tatqa_dev,dev,2d14a1c5-f601-48f1-8165-dd556045497d,eb122e2e-12b4-4e59-a018-7045192b021d
tatqa_dev,dev,0c2a6bf7-66a8-4b98-a703-d474a7decd28,eb122e2e-12b4-4e59-a018-7045192b021d
tatqa_dev,dev,a084172d-f8e1-4ecf-bf6b-570967ddc466,eb122e2e-12b4-4e59-a018-7045192b021d
tatqa_dev,dev,1521cfda-5529-46c8-bdb2-d618e4a83b78,eb122e2e-12b4-4e59-a018-7045192b021d
tatqa_dev,dev,843a60c0-ee9c-49d6-8f7f-5347af1b238c,eb122e2e-12b4-4e59-a018-7045192b021d
tatqa_dev,dev,eccadabb-b970-47f6-8537-27907d2408c6,eb122e2e-12b4-4e59-a018-7045192b021d
tatqa_dev,dev,862a5386-ce39-493c-acf9-ded6177ba4b5,1aef0c1f-6ded-4d8e-bb9c-4c0fe62e9ab6
tatqa_dev,dev,dc309911-b982-4bd9-a5d2-4b39699666d4,1aef0c1f-6ded-4d8e-bb9c-4c0fe62e9ab6
tatqa_dev,dev,0aa35355-b486-4156-935e-9c73d70e47f8,1aef0c1f-6ded-4d8e-bb9c-4c0fe62e9ab6
tatqa_dev,dev,d3be0784-57f7-4545-bc48-6928d7a5e778,1aef0c1f-6ded-4d8e-bb9c-4c0fe62e9ab6
tatqa_dev,dev,36c5a475-701d-4115-a479-cee5ea42f947,1aef0c1f-6ded-4d8e-bb9c-4c0fe62e9ab6
tatqa_dev,dev,c36d505f-cdc1-43c2-891f-d83cb7499d0d,1aef0c1f-6ded-4d8e-bb9c-4c0fe62e9ab6
tatqa_dev,dev,74e153b5-d6b2-4914-9d45-180f6a719c26,a8559ad7-3e4c-41c5-a3de-d2927413484c
tatqa_dev,dev,fb827df9-c81e-4d69-acb6-cf48e9179ae4,a8559ad7-3e4c-41c5-a3de-d2927413484c
tatqa_dev,dev,2b80ea82-fd80-444e-92c3-2d00c74e0cee,a8559ad7-3e4c-41c5-a3de-d2927413484c
tatqa_dev,dev,803799b7-519c-4ca2-8e72-a76fe69b2e6a,a8559ad7-3e4c-41c5-a3de-d2927413484c
tatqa_dev,dev,4c5a0a4f-9e3f-434f-831b-530327547a01,a8559ad7-3e4c-41c5-a3de-d2927413484c
tatqa_dev,dev,890e40b2-3009-449f-b806-49d0a4fa82cd,a8559ad7-3e4c-41c5-a3de-d2927413484c
tatqa_dev,dev,5ebb9f4f-fba2-42bf-8c00-cec687b80b57,5ce66c1d-89ff-48d1-8689-ec08918dc634
tatqa_dev,dev,642cdb32-9532-43bc-b64e-0f5d218bc9b0,5ce66c1d-89ff-48d1-8689-ec08918dc634
tatqa_dev,dev,da55a8fc-14b9-4839-af5c-90641808b487,5ce66c1d-89ff-48d1-8689-ec08918dc634
tatqa_dev,dev,ca7623cd-811b-4b33-8e3d-b78b0ec1f58e,5ce66c1d-89ff-48d1-8689-ec08918dc634
tatqa_dev,dev,b56cfe42-d808-4b3e-8f81-83acafb052f4,5ce66c1d-89ff-48d1-8689-ec08918dc634
tatqa_dev,dev,feb46963-3b1f-4eaa-8325-74044812e35b,5ce66c1d-89ff-48d1-8689-ec08918dc634
tatqa_dev,dev,da5ad0d6-0303-4c88-bfb2-354dae867d7d,0e8b88af-9af5-4bfd-865f-ca0dd3f85939
tatqa_dev,dev,53b4b983-2521-4087-8a7e-2760c65f1816,0e8b88af-9af5-4bfd-865f-ca0dd3f85939
tatqa_dev,dev,58651d59-ee98-4cb0-8504-14919c688d7a,0e8b88af-9af5-4bfd-865f-ca0dd3f85939
tatqa_dev,dev,d614d083-9db7-49c2-8c5e-41f3910286b3,0e8b88af-9af5-4bfd-865f-ca0dd3f85939
tatqa_dev,dev,6ce427fa-d1ff-481d-b6ba-7950d43e7c22,0e8b88af-9af5-4bfd-865f-ca0dd3f85939
tatqa_dev,dev,ff90c9d7-de34-46da-a7b2-c7c2747fab0a,0e8b88af-9af5-4bfd-865f-ca0dd3f85939
tatqa_dev,dev,ff56e9b6-08fa-4a3a-b013-b948945372dc,d9fd4f62-fd62-4254-a96d-70d23f08fc61
tatqa_dev,dev,98d2b708-8948-4755-9407-e8c9c7a97883,d9fd4f62-fd62-4254-a96d-70d23f08fc61
tatqa_dev,dev,4d32a730-3d41-4884-b4eb-f45496921b34,d9fd4f62-fd62-4254-a96d-70d23f08fc61
tatqa_dev,dev,7e8041b3-4b8c-4e47-8c83-af0b9a6fdb4c,d9fd4f62-fd62-4254-a96d-70d23f08fc61
tatqa_dev,dev,65581c66-9e18-4e1b-979a-dcd2a873d998,d9fd4f62-fd62-4254-a96d-70d23f08fc61
tatqa_dev,dev,82c155de-a907-4b3f-b89f-1984bd97ddc5,d9fd4f62-fd62-4254-a96d-70d23f08fc61
tatqa_dev,dev,75716aca-67de-45ad-a624-3e95c050478d,62d958c0-fb12-4683-b503-e5c01da9aea6
tatqa_dev,dev,234fa3d2-2a72-4660-9bb6-fd82ff8da1a2,62d958c0-fb12-4683-b503-e5c01da9aea6
tatqa_dev,dev,987ffeff-02d9-452e-b1a7-fe6326666128,62d958c0-fb12-4683-b503-e5c01da9aea6
tatqa_dev,dev,96301054-1b68-403c-9266-87fdadcb6900,62d958c0-fb12-4683-b503-e5c01da9aea6
tatqa_dev,dev,c50b6cab-faba-4d38-83da-62d564141452,62d958c0-fb12-4683-b503-e5c01da9aea6
tatqa_dev,dev,1352b9c0-2cca-432e-807e-08580574f3a8,62d958c0-fb12-4683-b503-e5c01da9aea6
tatqa_dev,dev,033b1629-01f9-444b-961e-7ef875a8a915,2962bec4-7159-4b72-ba5e-07cd553d0186
tatqa_dev,dev,fba2b9bc-c13b-49dd-908f-5a8e4f2734cc,2962bec4-7159-4b72-ba5e-07cd553d0186
tatqa_dev,dev,523f355f-850b-405c-906c-4a4337de332a,2962bec4-7159-4b72-ba5e-07cd553d0186
tatqa_dev,dev,c3780f63-8598-4997-b66e-7a823b87f96a,2962bec4-7159-4b72-ba5e-07cd553d0186
tatqa_dev,dev,bdc18c5e-4bb4-4550-a180-643cc091eee4,2962bec4-7159-4b72-ba5e-07cd553d0186
tatqa_dev,dev,1c738686-3b66-4fd0-b8ca-e90ece7bdb40,2962bec4-7159-4b72-ba5e-07cd553d0186
tatqa_dev,dev,3264a669-9c5e-4821-b6f2-1f8002f47ffb,bee68d71-44ca-4177-a1c7-8c127f6f9203
tatqa_dev,dev,7836af77-b8af-4409-a56b-e11f1cf414e6,bee68d71-44ca-4177-a1c7-8c127f6f9203
tatqa_dev,dev,44a4d552-75bf-435f-b476-dda50cdbed7a,bee68d71-44ca-4177-a1c7-8c127f6f9203
tatqa_dev,dev,5b48fea5-61de-401b-aea9-b2b90b7a0eeb,bee68d71-44ca-4177-a1c7-8c127f6f9203
tatqa_dev,dev,8a7ef462-5a25-48c9-8a49-3fb543a73785,bee68d71-44ca-4177-a1c7-8c127f6f9203
tatqa_dev,dev,240b5a32-819a-4cbe-8420-0ab6dfe3b2eb,bee68d71-44ca-4177-a1c7-8c127f6f9203
tatqa_dev,dev,f0338b30-3b09-43c1-ae99-64334f0ed3c1,981e181b-57fa-42ff-a2d9-b8603eafdd4c
tatqa_dev,dev,47773891-d4cb-4c24-a417-5c47f4e688c3,981e181b-57fa-42ff-a2d9-b8603eafdd4c
tatqa_dev,dev,bc198f92-852a-4b9a-a26c-c607a76475f0,981e181b-57fa-42ff-a2d9-b8603eafdd4c
tatqa_dev,dev,8a3fb2be-150b-410f-a6d5-f3a3dd1fdba3,981e181b-57fa-42ff-a2d9-b8603eafdd4c
tatqa_dev,dev,4b0f29ae-4a97-400c-9497-47440a02ebdd,981e181b-57fa-42ff-a2d9-b8603eafdd4c
tatqa_dev,dev,acde36c6-c718-4bfc-ae8d-0083d3dab3f0,981e181b-57fa-42ff-a2d9-b8603eafdd4c
tatqa_dev,dev,8e124102-222d-4757-8aab-f4859a70f312,7a9fdd23-2adc-4cf5-8761-5c7fbec53e6e
tatqa_dev,dev,f892abd1-a351-45de-a8bf-2cb5e8e305e8,7a9fdd23-2adc-4cf5-8761-5c7fbec53e6e
tatqa_dev,dev,8c3368b9-e8ce-4831-8600-10f6f0f6ff70,7a9fdd23-2adc-4cf5-8761-5c7fbec53e6e
tatqa_dev,dev,95307fa4-6c14-4d86-ba45-cd2c278a22ce,7a9fdd23-2adc-4cf5-8761-5c7fbec53e6e
tatqa_dev,dev,c8ed0bf6-60c5-41e2-97e3-5ece54a1349b,7a9fdd23-2adc-4cf5-8761-5c7fbec53e6e
tatqa_dev,dev,4cdc8b2e-e3ea-4c36-bbda-7c409a84cc78,7a9fdd23-2adc-4cf5-8761-5c7fbec53e6e
tatqa_dev,dev,513789ae-d391-42b8-97b7-bce9fe7e5689,8db2d2a5-fdcd-45c2-be2f-813cba4fbca7
tatqa_dev,dev,112727c3-fefd-4d11-9edd-5370981e9c0c,8db2d2a5-fdcd-45c2-be2f-813cba4fbca7
tatqa_dev,dev,08fbb08c-93c7-4ffc-b92e-5beec6fd7120,8db2d2a5-fdcd-45c2-be2f-813cba4fbca7
tatqa_dev,dev,ec696158-f93d-4608-903d-a6b9c4e7bfd5,8db2d2a5-fdcd-45c2-be2f-813cba4fbca7
tatqa_dev,dev,27911d6f-dfe5-487b-bc56-7e5cf16a32e0,8db2d2a5-fdcd-45c2-be2f-813cba4fbca7
tatqa_dev,dev,3b8e873e-64d5-4af0-904f-7197dc632773,8db2d2a5-fdcd-45c2-be2f-813cba4fbca7
finqa_public_test,test,ETR/2016/page_23.pdf-2,ETR/2016/page_23.pdf
finqa_public_test,test,INTC/2015/page_41.pdf-4,INTC/2015/page_41.pdf
finqa_public_test,test,ADI/2011/page_61.pdf-2,ADI/2011/page_61.pdf
finqa_public_test,test,FIS/2010/page_70.pdf-2,FIS/2010/page_70.pdf
finqa_public_test,test,MAS/2017/page_27.pdf-2,MAS/2017/page_27.pdf
finqa_public_test,test,SYY/2006/page_71.pdf-1,SYY/2006/page_71.pdf
finqa_public_test,test,AES/2010/page_227.pdf-3,AES/2010/page_227.pdf
finqa_public_test,test,GS/2015/page_188.pdf-2,GS/2015/page_188.pdf
finqa_public_test,test,MO/2016/page_19.pdf-1,MO/2016/page_19.pdf
finqa_public_test,test,CMCSA/2015/page_112.pdf-2,CMCSA/2015/page_112.pdf
finqa_public_test,test,STT/2007/page_111.pdf-3,STT/2007/page_111.pdf
finqa_public_test,test,UAA/2016/page_42.pdf-2,UAA/2016/page_42.pdf
finqa_public_test,test,GIS/2018/page_110.pdf-2,GIS/2018/page_110.pdf
finqa_public_test,test,JKHY/2019/page_18.pdf-3,JKHY/2019/page_18.pdf
finqa_public_test,test,AWK/2014/page_121.pdf-2,AWK/2014/page_121.pdf
finqa_public_test,test,MRO/2011/page_108.pdf-1,MRO/2011/page_108.pdf
finqa_public_test,test,RCL/2012/page_75.pdf-1,RCL/2012/page_75.pdf
finqa_public_test,test,ETR/2017/page_372.pdf-1,ETR/2017/page_372.pdf
finqa_public_test,test,ADBE/2008/page_89.pdf-3,ADBE/2008/page_89.pdf
finqa_public_test,test,JPM/2010/page_273.pdf-2,JPM/2010/page_273.pdf
finqa_public_test,test,PNC/2012/page_68.pdf-2,PNC/2012/page_68.pdf
finqa_public_test,test,FIS/2016/page_31.pdf-2,FIS/2016/page_31.pdf
finqa_public_test,test,AMT/2016/page_49.pdf-1,AMT/2016/page_49.pdf
finqa_public_test,test,MAR/2018/page_43.pdf-2,MAR/2018/page_43.pdf
finqa_public_test,test,AAL/2016/page_8.pdf-4,AAL/2016/page_8.pdf
finqa_public_test,test,ETFC/2007/page_18.pdf-1,ETFC/2007/page_18.pdf
finqa_public_test,test,GPN/2010/page_87.pdf-3,GPN/2010/page_87.pdf
finqa_public_test,test,ADBE/2008/page_89.pdf-2,ADBE/2008/page_89.pdf
finqa_public_test,test,DG/2005/page_44.pdf-2,DG/2005/page_44.pdf
finqa_public_test,test,ALXN/2016/page_153.pdf-2,ALXN/2016/page_153.pdf
finqa_public_test,test,UNP/2015/page_56.pdf-1,UNP/2015/page_56.pdf
finqa_public_test,test,C/2009/page_45.pdf-1,C/2009/page_45.pdf
finqa_public_test,test,AAPL/2006/page_100.pdf-3,AAPL/2006/page_100.pdf
finqa_public_test,test,JPM/2018/page_90.pdf-1,JPM/2018/page_90.pdf
finqa_public_test,test,PNC/2012/page_65.pdf-4,PNC/2012/page_65.pdf
finqa_public_test,test,ABMD/2008/page_86.pdf-1,ABMD/2008/page_86.pdf
finqa_public_test,test,ETFC/2012/page_24.pdf-1,ETFC/2012/page_24.pdf
finqa_public_test,test,ETFC/2007/page_18.pdf-2,ETFC/2007/page_18.pdf
finqa_public_test,test,GS/2017/page_179.pdf-4,GS/2017/page_179.pdf
finqa_public_test,test,MKTX/2004/page_99.pdf-3,MKTX/2004/page_99.pdf
finqa_public_test,test,ETR/2013/page_21.pdf-3,ETR/2013/page_21.pdf
finqa_public_test,test,GS/2013/page_220.pdf-2,GS/2013/page_220.pdf
finqa_public_test,test,FBHS/2017/page_83.pdf-1,FBHS/2017/page_83.pdf
finqa_public_test,test,ZBH/2008/page_57.pdf-2,ZBH/2008/page_57.pdf
finqa_public_test,test,K/2006/page_52.pdf-2,K/2006/page_52.pdf
finqa_public_test,test,GPN/2014/page_92.pdf-1,GPN/2014/page_92.pdf
finqa_public_test,test,FIS/2017/page_64.pdf-3,FIS/2017/page_64.pdf
finqa_public_test,test,BLL/2010/page_37.pdf-2,BLL/2010/page_37.pdf
finqa_public_test,test,PNC/2012/page_65.pdf-1,PNC/2012/page_65.pdf
finqa_public_test,test,SNA/2018/page_31.pdf-1,SNA/2018/page_31.pdf
finqa_public_test,test,FIS/2016/page_45.pdf-4,FIS/2016/page_45.pdf
finqa_public_test,test,ETFC/2011/page_144.pdf-2,ETFC/2011/page_144.pdf
finqa_public_test,test,STT/2009/page_127.pdf-4,STT/2009/page_127.pdf
finqa_public_test,test,ILMN/2008/page_82.pdf-1,ILMN/2008/page_82.pdf
finqa_public_test,test,ETR/2004/page_239.pdf-3,ETR/2004/page_239.pdf
finqa_public_test,test,HOLX/2007/page_126.pdf-2,HOLX/2007/page_126.pdf
finqa_public_test,test,FBHS/2017/page_83.pdf-2,FBHS/2017/page_83.pdf
finqa_public_test,test,UA/2007/page_70.pdf-2,UA/2007/page_70.pdf
finqa_public_test,test,FIS/2012/page_48.pdf-1,FIS/2012/page_48.pdf
finqa_public_test,test,AON/2015/page_96.pdf-1,AON/2015/page_96.pdf
finqa_public_test,test,CME/2010/page_91.pdf-1,CME/2010/page_91.pdf
finqa_public_test,test,HIG/2004/page_140.pdf-1,HIG/2004/page_140.pdf
finqa_public_test,test,CME/2010/page_123.pdf-2,CME/2010/page_123.pdf
finqa_public_test,test,AON/2007/page_175.pdf-2,AON/2007/page_175.pdf
finqa_public_test,test,ETR/2013/page_21.pdf-2,ETR/2013/page_21.pdf
finqa_public_test,test,ABMD/2005/page_29.pdf-2,ABMD/2005/page_29.pdf
finqa_public_test,test,NWS/2017/page_119.pdf-2,NWS/2017/page_119.pdf
finqa_public_test,test,PNC/2012/page_65.pdf-3,PNC/2012/page_65.pdf
finqa_public_test,test,AES/2010/page_227.pdf-4,AES/2010/page_227.pdf
finqa_public_test,test,PNC/2012/page_68.pdf-4,PNC/2012/page_68.pdf
finqa_public_test,test,GIS/2017/page_31.pdf-1,GIS/2017/page_31.pdf
finqa_public_test,test,PM/2017/page_32.pdf-1,PM/2017/page_32.pdf
finqa_public_test,test,CME/2010/page_123.pdf-4,CME/2010/page_123.pdf
finqa_public_test,test,HUM/2014/page_44.pdf-1,HUM/2014/page_44.pdf
finqa_public_test,test,VNO/2014/page_57.pdf-1,VNO/2014/page_57.pdf
finqa_public_test,test,MSI/2014/page_76.pdf-3,MSI/2014/page_76.pdf
finqa_public_test,test,MRO/2008/page_45.pdf-1,MRO/2008/page_45.pdf
finqa_public_test,test,CB/2010/page_83.pdf-1,CB/2010/page_83.pdf
finqa_public_test,test,GS/2017/page_86.pdf-2,GS/2017/page_86.pdf
finqa_public_test,test,BLL/2012/page_31.pdf-3,BLL/2012/page_31.pdf
finqa_public_test,test,BLL/2012/page_31.pdf-4,BLL/2012/page_31.pdf
finqa_public_test,test,MRO/2007/page_136.pdf-2,MRO/2007/page_136.pdf
finqa_public_test,test,AMT/2012/page_50.pdf-3,AMT/2012/page_50.pdf
finqa_public_test,test,AWK/2012/page_117.pdf-4,AWK/2012/page_117.pdf
finqa_public_test,test,SNA/2007/page_49.pdf-4,SNA/2007/page_49.pdf
finqa_public_test,test,GS/2015/page_188.pdf-1,GS/2015/page_188.pdf
finqa_public_test,test,UPS/2012/page_32.pdf-4,UPS/2012/page_32.pdf
finqa_public_test,test,AON/2015/page_96.pdf-3,AON/2015/page_96.pdf
finqa_public_test,test,STT/2009/page_127.pdf-2,STT/2009/page_127.pdf
finqa_public_test,test,RSG/2018/page_94.pdf-1,RSG/2018/page_94.pdf
finqa_public_test,test,MRO/2004/page_46.pdf-1,MRO/2004/page_46.pdf
finqa_public_test,test,IP/2006/page_30.pdf-1,IP/2006/page_30.pdf
finqa_public_test,test,APD/2016/page_40.pdf-2,APD/2016/page_40.pdf
finqa_public_test,test,CDNS/2018/page_66.pdf-4,CDNS/2018/page_66.pdf
finqa_public_test,test,CDNS/2015/page_30.pdf-2,CDNS/2015/page_30.pdf
finqa_public_test,test,AAPL/2006/page_131.pdf-2,AAPL/2006/page_131.pdf
finqa_public_test,test,L/2009/page_84.pdf-4,L/2009/page_84.pdf
finqa_public_test,test,ECL/2016/page_52.pdf-4,ECL/2016/page_52.pdf
finqa_public_test,test,ETR/2011/page_301.pdf-1,ETR/2011/page_301.pdf
finqa_public_test,test,AWK/2013/page_122.pdf-3,AWK/2013/page_122.pdf
finqa_public_test,test,DISCA/2014/page_64.pdf-1,DISCA/2014/page_64.pdf
finqa_public_test,test,C/2009/page_45.pdf-2,C/2009/page_45.pdf
finqa_public_test,test,GPN/2013/page_92.pdf-1,GPN/2013/page_92.pdf
finqa_public_test,test,GPN/2010/page_89.pdf-4,GPN/2010/page_89.pdf
finqa_public_test,test,AON/2010/page_86.pdf-1,AON/2010/page_86.pdf
finqa_public_test,test,EOG/2018/page_75.pdf-1,EOG/2018/page_75.pdf
finqa_public_test,test,CME/2010/page_69.pdf-2,CME/2010/page_69.pdf
finqa_public_test,test,GS/2014/page_51.pdf-2,GS/2014/page_51.pdf
finqa_public_test,test,UNP/2007/page_25.pdf-1,UNP/2007/page_25.pdf
finqa_public_test,test,AES/2002/page_128.pdf-2,AES/2002/page_128.pdf
finqa_public_test,test,AMT/2016/page_49.pdf-3,AMT/2016/page_49.pdf
finqa_public_test,test,ADBE/1999/page_64.pdf-3,ADBE/1999/page_64.pdf
finqa_public_test,test,GPN/2008/page_78.pdf-2,GPN/2008/page_78.pdf
finqa_public_test,test,PNC/2012/page_68.pdf-1,PNC/2012/page_68.pdf
finqa_public_test,test,MRO/2013/page_19.pdf-3,MRO/2013/page_19.pdf
finqa_public_test,test,C/2008/page_22.pdf-2,C/2008/page_22.pdf
finqa_public_test,test,UPS/2007/page_49.pdf-1,UPS/2007/page_49.pdf
finqa_public_test,test,NCLH/2018/page_64.pdf-1,NCLH/2018/page_64.pdf
finqa_public_test,test,MKTX/2012/page_42.pdf-1,MKTX/2012/page_42.pdf
finqa_public_test,test,PNC/2014/page_111.pdf-2,PNC/2014/page_111.pdf
finqa_public_test,test,AWK/2014/page_121.pdf-1,AWK/2014/page_121.pdf
finqa_public_test,test,AAL/2013/page_172.pdf-4,AAL/2013/page_172.pdf
finqa_public_test,test,ECL/2016/page_52.pdf-1,ECL/2016/page_52.pdf
finqa_public_test,test,JPM/2010/page_281.pdf-3,JPM/2010/page_281.pdf
finqa_public_test,test,CME/2017/page_40.pdf-2,CME/2017/page_40.pdf
finqa_public_test,test,AMT/2012/page_50.pdf-1,AMT/2012/page_50.pdf
finqa_public_test,test,SNA/2012/page_110.pdf-2,SNA/2012/page_110.pdf
finqa_public_test,test,GPN/2010/page_89.pdf-3,GPN/2010/page_89.pdf
finqa_public_test,test,C/2018/page_175.pdf-3,C/2018/page_175.pdf
finqa_public_test,test,AMT/2012/page_118.pdf-2,AMT/2012/page_118.pdf
finqa_public_test,test,DISCA/2011/page_49.pdf-1,DISCA/2011/page_49.pdf
finqa_public_test,test,ZBH/2007/page_67.pdf-2,ZBH/2007/page_67.pdf
finqa_public_test,test,RSG/2016/page_145.pdf-1,RSG/2016/page_145.pdf
finqa_public_test,test,ZBH/2009/page_58.pdf-2,ZBH/2009/page_58.pdf
finqa_public_test,test,DRE/2008/page_46.pdf-2,DRE/2008/page_46.pdf
finqa_public_test,test,IP/2006/page_75.pdf-2,IP/2006/page_75.pdf
finqa_public_test,test,DRE/2002/page_15.pdf-2,DRE/2002/page_15.pdf
finqa_public_test,test,MRO/2003/page_84.pdf-3,MRO/2003/page_84.pdf
finqa_public_test,test,AON/2007/page_171.pdf-1,AON/2007/page_171.pdf
finqa_public_test,test,K/2013/page_23.pdf-1,K/2013/page_23.pdf
finqa_public_test,test,AMT/2003/page_102.pdf-2,AMT/2003/page_102.pdf
finqa_public_test,test,JPM/2018/page_90.pdf-5,JPM/2018/page_90.pdf
finqa_public_test,test,AMT/2014/page_160.pdf-4,AMT/2014/page_160.pdf
finqa_public_test,test,PNC/2007/page_92.pdf-2,PNC/2007/page_92.pdf
finqa_public_test,test,ETR/2016/page_23.pdf-3,ETR/2016/page_23.pdf
finqa_public_test,test,IP/2006/page_31.pdf-2,IP/2006/page_31.pdf
finqa_public_test,test,HST/2018/page_135.pdf-1,HST/2018/page_135.pdf
finqa_public_test,test,PNC/2012/page_174.pdf-5,PNC/2012/page_174.pdf
finqa_public_test,test,CME/2017/page_40.pdf-5,CME/2017/page_40.pdf
finqa_public_test,test,CMCSA/2015/page_67.pdf-2,CMCSA/2015/page_67.pdf
finqa_public_test,test,ANET/2015/page_156.pdf-2,ANET/2015/page_156.pdf
finqa_public_test,test,AMAT/2013/page_37.pdf-2,AMAT/2013/page_37.pdf
finqa_public_test,test,PNC/2012/page_247.pdf-3,PNC/2012/page_247.pdf
finqa_public_test,test,HOLX/2006/page_100.pdf-1,HOLX/2006/page_100.pdf
finqa_public_test,test,UPS/2007/page_98.pdf-1,UPS/2007/page_98.pdf
finqa_public_test,test,CB/2010/page_83.pdf-2,CB/2010/page_83.pdf
finqa_public_test,test,GPN/2018/page_94.pdf-1,GPN/2018/page_94.pdf
finqa_public_test,test,BLK/2014/page_120.pdf-2,BLK/2014/page_120.pdf
finqa_public_test,test,AWK/2014/page_121.pdf-4,AWK/2014/page_121.pdf
finqa_public_test,test,DG/2010/page_136.pdf-1,DG/2010/page_136.pdf
finqa_public_test,test,MKTX/2004/page_99.pdf-1,MKTX/2004/page_99.pdf
finqa_public_test,test,DG/2007/page_67.pdf-1,DG/2007/page_67.pdf
finqa_public_test,test,EOG/2018/page_75.pdf-2,EOG/2018/page_75.pdf
finqa_public_test,test,AES/2001/page_33.pdf-2,AES/2001/page_33.pdf
finqa_public_test,test,CMCSA/2015/page_67.pdf-1,CMCSA/2015/page_67.pdf
finqa_public_test,test,SLG/2001/page_48.pdf-3,SLG/2001/page_48.pdf
finqa_public_test,test,JKHY/2017/page_26.pdf-1,JKHY/2017/page_26.pdf
finqa_public_test,test,CE/2016/page_19.pdf-3,CE/2016/page_19.pdf
finqa_public_test,test,GS/2012/page_189.pdf-2,GS/2012/page_189.pdf
finqa_public_test,test,FIS/2016/page_45.pdf-2,FIS/2016/page_45.pdf
finqa_public_test,test,SNA/2007/page_69.pdf-3,SNA/2007/page_69.pdf
finqa_public_test,test,IPG/2017/page_92.pdf-2,IPG/2017/page_92.pdf
finqa_public_test,test,GS/2017/page_132.pdf-2,GS/2017/page_132.pdf
finqa_public_test,test,ETR/2008/page_298.pdf-3,ETR/2008/page_298.pdf
finqa_public_test,test,MRO/2013/page_19.pdf-1,MRO/2013/page_19.pdf
finqa_public_test,test,LMT/2012/page_73.pdf-3,LMT/2012/page_73.pdf
finqa_public_test,test,ZBH/2015/page_57.pdf-2,ZBH/2015/page_57.pdf
finqa_public_test,test,ADBE/2008/page_89.pdf-4,ADBE/2008/page_89.pdf
finqa_public_test,test,MRO/2003/page_45.pdf-2,MRO/2003/page_45.pdf
finqa_public_test,test,ABMD/2012/page_41.pdf-2,ABMD/2012/page_41.pdf
finqa_public_test,test,BLL/2012/page_31.pdf-2,BLL/2012/page_31.pdf
finqa_public_test,test,AON/2007/page_188.pdf-4,AON/2007/page_188.pdf
finqa_public_test,test,MRO/2004/page_46.pdf-3,MRO/2004/page_46.pdf
finqa_public_test,test,L/2009/page_84.pdf-3,L/2009/page_84.pdf
finqa_public_test,test,IP/2006/page_38.pdf-1,IP/2006/page_38.pdf
finqa_public_test,test,AWK/2012/page_117.pdf-2,AWK/2012/page_117.pdf
finqa_public_test,test,V/2014/page_126.pdf-2,V/2014/page_126.pdf
finqa_public_test,test,UA/2007/page_70.pdf-1,UA/2007/page_70.pdf
finqa_public_test,test,SLG/2011/page_91.pdf-1,SLG/2011/page_91.pdf
finqa_public_test,test,LMT/2016/page_49.pdf-4,LMT/2016/page_49.pdf
finqa_public_test,test,JPM/2008/page_87.pdf-2,JPM/2008/page_87.pdf
finqa_public_test,test,HWM/2018/page_96.pdf-2,HWM/2018/page_96.pdf
finqa_public_test,test,PKG/2013/page_88.pdf-2,PKG/2013/page_88.pdf
finqa_public_test,test,AES/2001/page_33.pdf-1,AES/2001/page_33.pdf
finqa_public_test,test,GS/2018/page_78.pdf-4,GS/2018/page_78.pdf
finqa_public_test,test,STT/2006/page_95.pdf-3,STT/2006/page_95.pdf
finqa_public_test,test,ECL/2016/page_52.pdf-2,ECL/2016/page_52.pdf
finqa_public_test,test,HOLX/2009/page_151.pdf-1,HOLX/2009/page_151.pdf
finqa_public_test,test,RSG/2018/page_94.pdf-2,RSG/2018/page_94.pdf
finqa_public_test,test,MMM/2007/page_23.pdf-1,MMM/2007/page_23.pdf
finqa_public_test,test,LMT/2014/page_91.pdf-2,LMT/2014/page_91.pdf
finqa_public_test,test,FBHS/2017/page_22.pdf-1,FBHS/2017/page_22.pdf
finqa_public_test,test,AAPL/2003/page_48.pdf-2,AAPL/2003/page_48.pdf
finqa_public_test,test,AMT/2007/page_29.pdf-4,AMT/2007/page_29.pdf
finqa_public_test,test,IPG/2006/page_77.pdf-4,IPG/2006/page_77.pdf
finqa_public_test,test,CDNS/2018/page_66.pdf-1,CDNS/2018/page_66.pdf
finqa_public_test,test,AAL/2016/page_8.pdf-3,AAL/2016/page_8.pdf
finqa_public_test,test,CDW/2017/page_38.pdf-1,CDW/2017/page_38.pdf
finqa_public_test,test,AMT/2006/page_113.pdf-4,AMT/2006/page_113.pdf
finqa_public_test,test,C/2008/page_44.pdf-2,C/2008/page_44.pdf
finqa_public_test,test,CME/2010/page_91.pdf-2,CME/2010/page_91.pdf
finqa_public_test,test,ADI/2019/page_29.pdf-2,ADI/2019/page_29.pdf
finqa_public_test,test,ABMD/2007/page_78.pdf-2,ABMD/2007/page_78.pdf
finqa_public_test,test,AMT/2007/page_29.pdf-3,AMT/2007/page_29.pdf
finqa_public_test,test,DVN/2012/page_77.pdf-2,DVN/2012/page_77.pdf
finqa_public_test,test,ETR/2016/page_374.pdf-2,ETR/2016/page_374.pdf
finqa_public_test,test,IPG/2017/page_92.pdf-1,IPG/2017/page_92.pdf
finqa_public_test,test,DRE/2002/page_15.pdf-3,DRE/2002/page_15.pdf
finqa_public_test,test,GPN/2010/page_87.pdf-1,GPN/2010/page_87.pdf
finqa_public_test,test,MSI/2012/page_87.pdf-4,MSI/2012/page_87.pdf
finqa_public_test,test,GS/2013/page_63.pdf-1,GS/2013/page_63.pdf
finqa_public_test,test,ADI/2010/page_80.pdf-2,ADI/2010/page_80.pdf
finqa_public_test,test,MMM/2013/page_75.pdf-2,MMM/2013/page_75.pdf
finqa_public_test,test,UPS/2007/page_98.pdf-2,UPS/2007/page_98.pdf
finqa_public_test,test,GPN/2008/page_78.pdf-4,GPN/2008/page_78.pdf
finqa_public_test,test,MRO/2006/page_93.pdf-4,MRO/2006/page_93.pdf
finqa_public_test,test,CMCSA/2008/page_36.pdf-2,CMCSA/2008/page_36.pdf
finqa_public_test,test,GS/2018/page_78.pdf-3,GS/2018/page_78.pdf
finqa_public_test,test,ABC/2005/page_49.pdf-4,ABC/2005/page_49.pdf
finqa_public_test,test,TFX/2017/page_78.pdf-1,TFX/2017/page_78.pdf
finqa_public_test,test,UNP/2018/page_74.pdf-1,UNP/2018/page_74.pdf
finqa_public_test,test,STT/2009/page_25.pdf-2,STT/2009/page_25.pdf
finqa_public_test,test,CDW/2015/page_93.pdf-4,CDW/2015/page_93.pdf
finqa_public_test,test,IP/2006/page_31.pdf-1,IP/2006/page_31.pdf
finqa_public_test,test,SNA/2012/page_110.pdf-3,SNA/2012/page_110.pdf
finqa_public_test,test,CDW/2015/page_93.pdf-1,CDW/2015/page_93.pdf
finqa_public_test,test,JPM/2010/page_120.pdf-1,JPM/2010/page_120.pdf
finqa_public_test,test,IP/2006/page_35.pdf-2,IP/2006/page_35.pdf
finqa_public_test,test,LMT/2016/page_49.pdf-2,LMT/2016/page_49.pdf
finqa_public_test,test,PKG/2005/page_74.pdf-2,PKG/2005/page_74.pdf
finqa_public_test,test,ETR/2017/page_143.pdf-1,ETR/2017/page_143.pdf
finqa_public_test,test,ETR/2016/page_23.pdf-1,ETR/2016/page_23.pdf
finqa_public_test,test,STT/2006/page_95.pdf-4,STT/2006/page_95.pdf
finqa_public_test,test,MSI/2007/page_70.pdf-1,MSI/2007/page_70.pdf
finqa_public_test,test,AMAT/2018/page_33.pdf-1,AMAT/2018/page_33.pdf
finqa_public_test,test,GS/2012/page_189.pdf-3,GS/2012/page_189.pdf
finqa_public_test,test,IP/2006/page_75.pdf-1,IP/2006/page_75.pdf
finqa_public_test,test,RCL/2016/page_6.pdf-1,RCL/2016/page_6.pdf
finqa_public_test,test,AAL/2016/page_8.pdf-2,AAL/2016/page_8.pdf
finqa_public_test,test,ZBH/2009/page_58.pdf-4,ZBH/2009/page_58.pdf
finqa_public_test,test,PPG/2006/page_42.pdf-1,PPG/2006/page_42.pdf
finqa_public_test,test,PKG/2013/page_88.pdf-1,PKG/2013/page_88.pdf
finqa_public_test,test,AMT/2003/page_102.pdf-3,AMT/2003/page_102.pdf
finqa_public_test,test,ETR/2015/page_17.pdf-2,ETR/2015/page_17.pdf
finqa_public_test,test,ILMN/2008/page_86.pdf-3,ILMN/2008/page_86.pdf
finqa_public_test,test,INTC/2015/page_41.pdf-2,INTC/2015/page_41.pdf
finqa_public_test,test,AMT/2014/page_160.pdf-3,AMT/2014/page_160.pdf
finqa_public_test,test,JPM/2014/page_70.pdf-2,JPM/2014/page_70.pdf
finqa_public_test,test,PPG/2012/page_29.pdf-2,PPG/2012/page_29.pdf
finqa_public_test,test,AAPL/2004/page_68.pdf-1,AAPL/2004/page_68.pdf
finqa_public_test,test,STT/2009/page_127.pdf-3,STT/2009/page_127.pdf
finqa_public_test,test,DISCA/2011/page_49.pdf-3,DISCA/2011/page_49.pdf
finqa_public_test,test,ETR/2016/page_150.pdf-1,ETR/2016/page_150.pdf
finqa_public_test,test,WRK/2018/page_107.pdf-4,WRK/2018/page_107.pdf
finqa_public_test,test,GS/2018/page_69.pdf-4,GS/2018/page_69.pdf
finqa_public_test,test,AMT/2007/page_29.pdf-2,AMT/2007/page_29.pdf
finqa_public_test,test,SLG/2001/page_48.pdf-2,SLG/2001/page_48.pdf
finqa_public_test,test,AAL/2010/page_72.pdf-3,AAL/2010/page_72.pdf
finqa_public_test,test,MRO/2017/page_96.pdf-1,MRO/2017/page_96.pdf
finqa_public_test,test,IPG/2008/page_72.pdf-1,IPG/2008/page_72.pdf
finqa_public_test,test,ETR/2015/page_17.pdf-4,ETR/2015/page_17.pdf
finqa_public_test,test,STT/2007/page_111.pdf-2,STT/2007/page_111.pdf
finqa_public_test,test,UNP/2007/page_25.pdf-2,UNP/2007/page_25.pdf
finqa_public_test,test,BLL/2012/page_31.pdf-1,BLL/2012/page_31.pdf
finqa_public_test,test,C/2015/page_96.pdf-1,C/2015/page_96.pdf
finqa_public_test,test,AMT/2008/page_107.pdf-1,AMT/2008/page_107.pdf
finqa_public_test,test,PPG/2008/page_52.pdf-1,PPG/2008/page_52.pdf
finqa_public_test,test,BLK/2015/page_124.pdf-1,BLK/2015/page_124.pdf
finqa_public_test,test,FIS/2006/page_31.pdf-1,FIS/2006/page_31.pdf
finqa_public_test,test,ZBH/2008/page_57.pdf-4,ZBH/2008/page_57.pdf
finqa_public_test,test,GS/2017/page_179.pdf-3,GS/2017/page_179.pdf
finqa_public_test,test,JPM/2009/page_175.pdf-5,JPM/2009/page_175.pdf
finqa_public_test,test,RCL/2012/page_75.pdf-2,RCL/2012/page_75.pdf
finqa_public_test,test,KHC/2018/page_132.pdf-3,KHC/2018/page_132.pdf
finqa_public_test,test,IP/2006/page_35.pdf-1,IP/2006/page_35.pdf
finqa_public_test,test,AMT/2014/page_160.pdf-1,AMT/2014/page_160.pdf
finqa_public_test,test,C/2009/page_243.pdf-2,C/2009/page_243.pdf
finqa_public_test,test,MKTX/2004/page_99.pdf-4,MKTX/2004/page_99.pdf
finqa_public_test,test,BLK/2012/page_33.pdf-1,BLK/2012/page_33.pdf
finqa_public_test,test,AMT/2014/page_160.pdf-2,AMT/2014/page_160.pdf
finqa_public_test,test,AWK/2017/page_148.pdf-1,AWK/2017/page_148.pdf
finqa_public_test,test,GRMN/2008/page_73.pdf-1,GRMN/2008/page_73.pdf
finqa_public_test,test,GS/2013/page_72.pdf-2,GS/2013/page_72.pdf
finqa_public_test,test,ZBH/2008/page_57.pdf-1,ZBH/2008/page_57.pdf
finqa_public_test,test,LMT/2014/page_50.pdf-1,LMT/2014/page_50.pdf
finqa_public_test,test,PNC/2012/page_247.pdf-1,PNC/2012/page_247.pdf
finqa_public_test,test,GS/2014/page_165.pdf-2,GS/2014/page_165.pdf
finqa_public_test,test,AMT/2005/page_102.pdf-3,AMT/2005/page_102.pdf
finqa_public_test,test,AON/2015/page_96.pdf-2,AON/2015/page_96.pdf
finqa_public_test,test,ADI/2010/page_60.pdf-1,ADI/2010/page_60.pdf
finqa_public_test,test,C/2008/page_44.pdf-1,C/2008/page_44.pdf
finqa_public_test,test,ADBE/1999/page_64.pdf-1,ADBE/1999/page_64.pdf
finqa_public_test,test,SLG/2011/page_91.pdf-4,SLG/2011/page_91.pdf
finqa_public_test,test,GS/2013/page_126.pdf-1,GS/2013/page_126.pdf
finqa_public_test,test,ETR/2004/page_281.pdf-1,ETR/2004/page_281.pdf
finqa_public_test,test,AES/2001/page_85.pdf-1,AES/2001/page_85.pdf
finqa_public_test,test,ABC/2005/page_49.pdf-1,ABC/2005/page_49.pdf
finqa_public_test,test,UNP/2018/page_74.pdf-2,UNP/2018/page_74.pdf
finqa_public_test,test,MSI/2014/page_76.pdf-1,MSI/2014/page_76.pdf
finqa_public_test,test,ETFC/2012/page_24.pdf-2,ETFC/2012/page_24.pdf
finqa_public_test,test,UA/2011/page_69.pdf-1,UA/2011/page_69.pdf
finqa_public_test,test,RL/2008/page_23.pdf-1,RL/2008/page_23.pdf
finqa_public_test,test,PNC/2012/page_100.pdf-1,PNC/2012/page_100.pdf
finqa_public_test,test,HWM/2015/page_173.pdf-1,HWM/2015/page_173.pdf
finqa_public_test,test,ECL/2017/page_94.pdf-1,ECL/2017/page_94.pdf
finqa_public_test,test,NKE/2009/page_43.pdf-1,NKE/2009/page_43.pdf
finqa_public_test,test,CME/2017/page_40.pdf-1,CME/2017/page_40.pdf
finqa_public_test,test,MMM/2015/page_93.pdf-2,MMM/2015/page_93.pdf
finqa_public_test,test,GS/2013/page_126.pdf-2,GS/2013/page_126.pdf
finqa_public_test,test,AON/2007/page_188.pdf-2,AON/2007/page_188.pdf
finqa_public_test,test,GS/2017/page_132.pdf-3,GS/2017/page_132.pdf
finqa_public_test,test,UNP/2010/page_21.pdf-1,UNP/2010/page_21.pdf
finqa_public_test,test,ADBE/2008/page_74.pdf-2,ADBE/2008/page_74.pdf
finqa_public_test,test,MRK/2013/page_125.pdf-4,MRK/2013/page_125.pdf
finqa_public_test,test,SYY/2006/page_71.pdf-2,SYY/2006/page_71.pdf
finqa_public_test,test,JPM/2009/page_175.pdf-1,JPM/2009/page_175.pdf
finqa_public_test,test,MMM/2007/page_84.pdf-1,MMM/2007/page_84.pdf
finqa_public_test,test,MAS/2017/page_27.pdf-4,MAS/2017/page_27.pdf
finqa_public_test,test,IPG/2006/page_77.pdf-2,IPG/2006/page_77.pdf
finqa_public_test,test,JPM/2008/page_87.pdf-1,JPM/2008/page_87.pdf
finqa_public_test,test,AMT/2008/page_107.pdf-4,AMT/2008/page_107.pdf
finqa_public_test,test,RSG/2009/page_140.pdf-1,RSG/2009/page_140.pdf
finqa_public_test,test,SLB/2012/page_56.pdf-1,SLB/2012/page_56.pdf
finqa_public_test,test,TMUS/2017/page_29.pdf-2,TMUS/2017/page_29.pdf
finqa_public_test,test,UPS/2016/page_114.pdf-2,UPS/2016/page_114.pdf
finqa_public_test,test,MRO/2017/page_96.pdf-3,MRO/2017/page_96.pdf
finqa_public_test,test,GS/2013/page_220.pdf-1,GS/2013/page_220.pdf
finqa_public_test,test,LKQ/2016/page_87.pdf-1,LKQ/2016/page_87.pdf
finqa_public_test,test,SNA/2013/page_84.pdf-1,SNA/2013/page_84.pdf
finqa_public_test,test,DVN/2015/page_79.pdf-3,DVN/2015/page_79.pdf
finqa_public_test,test,FIS/2017/page_64.pdf-4,FIS/2017/page_64.pdf
finqa_public_test,test,LMT/2014/page_77.pdf-3,LMT/2014/page_77.pdf
finqa_public_test,test,ETFC/2012/page_43.pdf-1,ETFC/2012/page_43.pdf
finqa_public_test,test,HWM/2017/page_42.pdf-2,HWM/2017/page_42.pdf
finqa_public_test,test,GRMN/2006/page_68.pdf-2,GRMN/2006/page_68.pdf
finqa_public_test,test,JPM/2003/page_106.pdf-1,JPM/2003/page_106.pdf
finqa_public_test,test,PNC/2012/page_247.pdf-2,PNC/2012/page_247.pdf
finqa_public_test,test,SLG/2011/page_91.pdf-3,SLG/2011/page_91.pdf
finqa_public_test,test,PNC/2012/page_65.pdf-5,PNC/2012/page_65.pdf
finqa_public_test,test,MS/2013/page_132.pdf-1,MS/2013/page_132.pdf
finqa_public_test,test,GPN/2010/page_89.pdf-2,GPN/2010/page_89.pdf
finqa_public_test,test,TFX/2015/page_89.pdf-1,TFX/2015/page_89.pdf
finqa_public_test,test,ETR/2011/page_17.pdf-3,ETR/2011/page_17.pdf
finqa_public_test,test,CDW/2015/page_93.pdf-3,CDW/2015/page_93.pdf
finqa_public_test,test,FIS/2016/page_31.pdf-1,FIS/2016/page_31.pdf
finqa_public_test,test,IP/2009/page_84.pdf-1,IP/2009/page_84.pdf
finqa_public_test,test,CDW/2017/page_38.pdf-2,CDW/2017/page_38.pdf
finqa_public_test,test,SYY/2005/page_70.pdf-2,SYY/2005/page_70.pdf
finqa_public_test,test,CB/2008/page_229.pdf-4,CB/2008/page_229.pdf
finqa_public_test,test,GS/2013/page_72.pdf-1,GS/2013/page_72.pdf
finqa_public_test,test,GIS/2019/page_68.pdf-1,GIS/2019/page_68.pdf
finqa_public_test,test,CME/2017/page_89.pdf-3,CME/2017/page_89.pdf
finqa_public_test,test,AWK/2013/page_122.pdf-2,AWK/2013/page_122.pdf
finqa_public_test,test,V/2008/page_180.pdf-2,V/2008/page_180.pdf
finqa_public_test,test,AAL/2010/page_72.pdf-1,AAL/2010/page_72.pdf
finqa_public_test,test,ETR/2004/page_212.pdf-1,ETR/2004/page_212.pdf
finqa_public_test,test,MRO/2004/page_46.pdf-4,MRO/2004/page_46.pdf
finqa_public_test,test,AES/2001/page_33.pdf-4,AES/2001/page_33.pdf
finqa_public_test,test,LMT/2014/page_50.pdf-2,LMT/2014/page_50.pdf
finqa_public_test,test,AMAT/2013/page_37.pdf-1,AMAT/2013/page_37.pdf
finqa_public_test,test,C/2009/page_63.pdf-3,C/2009/page_63.pdf
finqa_public_test,test,ADBE/2008/page_74.pdf-1,ADBE/2008/page_74.pdf
finqa_public_test,test,HIG/2011/page_53.pdf-3,HIG/2011/page_53.pdf
finqa_public_test,test,BLL/2010/page_37.pdf-3,BLL/2010/page_37.pdf
finqa_public_test,test,JPM/2005/page_80.pdf-1,JPM/2005/page_80.pdf
finqa_public_test,test,CDNS/2015/page_30.pdf-3,CDNS/2015/page_30.pdf
finqa_public_test,test,RSG/2013/page_123.pdf-1,RSG/2013/page_123.pdf
finqa_public_test,test,ECL/2017/page_69.pdf-1,ECL/2017/page_69.pdf
finqa_public_test,test,GS/2013/page_85.pdf-1,GS/2013/page_85.pdf
finqa_public_test,test,GS/2018/page_69.pdf-3,GS/2018/page_69.pdf
finqa_public_test,test,JPM/2010/page_281.pdf-2,JPM/2010/page_281.pdf
finqa_public_test,test,AMT/2006/page_113.pdf-1,AMT/2006/page_113.pdf
finqa_public_test,test,ETR/2004/page_212.pdf-4,ETR/2004/page_212.pdf
finqa_public_test,test,ECL/2017/page_79.pdf-1,ECL/2017/page_79.pdf
finqa_public_test,test,CME/2010/page_69.pdf-1,CME/2010/page_69.pdf
finqa_public_test,test,JPM/2015/page_137.pdf-1,JPM/2015/page_137.pdf
finqa_public_test,test,AWK/2018/page_146.pdf-4,AWK/2018/page_146.pdf
finqa_public_test,test,GIS/2018/page_110.pdf-3,GIS/2018/page_110.pdf
finqa_public_test,test,GPN/2013/page_87.pdf-1,GPN/2013/page_87.pdf
finqa_public_test,test,GPN/2013/page_92.pdf-2,GPN/2013/page_92.pdf
finqa_public_test,test,ETR/2017/page_143.pdf-2,ETR/2017/page_143.pdf
finqa_public_test,test,DISH/2011/page_122.pdf-3,DISH/2011/page_122.pdf
finqa_public_test,test,HWM/2018/page_96.pdf-1,HWM/2018/page_96.pdf
finqa_public_test,test,CE/2009/page_65.pdf-2,CE/2009/page_65.pdf
finqa_public_test,test,FIS/2012/page_48.pdf-3,FIS/2012/page_48.pdf
finqa_public_test,test,GS/2013/page_149.pdf-4,GS/2013/page_149.pdf
finqa_public_test,test,BLL/2006/page_67.pdf-2,BLL/2006/page_67.pdf
finqa_public_test,test,FIS/2016/page_9.pdf-4,FIS/2016/page_9.pdf
finqa_public_test,test,GS/2018/page_69.pdf-2,GS/2018/page_69.pdf
finqa_public_test,test,DVN/2012/page_77.pdf-1,DVN/2012/page_77.pdf
finqa_public_test,test,ECL/2017/page_94.pdf-2,ECL/2017/page_94.pdf
finqa_public_test,test,SNA/2013/page_83.pdf-1,SNA/2013/page_83.pdf
finqa_public_test,test,FIS/2006/page_31.pdf-2,FIS/2006/page_31.pdf
finqa_public_test,test,AMT/2012/page_144.pdf-2,AMT/2012/page_144.pdf
finqa_public_test,test,GPN/2013/page_92.pdf-3,GPN/2013/page_92.pdf
finqa_public_test,test,V/2014/page_126.pdf-1,V/2014/page_126.pdf
finqa_public_test,test,SLG/2011/page_91.pdf-2,SLG/2011/page_91.pdf
finqa_public_test,test,ILMN/2008/page_86.pdf-4,ILMN/2008/page_86.pdf
finqa_public_test,test,MAS/2012/page_26.pdf-1,MAS/2012/page_26.pdf
finqa_public_test,test,UPS/2010/page_52.pdf-4,UPS/2010/page_52.pdf
finqa_public_test,test,AMT/2012/page_118.pdf-1,AMT/2012/page_118.pdf
finqa_public_test,test,AON/2007/page_188.pdf-1,AON/2007/page_188.pdf
finqa_public_test,test,CDW/2015/page_70.pdf-2,CDW/2015/page_70.pdf
finqa_public_test,test,LMT/2014/page_77.pdf-2,LMT/2014/page_77.pdf
finqa_public_test,test,GPN/2008/page_78.pdf-1,GPN/2008/page_78.pdf
finqa_public_test,test,AON/2007/page_171.pdf-2,AON/2007/page_171.pdf
finqa_public_test,test,HOLX/2009/page_127.pdf-2,HOLX/2009/page_127.pdf
finqa_public_test,test,PNC/2015/page_93.pdf-2,PNC/2015/page_93.pdf
finqa_public_test,test,C/2008/page_65.pdf-1,C/2008/page_65.pdf
finqa_public_test,test,AMT/2006/page_113.pdf-2,AMT/2006/page_113.pdf
finqa_public_test,test,DVN/2018/page_35.pdf-2,DVN/2018/page_35.pdf
finqa_public_test,test,AWK/2018/page_146.pdf-3,AWK/2018/page_146.pdf
finqa_public_test,test,HIG/2011/page_53.pdf-1,HIG/2011/page_53.pdf
finqa_public_test,test,NWS/2017/page_119.pdf-1,NWS/2017/page_119.pdf
finqa_public_test,test,MRO/2008/page_45.pdf-4,MRO/2008/page_45.pdf
finqa_public_test,test,JPM/2014/page_122.pdf-1,JPM/2014/page_122.pdf
finqa_public_test,test,MO/2016/page_19.pdf-2,MO/2016/page_19.pdf
finqa_public_test,test,TFX/2015/page_89.pdf-2,TFX/2015/page_89.pdf
finqa_public_test,test,AMT/2008/page_94.pdf-2,AMT/2008/page_94.pdf
finqa_public_test,test,AMT/2006/page_104.pdf-3,AMT/2006/page_104.pdf
finqa_public_test,test,RSG/2015/page_98.pdf-1,RSG/2015/page_98.pdf
finqa_public_test,test,MO/2014/page_62.pdf-2,MO/2014/page_62.pdf
finqa_public_test,test,NCLH/2018/page_64.pdf-2,NCLH/2018/page_64.pdf
finqa_public_test,test,STT/2006/page_95.pdf-1,STT/2006/page_95.pdf
finqa_public_test,test,PNC/2012/page_174.pdf-3,PNC/2012/page_174.pdf
finqa_public_test,test,MAS/2017/page_27.pdf-3,MAS/2017/page_27.pdf
finqa_public_test,test,HOLX/2009/page_127.pdf-1,HOLX/2009/page_127.pdf
finqa_public_test,test,AOS/2010/page_18.pdf-1,AOS/2010/page_18.pdf
finqa_public_test,test,GPN/2013/page_87.pdf-2,GPN/2013/page_87.pdf
finqa_public_test,test,STT/2011/page_69.pdf-2,STT/2011/page_69.pdf
finqa_public_test,test,HUM/2009/page_105.pdf-1,HUM/2009/page_105.pdf
finqa_public_test,test,HIG/2004/page_140.pdf-3,HIG/2004/page_140.pdf
finqa_public_test,test,GS/2018/page_69.pdf-1,GS/2018/page_69.pdf
finqa_public_test,test,EL/2008/page_59.pdf-1,EL/2008/page_59.pdf
finqa_public_test,test,PNC/2012/page_100.pdf-2,PNC/2012/page_100.pdf
finqa_public_test,test,UAA/2016/page_42.pdf-3,UAA/2016/page_42.pdf
finqa_public_test,test,HII/2015/page_88.pdf-1,HII/2015/page_88.pdf
finqa_public_test,test,MRO/2004/page_125.pdf-2,MRO/2004/page_125.pdf
finqa_public_test,test,GPN/2013/page_87.pdf-3,GPN/2013/page_87.pdf
finqa_public_test,test,AWK/2013/page_122.pdf-1,AWK/2013/page_122.pdf
finqa_public_test,test,MRO/2017/page_96.pdf-2,MRO/2017/page_96.pdf
finqa_public_test,test,AAL/2013/page_172.pdf-1,AAL/2013/page_172.pdf
finqa_public_test,test,HII/2015/page_121.pdf-2,HII/2015/page_121.pdf
finqa_public_test,test,DG/2010/page_136.pdf-2,DG/2010/page_136.pdf
finqa_public_test,test,MRO/2007/page_136.pdf-1,MRO/2007/page_136.pdf
finqa_public_test,test,DXC/2018/page_56.pdf-3,DXC/2018/page_56.pdf
finqa_public_test,test,GS/2015/page_188.pdf-4,GS/2015/page_188.pdf
finqa_public_test,test,AAL/2016/page_8.pdf-1,AAL/2016/page_8.pdf
finqa_public_test,test,ETR/2013/page_21.pdf-4,ETR/2013/page_21.pdf
finqa_public_test,test,JPM/2018/page_90.pdf-6,JPM/2018/page_90.pdf
finqa_public_test,test,UNP/2011/page_33.pdf-1,UNP/2011/page_33.pdf
finqa_public_test,test,AMT/2012/page_118.pdf-4,AMT/2012/page_118.pdf
finqa_public_test,test,JPM/2008/page_117.pdf-1,JPM/2008/page_117.pdf
finqa_public_test,test,C/2008/page_65.pdf-2,C/2008/page_65.pdf
finqa_public_test,test,DG/2009/page_77.pdf-1,DG/2009/page_77.pdf
finqa_public_test,test,DRE/2002/page_15.pdf-1,DRE/2002/page_15.pdf
finqa_public_test,test,SNA/2007/page_69.pdf-1,SNA/2007/page_69.pdf
finqa_public_test,test,HOLX/2006/page_71.pdf-1,HOLX/2006/page_71.pdf
finqa_public_test,test,ETR/2011/page_17.pdf-2,ETR/2011/page_17.pdf
finqa_public_test,test,CDNS/2015/page_30.pdf-4,CDNS/2015/page_30.pdf
finqa_public_test,test,GS/2017/page_132.pdf-1,GS/2017/page_132.pdf
finqa_public_test,test,MO/2014/page_39.pdf-1,MO/2014/page_39.pdf
finqa_public_test,test,UNP/2009/page_35.pdf-2,UNP/2009/page_35.pdf
finqa_public_test,test,AWK/2018/page_146.pdf-1,AWK/2018/page_146.pdf
finqa_public_test,test,HII/2015/page_121.pdf-1,HII/2015/page_121.pdf
finqa_public_test,test,GS/2018/page_78.pdf-2,GS/2018/page_78.pdf
finqa_public_test,test,IP/2009/page_45.pdf-1,IP/2009/page_45.pdf
finqa_public_test,test,PNC/2012/page_247.pdf-4,PNC/2012/page_247.pdf
finqa_public_test,test,AMT/2016/page_49.pdf-2,AMT/2016/page_49.pdf
finqa_public_test,test,RCL/2012/page_75.pdf-3,RCL/2012/page_75.pdf
finqa_public_test,test,GS/2017/page_132.pdf-4,GS/2017/page_132.pdf
finqa_public_test,test,ZBH/2009/page_58.pdf-1,ZBH/2009/page_58.pdf
finqa_public_test,test,AMAT/2018/page_33.pdf-2,AMAT/2018/page_33.pdf
finqa_public_test,test,BLK/2012/page_145.pdf-2,BLK/2012/page_145.pdf
finqa_public_test,test,SNA/2007/page_29.pdf-1,SNA/2007/page_29.pdf
finqa_public_test,test,MSI/2008/page_69.pdf-2,MSI/2008/page_69.pdf
finqa_public_test,test,STT/2006/page_95.pdf-2,STT/2006/page_95.pdf
finqa_public_test,test,AMT/2007/page_29.pdf-1,AMT/2007/page_29.pdf
finqa_public_test,test,BLL/2011/page_32.pdf-3,BLL/2011/page_32.pdf
finqa_public_test,test,MRO/2008/page_45.pdf-3,MRO/2008/page_45.pdf
finqa_public_test,test,MRK/2013/page_3.pdf-1,MRK/2013/page_3.pdf
finqa_public_test,test,CE/2013/page_16.pdf-1,CE/2013/page_16.pdf
finqa_public_test,test,ETR/2008/page_442.pdf-2,ETR/2008/page_442.pdf
finqa_public_test,test,CB/2008/page_229.pdf-2,CB/2008/page_229.pdf
finqa_public_test,test,AMT/2010/page_99.pdf-2,AMT/2010/page_99.pdf
finqa_public_test,test,GS/2014/page_74.pdf-2,GS/2014/page_74.pdf
finqa_public_test,test,AON/2018/page_87.pdf-4,AON/2018/page_87.pdf
finqa_public_test,test,GPN/2008/page_78.pdf-3,GPN/2008/page_78.pdf
finqa_public_test,test,GS/2012/page_142.pdf-4,GS/2012/page_142.pdf
finqa_public_test,test,GS/2013/page_149.pdf-3,GS/2013/page_149.pdf
finqa_public_test,test,BLL/2010/page_35.pdf-4,BLL/2010/page_35.pdf
finqa_public_test,test,MRO/2013/page_19.pdf-4,MRO/2013/page_19.pdf
finqa_public_test,test,APD/2018/page_121.pdf-2,APD/2018/page_121.pdf
finqa_public_test,test,AWK/2014/page_121.pdf-3,AWK/2014/page_121.pdf
finqa_public_test,test,HUM/2017/page_118.pdf-2,HUM/2017/page_118.pdf
finqa_public_test,test,UPS/2010/page_52.pdf-3,UPS/2010/page_52.pdf
finqa_public_test,test,DISCA/2014/page_64.pdf-2,DISCA/2014/page_64.pdf
finqa_public_test,test,AAPL/2006/page_100.pdf-1,AAPL/2006/page_100.pdf
finqa_public_test,test,K/2013/page_23.pdf-2,K/2013/page_23.pdf
finqa_public_test,test,APD/2016/page_40.pdf-1,APD/2016/page_40.pdf
finqa_public_test,test,GS/2013/page_63.pdf-2,GS/2013/page_63.pdf
finqa_public_test,test,ABMD/2012/page_41.pdf-1,ABMD/2012/page_41.pdf
finqa_public_test,test,RSG/2018/page_135.pdf-1,RSG/2018/page_135.pdf
finqa_public_test,test,ETR/2004/page_212.pdf-2,ETR/2004/page_212.pdf
finqa_public_test,test,V/2008/page_180.pdf-3,V/2008/page_180.pdf
finqa_public_test,test,AMT/2008/page_94.pdf-3,AMT/2008/page_94.pdf
finqa_public_test,test,C/2009/page_243.pdf-1,C/2009/page_243.pdf
finqa_public_test,test,EMR/2017/page_78.pdf-1,EMR/2017/page_78.pdf
finqa_public_test,test,ILMN/2003/page_58.pdf-3,ILMN/2003/page_58.pdf
finqa_public_test,test,AMT/2003/page_27.pdf-3,AMT/2003/page_27.pdf
finqa_public_test,test,RSG/2010/page_98.pdf-2,RSG/2010/page_98.pdf
finqa_public_test,test,MS/2007/page_179.pdf-2,MS/2007/page_179.pdf
finqa_public_test,test,NKE/2009/page_43.pdf-2,NKE/2009/page_43.pdf
finqa_public_test,test,JPM/2012/page_140.pdf-1,JPM/2012/page_140.pdf
finqa_public_test,test,GS/2014/page_74.pdf-1,GS/2014/page_74.pdf
finqa_public_test,test,AMT/2006/page_104.pdf-2,AMT/2006/page_104.pdf
finqa_public_test,test,AOS/2010/page_18.pdf-2,AOS/2010/page_18.pdf
finqa_public_test,test,DRE/2008/page_46.pdf-1,DRE/2008/page_46.pdf
finqa_public_test,test,ETR/2011/page_301.pdf-3,ETR/2011/page_301.pdf
finqa_public_test,test,PKG/2005/page_74.pdf-1,PKG/2005/page_74.pdf
finqa_public_test,test,SNA/2007/page_29.pdf-3,SNA/2007/page_29.pdf
finqa_public_test,test,PPG/2006/page_42.pdf-2,PPG/2006/page_42.pdf
finqa_public_test,test,HUM/2009/page_105.pdf-2,HUM/2009/page_105.pdf
finqa_public_test,test,HOLX/2009/page_151.pdf-2,HOLX/2009/page_151.pdf
finqa_public_test,test,RSG/2010/page_98.pdf-1,RSG/2010/page_98.pdf
finqa_public_test,test,AMT/2012/page_50.pdf-2,AMT/2012/page_50.pdf
finqa_public_test,test,JPM/2003/page_106.pdf-4,JPM/2003/page_106.pdf
finqa_public_test,test,GS/2015/page_188.pdf-3,GS/2015/page_188.pdf
finqa_public_test,test,GS/2013/page_220.pdf-4,GS/2013/page_220.pdf
finqa_public_test,test,DVN/2018/page_35.pdf-3,DVN/2018/page_35.pdf
finqa_public_test,test,AAL/2010/page_72.pdf-2,AAL/2010/page_72.pdf
finqa_public_test,test,TMUS/2017/page_29.pdf-4,TMUS/2017/page_29.pdf
finqa_public_test,test,D/2002/page_87.pdf-2,D/2002/page_87.pdf
finqa_public_test,test,AMT/2003/page_102.pdf-1,AMT/2003/page_102.pdf
finqa_public_test,test,BLL/2006/page_67.pdf-4,BLL/2006/page_67.pdf
finqa_public_test,test,ETR/2008/page_442.pdf-1,ETR/2008/page_442.pdf
finqa_public_test,test,GS/2012/page_121.pdf-1,GS/2012/page_121.pdf
finqa_public_test,test,MS/2007/page_179.pdf-1,MS/2007/page_179.pdf
finqa_public_test,test,AAL/2013/page_18.pdf-3,AAL/2013/page_18.pdf
finqa_public_test,test,IPG/2008/page_72.pdf-2,IPG/2008/page_72.pdf
finqa_public_test,test,MRO/2006/page_93.pdf-1,MRO/2006/page_93.pdf
finqa_public_test,test,UNP/2010/page_21.pdf-2,UNP/2010/page_21.pdf
finqa_public_test,test,MRK/2013/page_125.pdf-3,MRK/2013/page_125.pdf
finqa_public_test,test,ABMD/2005/page_29.pdf-1,ABMD/2005/page_29.pdf
finqa_public_test,test,JPM/2003/page_106.pdf-2,JPM/2003/page_106.pdf
finqa_public_test,test,MKTX/2012/page_42.pdf-2,MKTX/2012/page_42.pdf
finqa_public_test,test,AON/2015/page_96.pdf-4,AON/2015/page_96.pdf
finqa_public_test,test,GS/2014/page_40.pdf-1,GS/2014/page_40.pdf
finqa_public_test,test,TMUS/2017/page_29.pdf-3,TMUS/2017/page_29.pdf
finqa_public_test,test,MO/2014/page_39.pdf-2,MO/2014/page_39.pdf
finqa_public_test,test,BKNG/2016/page_33.pdf-2,BKNG/2016/page_33.pdf
finqa_public_test,test,GRMN/2006/page_68.pdf-1,GRMN/2006/page_68.pdf
finqa_public_test,test,CME/2017/page_89.pdf-4,CME/2017/page_89.pdf
finqa_public_test,test,DISH/2010/page_117.pdf-1,DISH/2010/page_117.pdf
finqa_public_test,test,BKR/2017/page_56.pdf-1,BKR/2017/page_56.pdf
finqa_public_test,test,MSI/2012/page_87.pdf-2,MSI/2012/page_87.pdf
finqa_public_test,test,BLL/2010/page_35.pdf-3,BLL/2010/page_35.pdf
finqa_public_test,test,AES/2010/page_227.pdf-2,AES/2010/page_227.pdf
finqa_public_test,test,ADBE/2008/page_74.pdf-3,ADBE/2008/page_74.pdf
finqa_public_test,test,CME/2010/page_123.pdf-3,CME/2010/page_123.pdf
finqa_public_test,test,UA/2011/page_69.pdf-2,UA/2011/page_69.pdf
finqa_public_test,test,NWS/2019/page_116.pdf-2,NWS/2019/page_116.pdf
finqa_public_test,test,AMT/2005/page_102.pdf-1,AMT/2005/page_102.pdf
finqa_public_test,test,ABMD/2008/page_86.pdf-2,ABMD/2008/page_86.pdf
finqa_public_test,test,JPM/2003/page_106.pdf-3,JPM/2003/page_106.pdf
finqa_public_test,test,LMT/2015/page_89.pdf-2,LMT/2015/page_89.pdf
finqa_public_test,test,HOLX/2003/page_52.pdf-1,HOLX/2003/page_52.pdf
finqa_public_test,test,RSG/2015/page_98.pdf-2,RSG/2015/page_98.pdf
finqa_public_test,test,INTC/2013/page_31.pdf-4,INTC/2013/page_31.pdf
finqa_public_test,test,DVN/2018/page_35.pdf-4,DVN/2018/page_35.pdf
finqa_public_test,test,GS/2015/page_171.pdf-2,GS/2015/page_171.pdf
finqa_public_test,test,C/2008/page_65.pdf-3,C/2008/page_65.pdf
finqa_public_test,test,UPS/2010/page_52.pdf-2,UPS/2010/page_52.pdf
finqa_public_test,test,SNA/2018/page_31.pdf-3,SNA/2018/page_31.pdf
finqa_public_test,test,GIS/2017/page_31.pdf-2,GIS/2017/page_31.pdf
finqa_public_test,test,AON/2007/page_188.pdf-3,AON/2007/page_188.pdf
finqa_public_test,test,GS/2017/page_86.pdf-4,GS/2017/page_86.pdf
finqa_public_test,test,IPG/2008/page_72.pdf-3,IPG/2008/page_72.pdf
finqa_public_test,test,PNC/2008/page_122.pdf-2,PNC/2008/page_122.pdf
finqa_public_test,test,PNC/2012/page_100.pdf-3,PNC/2012/page_100.pdf
finqa_public_test,test,ETR/2004/page_239.pdf-4,ETR/2004/page_239.pdf
finqa_public_test,test,AAL/2014/page_15.pdf-4,AAL/2014/page_15.pdf
finqa_public_test,test,GS/2017/page_179.pdf-2,GS/2017/page_179.pdf
finqa_public_test,test,RSG/2010/page_57.pdf-2,RSG/2010/page_57.pdf
finqa_public_test,test,HIG/2011/page_53.pdf-2,HIG/2011/page_53.pdf
finqa_public_test,test,ABMD/2012/page_79.pdf-1,ABMD/2012/page_79.pdf
finqa_public_test,test,LMT/2014/page_91.pdf-1,LMT/2014/page_91.pdf
finqa_public_test,test,ETR/2013/page_21.pdf-1,ETR/2013/page_21.pdf
finqa_public_test,test,UPS/2012/page_32.pdf-3,UPS/2012/page_32.pdf
finqa_public_test,test,GRMN/2008/page_85.pdf-2,GRMN/2008/page_85.pdf
finqa_public_test,test,FIS/2012/page_48.pdf-2,FIS/2012/page_48.pdf
finqa_public_test,test,DG/2005/page_44.pdf-3,DG/2005/page_44.pdf
finqa_public_test,test,AWK/2012/page_117.pdf-1,AWK/2012/page_117.pdf
finqa_public_test,test,ILMN/2003/page_58.pdf-2,ILMN/2003/page_58.pdf
finqa_public_test,test,SNA/2018/page_31.pdf-2,SNA/2018/page_31.pdf
finqa_public_test,test,PNC/2007/page_92.pdf-1,PNC/2007/page_92.pdf
finqa_public_test,test,AAPL/2005/page_43.pdf-2,AAPL/2005/page_43.pdf
finqa_public_test,test,RSG/2016/page_139.pdf-2,RSG/2016/page_139.pdf
finqa_public_test,test,UAA/2016/page_42.pdf-4,UAA/2016/page_42.pdf
finqa_public_test,test,STT/2009/page_127.pdf-1,STT/2009/page_127.pdf
finqa_public_test,test,MS/2013/page_132.pdf-2,MS/2013/page_132.pdf
finqa_public_test,test,AAL/2014/page_15.pdf-2,AAL/2014/page_15.pdf
finqa_public_test,test,MRO/2004/page_125.pdf-1,MRO/2004/page_125.pdf
finqa_public_test,test,DRE/2002/page_15.pdf-4,DRE/2002/page_15.pdf
finqa_public_test,test,JPM/2014/page_70.pdf-1,JPM/2014/page_70.pdf
finqa_public_test,test,SNA/2007/page_49.pdf-3,SNA/2007/page_49.pdf
finqa_public_test,test,SNA/2007/page_29.pdf-2,SNA/2007/page_29.pdf
finqa_public_test,test,APD/2018/page_30.pdf-2,APD/2018/page_30.pdf
finqa_public_test,test,ETR/2011/page_301.pdf-2,ETR/2011/page_301.pdf
finqa_public_test,test,BLL/2011/page_32.pdf-2,BLL/2011/page_32.pdf
finqa_public_test,test,JPM/2010/page_120.pdf-2,JPM/2010/page_120.pdf
finqa_public_test,test,UPS/2012/page_32.pdf-1,UPS/2012/page_32.pdf
finqa_public_test,test,GS/2017/page_179.pdf-1,GS/2017/page_179.pdf
finqa_public_test,test,BLL/2010/page_35.pdf-1,BLL/2010/page_35.pdf
finqa_public_test,test,JPM/2012/page_140.pdf-2,JPM/2012/page_140.pdf
finqa_public_test,test,MRO/2013/page_39.pdf-1,MRO/2013/page_39.pdf
finqa_public_test,test,SLG/2001/page_48.pdf-1,SLG/2001/page_48.pdf
finqa_public_test,test,MSI/2007/page_70.pdf-3,MSI/2007/page_70.pdf
finqa_public_test,test,PPG/2018/page_85.pdf-1,PPG/2018/page_85.pdf
finqa_public_test,test,PPG/2012/page_29.pdf-1,PPG/2012/page_29.pdf
finqa_public_test,test,GS/2012/page_142.pdf-3,GS/2012/page_142.pdf
finqa_public_test,test,CME/2017/page_89.pdf-1,CME/2017/page_89.pdf
finqa_public_test,test,CME/2017/page_89.pdf-2,CME/2017/page_89.pdf
finqa_public_test,test,AON/2007/page_171.pdf-4,AON/2007/page_171.pdf
finqa_public_test,test,ETR/2015/page_17.pdf-1,ETR/2015/page_17.pdf
finqa_public_test,test,GS/2012/page_142.pdf-1,GS/2012/page_142.pdf
finqa_public_test,test,LMT/2012/page_73.pdf-1,LMT/2012/page_73.pdf
finqa_public_test,test,MS/2013/page_139.pdf-2,MS/2013/page_139.pdf
finqa_public_test,test,ILMN/2008/page_86.pdf-1,ILMN/2008/page_86.pdf
finqa_public_test,test,GS/2017/page_86.pdf-3,GS/2017/page_86.pdf
finqa_public_test,test,EL/2008/page_59.pdf-2,EL/2008/page_59.pdf
finqa_public_test,test,CE/2016/page_19.pdf-4,CE/2016/page_19.pdf
finqa_public_test,test,JKHY/2019/page_18.pdf-1,JKHY/2019/page_18.pdf
finqa_public_test,test,SNA/2007/page_69.pdf-2,SNA/2007/page_69.pdf
finqa_public_test,test,L/2009/page_84.pdf-2,L/2009/page_84.pdf
finqa_public_test,test,FBHS/2017/page_22.pdf-2,FBHS/2017/page_22.pdf
finqa_public_test,test,IPG/2006/page_77.pdf-1,IPG/2006/page_77.pdf
finqa_public_test,test,AAL/2015/page_114.pdf-1,AAL/2015/page_114.pdf
finqa_public_test,test,AMT/2014/page_149.pdf-1,AMT/2014/page_149.pdf
finqa_public_test,test,C/2009/page_63.pdf-4,C/2009/page_63.pdf
finqa_public_test,test,GS/2014/page_40.pdf-2,GS/2014/page_40.pdf
finqa_public_test,test,HOLX/2008/page_143.pdf-2,HOLX/2008/page_143.pdf
finqa_public_test,test,ALXN/2016/page_153.pdf-1,ALXN/2016/page_153.pdf
finqa_public_test,test,MRK/2013/page_3.pdf-2,MRK/2013/page_3.pdf
finqa_public_test,test,RL/2008/page_23.pdf-2,RL/2008/page_23.pdf
finqa_public_test,test,AAL/2010/page_72.pdf-4,AAL/2010/page_72.pdf
finqa_public_test,test,ZBH/2008/page_57.pdf-3,ZBH/2008/page_57.pdf
finqa_public_test,test,AMT/2016/page_125.pdf-4,AMT/2016/page_125.pdf
finqa_public_test,test,DISCA/2011/page_49.pdf-2,DISCA/2011/page_49.pdf
finqa_public_test,test,AES/2001/page_85.pdf-4,AES/2001/page_85.pdf
finqa_public_test,test,ETR/2017/page_143.pdf-3,ETR/2017/page_143.pdf
finqa_public_test,test,MSI/2014/page_76.pdf-2,MSI/2014/page_76.pdf
finqa_public_test,test,BLK/2017/page_121.pdf-2,BLK/2017/page_121.pdf
finqa_public_test,test,UPS/2016/page_114.pdf-1,UPS/2016/page_114.pdf
finqa_public_test,test,AMT/2003/page_27.pdf-1,AMT/2003/page_27.pdf
finqa_public_test,test,CE/2013/page_16.pdf-2,CE/2013/page_16.pdf
finqa_public_test,test,MKTX/2012/page_42.pdf-3,MKTX/2012/page_42.pdf
finqa_public_test,test,PNC/2012/page_174.pdf-4,PNC/2012/page_174.pdf
finqa_public_test,test,PPG/2008/page_52.pdf-2,PPG/2008/page_52.pdf
finqa_public_test,test,ADBE/1999/page_64.pdf-2,ADBE/1999/page_64.pdf
finqa_public_test,test,IPG/2006/page_77.pdf-3,IPG/2006/page_77.pdf
finqa_public_test,test,RSG/2012/page_93.pdf-2,RSG/2012/page_93.pdf
finqa_public_test,test,JPM/2018/page_90.pdf-3,JPM/2018/page_90.pdf
finqa_public_test,test,BKNG/2016/page_33.pdf-3,BKNG/2016/page_33.pdf
finqa_public_test,test,PNC/2012/page_68.pdf-5,PNC/2012/page_68.pdf
finqa_public_test,test,C/2009/page_63.pdf-2,C/2009/page_63.pdf
finqa_public_test,test,CB/2008/page_229.pdf-3,CB/2008/page_229.pdf
finqa_public_test,test,HIG/2011/page_53.pdf-4,HIG/2011/page_53.pdf
finqa_public_test,test,BLL/2006/page_67.pdf-1,BLL/2006/page_67.pdf
finqa_public_test,test,GS/2013/page_63.pdf-3,GS/2013/page_63.pdf
finqa_public_test,test,C/2008/page_22.pdf-3,C/2008/page_22.pdf
finqa_public_test,test,HIG/2004/page_140.pdf-2,HIG/2004/page_140.pdf
finqa_public_test,test,FIS/2016/page_9.pdf-1,FIS/2016/page_9.pdf
finqa_public_test,test,C/2008/page_22.pdf-1,C/2008/page_22.pdf
finqa_public_test,test,TMUS/2017/page_29.pdf-1,TMUS/2017/page_29.pdf
finqa_public_test,test,GPN/2010/page_89.pdf-1,GPN/2010/page_89.pdf
finqa_public_test,test,BLL/2010/page_37.pdf-4,BLL/2010/page_37.pdf
finqa_public_test,test,HOLX/2007/page_126.pdf-1,HOLX/2007/page_126.pdf
finqa_public_test,test,GS/2013/page_149.pdf-1,GS/2013/page_149.pdf
finqa_public_test,test,AWK/2012/page_117.pdf-3,AWK/2012/page_117.pdf
finqa_public_test,test,CDNS/2015/page_30.pdf-1,CDNS/2015/page_30.pdf
finqa_public_test,test,AAL/2014/page_15.pdf-1,AAL/2014/page_15.pdf
finqa_public_test,test,DRE/2008/page_46.pdf-4,DRE/2008/page_46.pdf
finqa_public_test,test,INTC/2015/page_41.pdf-3,INTC/2015/page_41.pdf
finqa_public_test,test,BLK/2014/page_120.pdf-1,BLK/2014/page_120.pdf
finqa_public_test,test,GS/2013/page_85.pdf-3,GS/2013/page_85.pdf
finqa_public_test,test,C/2018/page_175.pdf-1,C/2018/page_175.pdf
finqa_public_test,test,GS/2012/page_189.pdf-4,GS/2012/page_189.pdf
finqa_public_test,test,CMCSA/2015/page_112.pdf-1,CMCSA/2015/page_112.pdf
finqa_public_test,test,GIS/2019/page_68.pdf-2,GIS/2019/page_68.pdf
finqa_public_test,test,LMT/2014/page_91.pdf-4,LMT/2014/page_91.pdf
finqa_public_test,test,D/2002/page_87.pdf-1,D/2002/page_87.pdf
finqa_public_test,test,IP/2006/page_30.pdf-2,IP/2006/page_30.pdf
finqa_public_test,test,MMM/2013/page_75.pdf-1,MMM/2013/page_75.pdf
finqa_public_test,test,AAL/2013/page_172.pdf-3,AAL/2013/page_172.pdf
finqa_public_test,test,AMT/2007/page_127.pdf-4,AMT/2007/page_127.pdf
finqa_public_test,test,SLB/2012/page_56.pdf-2,SLB/2012/page_56.pdf
finqa_public_test,test,LMT/2015/page_89.pdf-3,LMT/2015/page_89.pdf
finqa_public_test,test,AES/2002/page_128.pdf-4,AES/2002/page_128.pdf
finqa_public_test,test,VRTX/2006/page_111.pdf-2,VRTX/2006/page_111.pdf
finqa_public_test,test,AON/2007/page_171.pdf-3,AON/2007/page_171.pdf
finqa_public_test,test,ETFC/2011/page_144.pdf-1,ETFC/2011/page_144.pdf
finqa_public_test,test,AES/2001/page_33.pdf-3,AES/2001/page_33.pdf
finqa_public_test,test,DRE/2008/page_46.pdf-3,DRE/2008/page_46.pdf
finqa_public_test,test,DVN/2014/page_87.pdf-2,DVN/2014/page_87.pdf
finqa_public_test,test,AMT/2016/page_49.pdf-4,AMT/2016/page_49.pdf
finqa_public_test,test,AMT/2007/page_127.pdf-1,AMT/2007/page_127.pdf
finqa_public_test,test,VNO/2014/page_57.pdf-2,VNO/2014/page_57.pdf
finqa_public_test,test,AMT/2008/page_94.pdf-1,AMT/2008/page_94.pdf
finqa_public_test,test,PNC/2015/page_93.pdf-1,PNC/2015/page_93.pdf
finqa_public_test,test,IPG/2017/page_92.pdf-4,IPG/2017/page_92.pdf
finqa_public_test,test,ETR/2004/page_281.pdf-2,ETR/2004/page_281.pdf
finqa_public_test,test,ETFC/2012/page_43.pdf-2,ETFC/2012/page_43.pdf
finqa_public_test,test,AAL/2013/page_172.pdf-2,AAL/2013/page_172.pdf
finqa_public_test,test,DISH/2011/page_122.pdf-1,DISH/2011/page_122.pdf
finqa_public_test,test,MSI/2012/page_87.pdf-3,MSI/2012/page_87.pdf
finqa_public_test,test,MSI/2008/page_69.pdf-3,MSI/2008/page_69.pdf
finqa_public_test,test,FIS/2016/page_9.pdf-2,FIS/2016/page_9.pdf
finqa_public_test,test,ADBE/2008/page_74.pdf-4,ADBE/2008/page_74.pdf
finqa_public_test,test,MRO/2003/page_45.pdf-1,MRO/2003/page_45.pdf
finqa_public_test,test,AAPL/2006/page_100.pdf-2,AAPL/2006/page_100.pdf
finqa_public_test,test,RSG/2016/page_139.pdf-1,RSG/2016/page_139.pdf
finqa_public_test,test,RSG/2013/page_123.pdf-2,RSG/2013/page_123.pdf
finqa_public_test,test,UNP/2009/page_42.pdf-2,UNP/2009/page_42.pdf
finqa_public_test,test,AMT/2016/page_125.pdf-2,AMT/2016/page_125.pdf
finqa_public_test,test,AMT/2014/page_149.pdf-2,AMT/2014/page_149.pdf
finqa_public_test,test,AAPL/2006/page_131.pdf-1,AAPL/2006/page_131.pdf
finqa_public_test,test,C/2015/page_96.pdf-3,C/2015/page_96.pdf
finqa_public_test,test,AON/2018/page_87.pdf-3,AON/2018/page_87.pdf
finqa_public_test,test,DVN/2014/page_87.pdf-1,DVN/2014/page_87.pdf
finqa_public_test,test,GIS/2018/page_110.pdf-1,GIS/2018/page_110.pdf
finqa_public_test,test,UNP/2006/page_15.pdf-1,UNP/2006/page_15.pdf
finqa_public_test,test,C/2018/page_175.pdf-2,C/2018/page_175.pdf
finqa_public_test,test,ANSS/2012/page_93.pdf-1,ANSS/2012/page_93.pdf
finqa_public_test,test,STT/2011/page_69.pdf-1,STT/2011/page_69.pdf
finqa_public_test,test,AES/2001/page_85.pdf-2,AES/2001/page_85.pdf
finqa_public_test,test,LMT/2014/page_91.pdf-3,LMT/2014/page_91.pdf
finqa_public_test,test,GIS/2017/page_31.pdf-4,GIS/2017/page_31.pdf
finqa_public_test,test,HUM/2017/page_118.pdf-1,HUM/2017/page_118.pdf
finqa_public_test,test,ABMD/2006/page_43.pdf-1,ABMD/2006/page_43.pdf
finqa_public_test,test,ANET/2015/page_156.pdf-1,ANET/2015/page_156.pdf
finqa_public_test,test,MRO/2006/page_93.pdf-3,MRO/2006/page_93.pdf
finqa_public_test,test,AES/2010/page_227.pdf-1,AES/2010/page_227.pdf
finqa_public_test,test,BLL/2010/page_35.pdf-2,BLL/2010/page_35.pdf
finqa_public_test,test,NCLH/2018/page_97.pdf-1,NCLH/2018/page_97.pdf
finqa_public_test,test,GS/2015/page_171.pdf-1,GS/2015/page_171.pdf
finqa_public_test,test,ETR/2003/page_157.pdf-1,ETR/2003/page_157.pdf
finqa_public_test,test,CME/2010/page_123.pdf-5,CME/2010/page_123.pdf
finqa_public_test,test,RSG/2012/page_93.pdf-1,RSG/2012/page_93.pdf
finqa_public_test,test,C/2009/page_197.pdf-1,C/2009/page_197.pdf
finqa_public_test,test,JPM/2008/page_117.pdf-2,JPM/2008/page_117.pdf
finqa_public_test,test,EMR/2017/page_78.pdf-2,EMR/2017/page_78.pdf
finqa_public_test,test,FIS/2012/page_48.pdf-4,FIS/2012/page_48.pdf
finqa_public_test,test,MRO/2011/page_108.pdf-2,MRO/2011/page_108.pdf
finqa_public_test,test,PNC/2012/page_174.pdf-2,PNC/2012/page_174.pdf
finqa_public_test,test,MAS/2012/page_26.pdf-2,MAS/2012/page_26.pdf
finqa_public_test,test,UPS/2007/page_49.pdf-4,UPS/2007/page_49.pdf
finqa_public_test,test,UNP/2011/page_33.pdf-2,UNP/2011/page_33.pdf
finqa_public_test,test,UPS/2007/page_49.pdf-2,UPS/2007/page_49.pdf
finqa_public_test,test,MRO/2003/page_84.pdf-2,MRO/2003/page_84.pdf
finqa_public_test,test,PPG/2018/page_85.pdf-2,PPG/2018/page_85.pdf
finqa_public_test,test,UPS/2007/page_49.pdf-3,UPS/2007/page_49.pdf
finqa_public_test,test,UNP/2009/page_42.pdf-1,UNP/2009/page_42.pdf
finqa_public_test,test,ECL/2017/page_79.pdf-2,ECL/2017/page_79.pdf
finqa_public_test,test,LMT/2012/page_73.pdf-4,LMT/2012/page_73.pdf
finqa_public_test,test,MO/2014/page_62.pdf-1,MO/2014/page_62.pdf
finqa_public_test,test,ECL/2017/page_69.pdf-2,ECL/2017/page_69.pdf
finqa_public_test,test,MRO/2017/page_96.pdf-4,MRO/2017/page_96.pdf
finqa_public_test,test,JPM/2018/page_90.pdf-2,JPM/2018/page_90.pdf
finqa_public_test,test,ETR/2004/page_239.pdf-1,ETR/2004/page_239.pdf
finqa_public_test,test,AMT/2012/page_50.pdf-4,AMT/2012/page_50.pdf
finqa_public_test,test,AAL/2013/page_18.pdf-1,AAL/2013/page_18.pdf
finqa_public_test,test,JPM/2010/page_281.pdf-1,JPM/2010/page_281.pdf
finqa_public_test,test,LMT/2012/page_73.pdf-2,LMT/2012/page_73.pdf
finqa_public_test,test,AMT/2008/page_107.pdf-3,AMT/2008/page_107.pdf
finqa_public_test,test,KHC/2018/page_132.pdf-1,KHC/2018/page_132.pdf
finqa_public_test,test,AES/2002/page_128.pdf-1,AES/2002/page_128.pdf
finqa_public_test,test,PKG/2002/page_52.pdf-2,PKG/2002/page_52.pdf
finqa_public_test,test,DISH/2010/page_117.pdf-2,DISH/2010/page_117.pdf
finqa_public_test,test,AAPL/2006/page_100.pdf-4,AAPL/2006/page_100.pdf
finqa_public_test,test,SLG/2011/page_91.pdf-6,SLG/2011/page_91.pdf
finqa_public_test,test,DRE/2007/page_56.pdf-3,DRE/2007/page_56.pdf
finqa_public_test,test,MRK/2013/page_125.pdf-2,MRK/2013/page_125.pdf
finqa_public_test,test,ZBH/2007/page_67.pdf-1,ZBH/2007/page_67.pdf
finqa_public_test,test,ETR/2016/page_374.pdf-4,ETR/2016/page_374.pdf
finqa_public_test,test,CME/2010/page_123.pdf-1,CME/2010/page_123.pdf
finqa_public_test,test,UAA/2016/page_42.pdf-1,UAA/2016/page_42.pdf
finqa_public_test,test,GPN/2018/page_94.pdf-2,GPN/2018/page_94.pdf
finqa_public_test,test,BLL/2011/page_32.pdf-1,BLL/2011/page_32.pdf
finqa_public_test,test,ETR/2011/page_17.pdf-1,ETR/2011/page_17.pdf
finqa_public_test,test,AAL/2013/page_18.pdf-4,AAL/2013/page_18.pdf
finqa_public_test,test,DG/2007/page_67.pdf-2,DG/2007/page_67.pdf
finqa_public_test,test,ADI/2010/page_80.pdf-1,ADI/2010/page_80.pdf
finqa_public_test,test,SNA/2007/page_49.pdf-2,SNA/2007/page_49.pdf
finqa_public_test,test,AAL/2014/page_15.pdf-3,AAL/2014/page_15.pdf
finqa_public_test,test,CME/2010/page_69.pdf-4,CME/2010/page_69.pdf
finqa_public_test,test,AMT/2016/page_125.pdf-3,AMT/2016/page_125.pdf
finqa_public_test,test,HWM/2015/page_173.pdf-2,HWM/2015/page_173.pdf
finqa_public_test,test,BKNG/2016/page_33.pdf-4,BKNG/2016/page_33.pdf
finqa_public_test,test,AAL/2013/page_18.pdf-2,AAL/2013/page_18.pdf
finqa_public_test,test,PKG/2005/page_74.pdf-4,PKG/2005/page_74.pdf
finqa_public_test,test,ETR/2008/page_298.pdf-2,ETR/2008/page_298.pdf
finqa_public_test,test,ILMN/2003/page_58.pdf-1,ILMN/2003/page_58.pdf
finqa_public_test,test,JPM/2015/page_82.pdf-2,JPM/2015/page_82.pdf
finqa_public_test,test,STT/2011/page_69.pdf-3,STT/2011/page_69.pdf
finqa_public_test,test,MRO/2013/page_19.pdf-2,MRO/2013/page_19.pdf
finqa_public_test,test,ABMD/2007/page_78.pdf-1,ABMD/2007/page_78.pdf
finqa_public_test,test,ETFC/2018/page_153.pdf-2,ETFC/2018/page_153.pdf
finqa_public_test,test,INTC/2013/page_31.pdf-3,INTC/2013/page_31.pdf
finqa_public_test,test,SNA/2013/page_34.pdf-1,SNA/2013/page_34.pdf
finqa_public_test,test,ADI/2011/page_61.pdf-1,ADI/2011/page_61.pdf
finqa_public_test,test,ALLE/2015/page_24.pdf-2,ALLE/2015/page_24.pdf
finqa_public_test,test,JKHY/2017/page_26.pdf-3,JKHY/2017/page_26.pdf
finqa_public_test,test,UNP/2006/page_15.pdf-2,UNP/2006/page_15.pdf
finqa_public_test,test,GS/2012/page_189.pdf-1,GS/2012/page_189.pdf
finqa_public_test,test,ECL/2016/page_52.pdf-3,ECL/2016/page_52.pdf
finqa_public_test,test,MAS/2012/page_26.pdf-3,MAS/2012/page_26.pdf
finqa_public_test,test,AWK/2017/page_148.pdf-2,AWK/2017/page_148.pdf
finqa_public_test,test,GS/2017/page_86.pdf-1,GS/2017/page_86.pdf
finqa_public_test,test,FIS/2017/page_64.pdf-1,FIS/2017/page_64.pdf
finqa_public_test,test,MMM/2007/page_23.pdf-2,MMM/2007/page_23.pdf
finqa_public_test,test,FIS/2016/page_9.pdf-3,FIS/2016/page_9.pdf
finqa_public_test,test,AON/2018/page_87.pdf-2,AON/2018/page_87.pdf
finqa_public_test,test,FIS/2016/page_31.pdf-4,FIS/2016/page_31.pdf
finqa_public_test,test,GPN/2014/page_92.pdf-2,GPN/2014/page_92.pdf
finqa_public_test,test,JPM/2009/page_175.pdf-4,JPM/2009/page_175.pdf
finqa_public_test,test,UNP/2016/page_52.pdf-1,UNP/2016/page_52.pdf
finqa_public_test,test,DVN/2015/page_79.pdf-1,DVN/2015/page_79.pdf
finqa_public_test,test,C/2018/page_175.pdf-4,C/2018/page_175.pdf
finqa_public_test,test,ILMN/2008/page_86.pdf-2,ILMN/2008/page_86.pdf
finqa_public_test,test,ETR/2003/page_157.pdf-2,ETR/2003/page_157.pdf
finqa_public_test,test,GS/2014/page_165.pdf-4,GS/2014/page_165.pdf
finqa_public_test,test,INTC/2013/page_31.pdf-2,INTC/2013/page_31.pdf
finqa_public_test,test,ETR/2008/page_298.pdf-1,ETR/2008/page_298.pdf
finqa_public_test,test,HOLX/2006/page_100.pdf-2,HOLX/2006/page_100.pdf
finqa_public_test,test,CME/2017/page_40.pdf-3,CME/2017/page_40.pdf
finqa_public_test,test,JPM/2015/page_82.pdf-1,JPM/2015/page_82.pdf
finqa_public_test,test,HII/2015/page_121.pdf-4,HII/2015/page_121.pdf
finqa_public_test,test,STT/2009/page_25.pdf-1,STT/2009/page_25.pdf
finqa_public_test,test,DG/2005/page_44.pdf-1,DG/2005/page_44.pdf
finqa_public_test,test,AWK/2017/page_148.pdf-3,AWK/2017/page_148.pdf
finqa_public_test,test,PNC/2012/page_65.pdf-2,PNC/2012/page_65.pdf
finqa_public_test,test,AMT/2006/page_104.pdf-1,AMT/2006/page_104.pdf
finqa_public_test,test,IPG/2008/page_72.pdf-4,IPG/2008/page_72.pdf
finqa_public_test,test,NWS/2019/page_116.pdf-1,NWS/2019/page_116.pdf
finqa_public_test,test,LMT/2015/page_89.pdf-1,LMT/2015/page_89.pdf
finqa_public_test,test,CDW/2015/page_93.pdf-2,CDW/2015/page_93.pdf
finqa_public_test,test,CE/2016/page_19.pdf-2,CE/2016/page_19.pdf
finqa_public_test,test,AON/2007/page_175.pdf-1,AON/2007/page_175.pdf
finqa_public_test,test,GPN/2010/page_87.pdf-2,GPN/2010/page_87.pdf
finqa_public_test,test,FIS/2017/page_64.pdf-2,FIS/2017/page_64.pdf
finqa_public_test,test,BLK/2015/page_124.pdf-2,BLK/2015/page_124.pdf
finqa_public_test,test,DVN/2014/page_87.pdf-3,DVN/2014/page_87.pdf
finqa_public_test,test,WRK/2018/page_107.pdf-3,WRK/2018/page_107.pdf
finqa_public_test,test,GS/2014/page_51.pdf-1,GS/2014/page_51.pdf
finqa_public_test,test,ETR/2015/page_17.pdf-3,ETR/2015/page_17.pdf
finqa_public_test,test,MS/2013/page_139.pdf-1,MS/2013/page_139.pdf
finqa_public_test,test,UPS/2010/page_52.pdf-1,UPS/2010/page_52.pdf
finqa_public_test,test,LMT/2016/page_49.pdf-3,LMT/2016/page_49.pdf
finqa_public_test,test,ETR/2016/page_23.pdf-4,ETR/2016/page_23.pdf
finqa_public_test,test,JPM/2014/page_122.pdf-2,JPM/2014/page_122.pdf
finqa_public_test,test,DISH/2011/page_122.pdf-2,DISH/2011/page_122.pdf
finqa_public_test,test,ETR/2016/page_150.pdf-4,ETR/2016/page_150.pdf
finqa_public_test,test,SNA/2013/page_83.pdf-2,SNA/2013/page_83.pdf
finqa_public_test,test,BLL/2011/page_32.pdf-4,BLL/2011/page_32.pdf
finqa_public_test,test,CMCSA/2008/page_36.pdf-1,CMCSA/2008/page_36.pdf
finqa_public_test,test,AMT/2005/page_102.pdf-2,AMT/2005/page_102.pdf
finqa_public_test,test,HII/2015/page_121.pdf-3,HII/2015/page_121.pdf
finqa_public_test,test,AMT/2008/page_107.pdf-2,AMT/2008/page_107.pdf
finqa_public_test,test,MRO/2004/page_46.pdf-2,MRO/2004/page_46.pdf
finqa_public_test,test,BLK/2012/page_33.pdf-2,BLK/2012/page_33.pdf
finqa_public_test,test,RSG/2009/page_140.pdf-2,RSG/2009/page_140.pdf
finqa_public_test,test,JPM/2009/page_175.pdf-3,JPM/2009/page_175.pdf
finqa_public_test,test,ZBH/2015/page_57.pdf-1,ZBH/2015/page_57.pdf
finqa_public_test,test,DRE/2007/page_56.pdf-1,DRE/2007/page_56.pdf
finqa_public_test,test,MSI/2007/page_70.pdf-2,MSI/2007/page_70.pdf
finqa_public_test,test,PNC/2008/page_122.pdf-1,PNC/2008/page_122.pdf
finqa_public_test,test,ETR/2016/page_374.pdf-1,ETR/2016/page_374.pdf
finqa_public_test,test,DISCA/2011/page_49.pdf-4,DISCA/2011/page_49.pdf
finqa_public_test,test,CME/2017/page_40.pdf-4,CME/2017/page_40.pdf
finqa_public_test,test,RSG/2018/page_135.pdf-2,RSG/2018/page_135.pdf
finqa_public_test,test,DISH/2011/page_122.pdf-4,DISH/2011/page_122.pdf
finqa_public_test,test,GS/2018/page_78.pdf-1,GS/2018/page_78.pdf
finqa_public_test,test,PNC/2012/page_68.pdf-3,PNC/2012/page_68.pdf
finqa_public_test,test,GIS/2015/page_62.pdf-1,GIS/2015/page_62.pdf
finqa_public_test,test,DVN/2015/page_79.pdf-2,DVN/2015/page_79.pdf
finqa_public_test,test,CME/2010/page_69.pdf-3,CME/2010/page_69.pdf
finqa_public_test,test,ABMD/2012/page_79.pdf-2,ABMD/2012/page_79.pdf
finqa_public_test,test,ANSS/2016/page_47.pdf-1,ANSS/2016/page_47.pdf
finqa_public_test,test,ETR/2008/page_298.pdf-4,ETR/2008/page_298.pdf
finqa_public_test,test,DISCA/2014/page_64.pdf-3,DISCA/2014/page_64.pdf
finqa_public_test,test,DXC/2018/page_56.pdf-1,DXC/2018/page_56.pdf
finqa_public_test,test,GS/2015/page_171.pdf-3,GS/2015/page_171.pdf
finqa_public_test,test,DVN/2012/page_77.pdf-3,DVN/2012/page_77.pdf
finqa_public_test,test,V/2010/page_28.pdf-1,V/2010/page_28.pdf
finqa_public_test,test,SNA/2013/page_84.pdf-3,SNA/2013/page_84.pdf
finqa_public_test,test,INTC/2013/page_31.pdf-1,INTC/2013/page_31.pdf
finqa_public_test,test,BLL/2006/page_67.pdf-3,BLL/2006/page_67.pdf
finqa_public_test,test,PNC/2012/page_174.pdf-1,PNC/2012/page_174.pdf
finqa_public_test,test,MRO/2003/page_45.pdf-3,MRO/2003/page_45.pdf
finqa_public_test,test,CB/2008/page_229.pdf-1,CB/2008/page_229.pdf
finqa_public_test,test,SNA/2013/page_84.pdf-2,SNA/2013/page_84.pdf
finqa_public_test,test,AMT/2016/page_125.pdf-1,AMT/2016/page_125.pdf
finqa_public_test,test,ETR/2017/page_372.pdf-3,ETR/2017/page_372.pdf
finqa_public_test,test,ETR/2004/page_239.pdf-2,ETR/2004/page_239.pdf
finqa_public_test,test,GS/2014/page_165.pdf-3,GS/2014/page_165.pdf
finqa_public_test,test,MKTX/2004/page_99.pdf-2,MKTX/2004/page_99.pdf
finqa_public_test,test,STT/2011/page_69.pdf-4,STT/2011/page_69.pdf
finqa_public_test,test,ZBH/2009/page_58.pdf-3,ZBH/2009/page_58.pdf
finqa_public_test,test,MRO/2013/page_39.pdf-3,MRO/2013/page_39.pdf
finqa_public_test,test,C/2015/page_96.pdf-2,C/2015/page_96.pdf
finqa_public_test,test,PM/2017/page_32.pdf-2,PM/2017/page_32.pdf
finqa_public_test,test,IP/2009/page_84.pdf-2,IP/2009/page_84.pdf
finqa_public_test,test,GPN/2013/page_87.pdf-4,GPN/2013/page_87.pdf
finqa_public_test,test,JPM/2018/page_90.pdf-4,JPM/2018/page_90.pdf
finqa_public_test,test,MRO/2006/page_93.pdf-2,MRO/2006/page_93.pdf
finqa_public_test,test,AAL/2015/page_114.pdf-2,AAL/2015/page_114.pdf
finqa_public_test,test,HOLX/2007/page_93.pdf-1,HOLX/2007/page_93.pdf
finqa_public_test,test,DXC/2018/page_56.pdf-2,DXC/2018/page_56.pdf
finqa_public_test,test,FIS/2016/page_45.pdf-1,FIS/2016/page_45.pdf
finqa_public_test,test,RSG/2016/page_135.pdf-1,RSG/2016/page_135.pdf
finqa_public_test,test,UPS/2012/page_32.pdf-2,UPS/2012/page_32.pdf
finqa_public_test,test,DRE/2005/page_30.pdf-1,DRE/2005/page_30.pdf
finqa_public_test,test,ETFC/2012/page_43.pdf-3,ETFC/2012/page_43.pdf
finqa_public_test,test,ETR/2016/page_374.pdf-3,ETR/2016/page_374.pdf
finqa_public_test,test,LMT/2014/page_50.pdf-3,LMT/2014/page_50.pdf
finqa_public_test,test,MSI/2012/page_87.pdf-1,MSI/2012/page_87.pdf
finqa_public_test,test,DRE/2005/page_30.pdf-2,DRE/2005/page_30.pdf
finqa_public_test,test,GS/2013/page_220.pdf-3,GS/2013/page_220.pdf
finqa_public_test,test,MSI/2008/page_69.pdf-1,MSI/2008/page_69.pdf
finqa_public_test,test,GS/2013/page_85.pdf-2,GS/2013/page_85.pdf
finqa_public_test,test,MAR/2004/page_45.pdf-1,MAR/2004/page_45.pdf
finqa_public_test,test,JPM/2005/page_80.pdf-2,JPM/2005/page_80.pdf
finqa_public_test,test,FIS/2016/page_45.pdf-3,FIS/2016/page_45.pdf
finqa_public_test,test,TFX/2017/page_78.pdf-2,TFX/2017/page_78.pdf
finqa_public_test,test,CB/2010/page_103.pdf-1,CB/2010/page_103.pdf
finqa_public_test,test,HUM/2017/page_118.pdf-4,HUM/2017/page_118.pdf
finqa_public_test,test,WRK/2018/page_107.pdf-1,WRK/2018/page_107.pdf
finqa_public_test,test,SNA/2013/page_83.pdf-3,SNA/2013/page_83.pdf
finqa_public_test,test,WRK/2018/page_107.pdf-5,WRK/2018/page_107.pdf
finqa_public_test,test,ETR/2017/page_372.pdf-2,ETR/2017/page_372.pdf
finqa_public_test,test,ADBE/2008/page_89.pdf-1,ADBE/2008/page_89.pdf
finqa_public_test,test,C/2018/page_176.pdf-2,C/2018/page_176.pdf
finqa_public_test,test,DRE/2007/page_56.pdf-2,DRE/2007/page_56.pdf
finqa_public_test,test,HUM/2017/page_118.pdf-3,HUM/2017/page_118.pdf
finqa_public_test,test,AON/2018/page_87.pdf-1,AON/2018/page_87.pdf
finqa_public_test,test,IP/2009/page_45.pdf-2,IP/2009/page_45.pdf
finqa_public_test,test,AON/2010/page_86.pdf-2,AON/2010/page_86.pdf
finqa_public_test,test,HOLX/2008/page_143.pdf-1,HOLX/2008/page_143.pdf
finqa_public_test,test,MRO/2003/page_84.pdf-4,MRO/2003/page_84.pdf
finqa_public_test,test,UNP/2009/page_35.pdf-1,UNP/2009/page_35.pdf
finqa_public_test,test,AMT/2012/page_118.pdf-3,AMT/2012/page_118.pdf
finqa_public_test,test,MMM/2015/page_93.pdf-1,MMM/2015/page_93.pdf
finqa_public_test,test,PKG/2002/page_52.pdf-1,PKG/2002/page_52.pdf
finqa_public_test,test,MRO/2008/page_45.pdf-2,MRO/2008/page_45.pdf
finqa_public_test,test,UNP/2011/page_24.pdf-2,UNP/2011/page_24.pdf
finqa_public_test,test,WRK/2018/page_107.pdf-2,WRK/2018/page_107.pdf
finqa_public_test,test,SNA/2007/page_49.pdf-1,SNA/2007/page_49.pdf
finqa_public_test,test,UNP/2011/page_24.pdf-1,UNP/2011/page_24.pdf
finqa_public_test,test,GIS/2017/page_31.pdf-3,GIS/2017/page_31.pdf
finqa_public_test,test,MRO/2013/page_39.pdf-2,MRO/2013/page_39.pdf
finqa_public_test,test,JPM/2015/page_137.pdf-2,JPM/2015/page_137.pdf
finqa_public_test,test,FIS/2016/page_31.pdf-3,FIS/2016/page_31.pdf
finqa_public_test,test,ILMN/2008/page_82.pdf-2,ILMN/2008/page_82.pdf
finqa_public_test,test,MAS/2017/page_27.pdf-1,MAS/2017/page_27.pdf
finqa_public_test,test,HOLX/2007/page_93.pdf-2,HOLX/2007/page_93.pdf
finqa_public_test,test,GS/2014/page_165.pdf-1,GS/2014/page_165.pdf
finqa_public_test,test,MAR/2018/page_43.pdf-1,MAR/2018/page_43.pdf
finqa_public_test,test,AMT/2006/page_104.pdf-4,AMT/2006/page_104.pdf
finqa_public_test,test,IP/2006/page_38.pdf-2,IP/2006/page_38.pdf
finqa_public_test,test,ETR/2004/page_212.pdf-3,ETR/2004/page_212.pdf
finqa_public_test,test,UNP/2015/page_56.pdf-2,UNP/2015/page_56.pdf
finqa_public_test,test,DRE/2012/page_40.pdf-1,DRE/2012/page_40.pdf
finqa_public_test,test,JPM/2010/page_273.pdf-1,JPM/2010/page_273.pdf
finqa_public_test,test,ALLE/2015/page_24.pdf-1,ALLE/2015/page_24.pdf
finqa_public_test,test,AES/2002/page_128.pdf-3,AES/2002/page_128.pdf
finqa_public_test,test,SLG/2011/page_91.pdf-5,SLG/2011/page_91.pdf
finqa_public_test,test,KHC/2018/page_132.pdf-2,KHC/2018/page_132.pdf
finqa_public_test,test,GS/2012/page_142.pdf-2,GS/2012/page_142.pdf
finqa_public_test,test,SNA/2013/page_34.pdf-3,SNA/2013/page_34.pdf
finqa_public_test,test,BKNG/2016/page_33.pdf-1,BKNG/2016/page_33.pdf
finqa_public_test,test,AWK/2013/page_122.pdf-4,AWK/2013/page_122.pdf
finqa_public_test,test,JPM/2015/page_137.pdf-4,JPM/2015/page_137.pdf
finqa_public_test,test,IPG/2017/page_92.pdf-3,IPG/2017/page_92.pdf
finqa_public_test,test,RSG/2010/page_57.pdf-1,RSG/2010/page_57.pdf
finqa_public_test,test,K/2006/page_52.pdf-3,K/2006/page_52.pdf
finqa_public_test,test,RCL/2016/page_6.pdf-2,RCL/2016/page_6.pdf
finqa_public_test,test,ZBH/2015/page_57.pdf-3,ZBH/2015/page_57.pdf
finqa_public_test,test,STT/2014/page_54.pdf-2,STT/2014/page_54.pdf
finqa_public_test,test,STT/2007/page_111.pdf-4,STT/2007/page_111.pdf
finqa_public_test,test,SNA/2013/page_34.pdf-2,SNA/2013/page_34.pdf
finqa_public_test,test,MRK/2013/page_125.pdf-1,MRK/2013/page_125.pdf
finqa_public_test,test,CDNS/2018/page_66.pdf-2,CDNS/2018/page_66.pdf
finqa_public_test,test,DVN/2018/page_35.pdf-1,DVN/2018/page_35.pdf
finqa_public_test,test,C/2008/page_22.pdf-4,C/2008/page_22.pdf
finqa_public_test,test,AMT/2007/page_127.pdf-3,AMT/2007/page_127.pdf
finqa_public_test,test,AES/2001/page_85.pdf-3,AES/2001/page_85.pdf
finqa_public_test,test,L/2009/page_84.pdf-1,L/2009/page_84.pdf
finqa_public_test,test,ETR/2016/page_150.pdf-3,ETR/2016/page_150.pdf
finqa_public_test,test,CE/2016/page_19.pdf-1,CE/2016/page_19.pdf
finqa_public_test,test,AMT/2006/page_113.pdf-3,AMT/2006/page_113.pdf
finqa_public_test,test,CDW/2015/page_70.pdf-1,CDW/2015/page_70.pdf
finqa_public_test,test,NCLH/2018/page_97.pdf-2,NCLH/2018/page_97.pdf
finqa_public_test,test,AWK/2017/page_148.pdf-4,AWK/2017/page_148.pdf
finqa_public_test,test,C/2009/page_63.pdf-1,C/2009/page_63.pdf
finqa_public_test,test,AWK/2018/page_146.pdf-2,AWK/2018/page_146.pdf
finqa_public_test,test,LMT/2015/page_89.pdf-4,LMT/2015/page_89.pdf
finqa_public_test,test,PNC/2014/page_111.pdf-1,PNC/2014/page_111.pdf
finqa_public_test,test,VRTX/2006/page_111.pdf-1,VRTX/2006/page_111.pdf
finqa_public_test,test,CDNS/2018/page_66.pdf-3,CDNS/2018/page_66.pdf
finqa_public_test,test,BKR/2017/page_56.pdf-2,BKR/2017/page_56.pdf
finqa_public_test,test,JPM/2009/page_175.pdf-2,JPM/2009/page_175.pdf
finqa_public_test,test,JKHY/2017/page_26.pdf-2,JKHY/2017/page_26.pdf
finqa_public_test,test,CB/2010/page_103.pdf-2,CB/2010/page_103.pdf
finqa_public_test,test,STT/2007/page_111.pdf-1,STT/2007/page_111.pdf
finqa_public_test,test,ETR/2016/page_150.pdf-2,ETR/2016/page_150.pdf
finqa_public_test,test,V/2008/page_180.pdf-1,V/2008/page_180.pdf
finqa_public_test,test,SLB/2015/page_59.pdf-1,SLB/2015/page_59.pdf
finqa_public_test,test,UNP/2016/page_52.pdf-2,UNP/2016/page_52.pdf
finqa_public_test,test,INTC/2015/page_41.pdf-1,INTC/2015/page_41.pdf
finqa_public_test,test,AMT/2003/page_102.pdf-4,AMT/2003/page_102.pdf
finqa_public_test,test,PKG/2005/page_74.pdf-3,PKG/2005/page_74.pdf
finqa_public_test,test,MRO/2003/page_84.pdf-1,MRO/2003/page_84.pdf
finqa_public_test,test,LKQ/2016/page_87.pdf-2,LKQ/2016/page_87.pdf
finqa_public_test,test,GS/2012/page_121.pdf-2,GS/2012/page_121.pdf
finqa_public_test,test,MAR/2004/page_45.pdf-2,MAR/2004/page_45.pdf
finqa_public_test,test,AMT/2007/page_127.pdf-2,AMT/2007/page_127.pdf
finqa_public_test,test,LMT/2016/page_49.pdf-1,LMT/2016/page_49.pdf
finqa_public_test,test,JPM/2015/page_137.pdf-3,JPM/2015/page_137.pdf
finqa_public_test,test,K/2006/page_52.pdf-1,K/2006/page_52.pdf
finqa_public_test,test,GRMN/2008/page_85.pdf-1,GRMN/2008/page_85.pdf
finqa_public_test,test,BDX/2018/page_106.pdf-1,BDX/2018/page_106.pdf
finqa_public_test,test,LMT/2014/page_77.pdf-1,LMT/2014/page_77.pdf
finqa_public_test,test,JKHY/2019/page_18.pdf-2,JKHY/2019/page_18.pdf
finqa_public_test,test,ANSS/2012/page_93.pdf-2,ANSS/2012/page_93.pdf
finqa_public_test,test,BLL/2010/page_37.pdf-1,BLL/2010/page_37.pdf
finqa_public_test,test,LMT/2014/page_77.pdf-4,LMT/2014/page_77.pdf
finqa_public_test,test,SNA/2012/page_110.pdf-1,SNA/2012/page_110.pdf
finqa_public_test,test,AAPL/2003/page_48.pdf-1,AAPL/2003/page_48.pdf
finqa_public_test,test,GS/2013/page_149.pdf-2,GS/2013/page_149.pdf
finqa_public_test,test,PPG/2018/page_85.pdf-3,PPG/2018/page_85.pdf
finqa_public_test,test,HOLX/2009/page_151.pdf-3,HOLX/2009/page_151.pdf
finqa_public_test,test,ABMD/2012/page_79.pdf-3,ABMD/2012/page_79.pdf
finqa_public_test,test,IP/2009/page_84.pdf-3,IP/2009/page_84.pdf
finqa_public_test,test,MO/2016/page_19.pdf-3,MO/2016/page_19.pdf
finqa_public_test,test,BLK/2012/page_33.pdf-3,BLK/2012/page_33.pdf
finqa_public_test,test,PPG/2018/page_85.pdf-4,PPG/2018/page_85.pdf
finqa_public_test,test,D/2002/page_87.pdf-3,D/2002/page_87.pdf
finqa_public_test,test,ABMD/2006/page_43.pdf-2,ABMD/2006/page_43.pdf
finqa_public_test,test,ADI/2010/page_80.pdf-3,ADI/2010/page_80.pdf
finqa_public_test,test,UNP/2016/page_52.pdf-3,UNP/2016/page_52.pdf
finqa_public_test,test,ABMD/2008/page_86.pdf-3,ABMD/2008/page_86.pdf
finqa_public_test,test,ALXN/2016/page_153.pdf-3,ALXN/2016/page_153.pdf
finqa_public_test,test,NCLH/2018/page_64.pdf-3,NCLH/2018/page_64.pdf
finqa_public_test,test,BLK/2014/page_120.pdf-3,BLK/2014/page_120.pdf
finqa_public_test,test,UNP/2015/page_56.pdf-3,UNP/2015/page_56.pdf
finqa_public_test,test,PPG/2006/page_42.pdf-3,PPG/2006/page_42.pdf
finqa_public_test,test,ANSS/2016/page_47.pdf-2,ANSS/2016/page_47.pdf
finqa_public_test,test,BLK/2014/page_120.pdf-4,BLK/2014/page_120.pdf
finqa_public_test,test,ANSS/2012/page_93.pdf-3,ANSS/2012/page_93.pdf
finqa_public_test,test,UNP/2018/page_74.pdf-3,UNP/2018/page_74.pdf
finqa_public_test,test,D/2002/page_87.pdf-4,D/2002/page_87.pdf
finqa_public_test,test,IP/2009/page_84.pdf-4,IP/2009/page_84.pdf
finqa_public_test,test,UNP/2011/page_33.pdf-3,UNP/2011/page_33.pdf
finqa_public_test,test,IP/2006/page_35.pdf-3,IP/2006/page_35.pdf
finqa_public_test,test,UNP/2018/page_74.pdf-4,UNP/2018/page_74.pdf
finqa_public_test,test,IP/2006/page_35.pdf-4,IP/2006/page_35.pdf
finqa_public_test,test,BLK/2012/page_33.pdf-4,BLK/2012/page_33.pdf
finqa_public_test,test,ABMD/2005/page_29.pdf-3,ABMD/2005/page_29.pdf
finqa_public_test,test,BDX/2018/page_106.pdf-2,BDX/2018/page_106.pdf
finqa_public_test,test,BLK/2015/page_124.pdf-3,BLK/2015/page_124.pdf
finqa_public_test,test,BKR/2017/page_56.pdf-3,BKR/2017/page_56.pdf
finqa_public_test,test,ADI/2019/page_29.pdf-1,ADI/2019/page_29.pdf
finqa_public_test,test,ABMD/2005/page_29.pdf-4,ABMD/2005/page_29.pdf
finqa_public_test,test,ABMD/2012/page_79.pdf-4,ABMD/2012/page_79.pdf
finqa_public_test,test,TFX/2017/page_78.pdf-3,TFX/2017/page_78.pdf
finqa_public_test,test,PPG/2006/page_42.pdf-4,PPG/2006/page_42.pdf
finqa_public_test,test,IP/2009/page_45.pdf-3,IP/2009/page_45.pdf
finqa_public_test,test,UNP/2007/page_25.pdf-3,UNP/2007/page_25.pdf
finqa_public_test,test,ALXN/2016/page_153.pdf-4,ALXN/2016/page_153.pdf
finqa_public_test,test,IP/2006/page_31.pdf-3,IP/2006/page_31.pdf
finqa_public_test,test,HOLX/2009/page_127.pdf-3,HOLX/2009/page_127.pdf
finqa_public_test,test,ANSS/2012/page_93.pdf-4,ANSS/2012/page_93.pdf
finqa_public_test,test,TFX/2015/page_89.pdf-3,TFX/2015/page_89.pdf
finqa_public_test,test,IP/2006/page_30.pdf-3,IP/2006/page_30.pdf
finqa_public_test,test,VRTX/2006/page_111.pdf-3,VRTX/2006/page_111.pdf
finqa_public_test,test,MO/2016/page_19.pdf-4,MO/2016/page_19.pdf
finqa_public_test,test,ADI/2019/page_29.pdf-3,ADI/2019/page_29.pdf
finqa_public_test,test,ABMD/2012/page_41.pdf-3,ABMD/2012/page_41.pdf
finqa_public_test,test,UNP/2015/page_56.pdf-4,UNP/2015/page_56.pdf
finqa_public_test,test,BLK/2017/page_121.pdf-3,BLK/2017/page_121.pdf
finqa_public_test,test,MO/2014/page_62.pdf-3,MO/2014/page_62.pdf
finqa_public_test,test,IP/2006/page_75.pdf-3,IP/2006/page_75.pdf
finqa_public_test,test,BLK/2012/page_145.pdf-1,BLK/2012/page_145.pdf
finqa_public_test,test,PPG/2012/page_29.pdf-3,PPG/2012/page_29.pdf
finqa_public_test,test,NCLH/2018/page_64.pdf-4,NCLH/2018/page_64.pdf
finqa_public_test,test,PPG/2008/page_52.pdf-3,PPG/2008/page_52.pdf
finqa_public_test,test,UNP/2010/page_21.pdf-3,UNP/2010/page_21.pdf
finqa_public_test,test,IP/2009/page_45.pdf-4,IP/2009/page_45.pdf
finqa_public_test,test,UNP/2007/page_25.pdf-4,UNP/2007/page_25.pdf
finqa_public_test,test,IP/2006/page_38.pdf-3,IP/2006/page_38.pdf
finqa_public_test,test,ABMD/2007/page_78.pdf-3,ABMD/2007/page_78.pdf
finqa_public_test,test,IP/2006/page_38.pdf-4,IP/2006/page_38.pdf
finqa_public_test,test,VRTX/2006/page_111.pdf-4,VRTX/2006/page_111.pdf
finqa_public_test,test,BLK/2015/page_124.pdf-4,BLK/2015/page_124.pdf
finqa_public_test,test,UNP/2006/page_15.pdf-3,UNP/2006/page_15.pdf
finqa_public_test,test,LKQ/2016/page_87.pdf-3,LKQ/2016/page_87.pdf
finqa_public_test,test,UNP/2011/page_24.pdf-3,UNP/2011/page_24.pdf
finqa_public_test,test,ABMD/2006/page_43.pdf-3,ABMD/2006/page_43.pdf
finqa_public_test,test,UNP/2006/page_15.pdf-4,UNP/2006/page_15.pdf
finqa_public_test,test,MO/2014/page_39.pdf-3,MO/2014/page_39.pdf
finqa_public_test,test,PPG/2008/page_52.pdf-4,PPG/2008/page_52.pdf
finqa_public_test,test,UNP/2011/page_33.pdf-4,UNP/2011/page_33.pdf
finqa_public_test,test,BLK/2017/page_121.pdf-1,BLK/2017/page_121.pdf
finqa_public_test,test,PPG/2012/page_29.pdf-4,PPG/2012/page_29.pdf
finqa_public_test,test,LKQ/2016/page_87.pdf-4,LKQ/2016/page_87.pdf
finqa_public_test,test,CMCSA/2008/page_36.pdf-3,CMCSA/2008/page_36.pdf
finqa_public_test,test,NCLH/2018/page_97.pdf-3,NCLH/2018/page_97.pdf
finqa_public_test,test,UNP/2009/page_42.pdf-3,UNP/2009/page_42.pdf
finqa_public_test,test,BKR/2017/page_56.pdf-4,BKR/2017/page_56.pdf
finqa_public_test,test,CMCSA/2015/page_112.pdf-3,CMCSA/2015/page_112.pdf
finqa_public_test,test,ABMD/2007/page_78.pdf-4,ABMD/2007/page_78.pdf
finqa_public_test,test,UNP/2016/page_52.pdf-4,UNP/2016/page_52.pdf
finqa_public_test,test,BLK/2012/page_145.pdf-3,BLK/2012/page_145.pdf
finqa_public_test,test,MO/2014/page_62.pdf-4,MO/2014/page_62.pdf
finqa_public_test,test,ABMD/2008/page_86.pdf-4,ABMD/2008/page_86.pdf
finqa_public_test,test,CMCSA/2015/page_67.pdf-3,CMCSA/2015/page_67.pdf
finqa_public_test,test,IP/2006/page_75.pdf-4,IP/2006/page_75.pdf
finqa_public_test,test,UNP/2010/page_21.pdf-4,UNP/2010/page_21.pdf
finqa_public_test,test,MO/2014/page_39.pdf-4,MO/2014/page_39.pdf
finqa_public_test,test,CMCSA/2015/page_112.pdf-4,CMCSA/2015/page_112.pdf
finqa_public_test,test,UNP/2011/page_24.pdf-4,UNP/2011/page_24.pdf
finqa_public_test,test,ABMD/2012/page_41.pdf-4,ABMD/2012/page_41.pdf
finqa_public_test,test,UNP/2009/page_42.pdf-4,UNP/2009/page_42.pdf
finqa_public_test,test,BDX/2018/page_106.pdf-3,BDX/2018/page_106.pdf
finqa_public_test,test,HOLX/2009/page_127.pdf-4,HOLX/2009/page_127.pdf
finqa_public_test,test,IP/2006/page_30.pdf-4,IP/2006/page_30.pdf
hotpot_distractor_dev,validation,5a8b57f25542995d1e6f1371,
hotpot_distractor_dev,validation,5a8c7595554299585d9e36b6,
hotpot_distractor_dev,validation,5a85ea095542994775f606a8,
hotpot_distractor_dev,validation,5adbf0a255429947ff17385a,
hotpot_distractor_dev,validation,5a8e3ea95542995a26add48d,
hotpot_distractor_dev,validation,5abd94525542992ac4f382d2,
hotpot_distractor_dev,validation,5a85b2d95542997b5ce40028,
hotpot_distractor_dev,validation,5a87ab905542996e4f3088c1,
hotpot_distractor_dev,validation,5a7bbb64554299042af8f7cc,
hotpot_distractor_dev,validation,5a8db19d5542994ba4e3dd00,
hotpot_distractor_dev,validation,5a7166395542994082a3e814,
hotpot_distractor_dev,validation,5a877e5d5542993e715abf7d,
hotpot_distractor_dev,validation,5ab3b0bf5542992ade7c6e39,
hotpot_distractor_dev,validation,5ab56e32554299637185c594,
hotpot_distractor_dev,validation,5ab6d09255429954757d337d,
hotpot_distractor_dev,validation,5a75e05c55429976ec32bc5f,
hotpot_distractor_dev,validation,5ab3e45655429976abd1bcd4,
hotpot_distractor_dev,validation,5ab29c24554299449642c932,
hotpot_distractor_dev,validation,5ae0d4c9554299603e418468,
hotpot_distractor_dev,validation,5a8133725542995ce29dcbdb,
hotpot_distractor_dev,validation,5ae7a8175542993210983ed8,
hotpot_distractor_dev,validation,5ae6050f55429929b0807a5e,
hotpot_distractor_dev,validation,5adddccd5542997dc7907069,
hotpot_distractor_dev,validation,5ae2070a5542994d89d5b313,
hotpot_distractor_dev,validation,5ae22b8d554299234fd0440f,
hotpot_distractor_dev,validation,5a722b8655429971e9dc9329,
hotpot_distractor_dev,validation,5adf37a95542995ec70e8f97,
hotpot_distractor_dev,validation,5abd259d55429924427fcf1a,
hotpot_distractor_dev,validation,5a828c8355429966c78a6a50,
hotpot_distractor_dev,validation,5a8a3e745542996c9b8d5e70,
hotpot_distractor_dev,validation,5ac23ff0554299636651994d,
hotpot_distractor_dev,validation,5ae4a3265542995ad6573de5,
hotpot_distractor_dev,validation,5ae0361155429925eb1afc2c,
hotpot_distractor_dev,validation,5abc0a5d5542993f40c73c64,
hotpot_distractor_dev,validation,5a7cc50e554299452d57ba3e,
hotpot_distractor_dev,validation,5abf63f15542997ec76fd3ea,
hotpot_distractor_dev,validation,5a8ef2a75542995a26add583,
hotpot_distractor_dev,validation,5a80721b554299485f5985ef,
hotpot_distractor_dev,validation,5ab51dae5542991779162d82,
hotpot_distractor_dev,validation,5a7571135542992d0ec05f98,
hotpot_distractor_dev,validation,5a7a0e1e5542990783324e1a,
hotpot_distractor_dev,validation,5a74106b55429979e288289e,
hotpot_distractor_dev,validation,5a79311755429970f5fffe67,
hotpot_distractor_dev,validation,5ab2d3df554299194fa9352c,
hotpot_distractor_dev,validation,5a760ab65542994ccc918697,
hotpot_distractor_dev,validation,5a7d54165542995f4f402256,
hotpot_distractor_dev,validation,5ab859a955429934fafe6d7b,
hotpot_distractor_dev,validation,5add61d65542995b365fab21,
hotpot_distractor_dev,validation,5a8e068b5542995085b37384,
hotpot_distractor_dev,validation,5abbf698554299114383a0b5,
hotpot_distractor_dev,validation,5a8e1027554299653c1aa15f,
hotpot_distractor_dev,validation,5ab84bf555429916710eb01f,
hotpot_distractor_dev,validation,5a77724455429972597f153e,
hotpot_distractor_dev,validation,5a87c13f5542996e4f30890c,
hotpot_distractor_dev,validation,5ab96ab755429970cfb8eacd,
hotpot_distractor_dev,validation,5a8a43eb5542996c9b8d5e82,
hotpot_distractor_dev,validation,5ae73acb5542991e8301cc07,
hotpot_distractor_dev,validation,5a7320565542991f9a20c61d,
hotpot_distractor_dev,validation,5ae32e125542991a06ce9946,
hotpot_distractor_dev,validation,5adc53f75542996e6852530a,
hotpot_distractor_dev,validation,5a8b20335542996c9b8d5fb3,
hotpot_distractor_dev,validation,5a85fb085542994775f606de,
hotpot_distractor_dev,validation,5a7be2595542997c3ec972ac,
hotpot_distractor_dev,validation,5a77152355429966f1a36c2e,
hotpot_distractor_dev,validation,5a8f4c8d554299458435d5a3,
hotpot_distractor_dev,validation,5a80840f554299485f59863b,
hotpot_distractor_dev,validation,5a8361b65542992ef85e22a0,
hotpot_distractor_dev,validation,5ae7ba7a5542993210983f12,
hotpot_distractor_dev,validation,5ac2acff55429921a00ab02b,
hotpot_distractor_dev,validation,5aba7cfe554299232ef4a2fd,
hotpot_distractor_dev,validation,5ae5aba0554299546bf82f17,
hotpot_distractor_dev,validation,5ae1f4cb554299234fd0436d,
hotpot_distractor_dev,validation,5ae7e1fc55429952e35ea9cc,
hotpot_distractor_dev,validation,5ae37c765542992f92d822d4,
hotpot_distractor_dev,validation,5ae33c4d5542992f92d82262,
hotpot_distractor_dev,validation,5a77cb335542997042120b3a,
hotpot_distractor_dev,validation,5a8979f4554299669944a52e,
hotpot_distractor_dev,validation,5a713ea95542994082a3e6e4,
hotpot_distractor_dev,validation,5a78bd9b554299078472774a,
hotpot_distractor_dev,validation,5a7625e8554299109176e66a,
hotpot_distractor_dev,validation,5ae2dd2055429928c423950d,
hotpot_distractor_dev,validation,5abdf12255429976d4830a2f,
hotpot_distractor_dev,validation,5a88658955429938390d3f47,
hotpot_distractor_dev,validation,5a86ebac55429960ec39b6d6,
hotpot_distractor_dev,validation,5aba5d2e55429901930fa799,
hotpot_distractor_dev,validation,5ae5736e5542990ba0bbb2b3,
hotpot_distractor_dev,validation,5ae005b555429942ec259bec,
hotpot_distractor_dev,validation,5a7759fc5542993569682d60,
hotpot_distractor_dev,validation,5a835478554299123d8c20ed,
hotpot_distractor_dev,validation,5aba749055429901930fa7d8,
hotpot_distractor_dev,validation,5abfb3425542990832d3a1c0,
hotpot_distractor_dev,validation,5ac3165c5542995ef918c10a,
hotpot_distractor_dev,validation,5ae53b545542990ba0bbb23c,
hotpot_distractor_dev,validation,5ae224da554299234fd043ee,
hotpot_distractor_dev,validation,5ae2b770554299495565db0f,
hotpot_distractor_dev,validation,5a80b3a9554299485f5986cc,
hotpot_distractor_dev,validation,5a8e0a005542995085b373a1,
hotpot_distractor_dev,validation,5ac1b8ee5542994d76dccedc,
hotpot_distractor_dev,validation,5adccd795542990d50227d2c,
hotpot_distractor_dev,validation,5a84c4135542994c784dda31,
hotpot_distractor_dev,validation,5a85eed75542996432c5713b,
hotpot_distractor_dev,validation,5a774e9c55429972597f14f3,
hotpot_distractor_dev,validation,5ae738f75542991bbc9761c4,
hotpot_distractor_dev,validation,5ac32b565542995ef918c154,
hotpot_distractor_dev,validation,5abc8d75554299700f9d7900,
hotpot_distractor_dev,validation,5a8bb29b554299240d9c2089,
hotpot_distractor_dev,validation,5ab659e355429954757d324e,
hotpot_distractor_dev,validation,5a8b8b3155429949d91db5d7,
hotpot_distractor_dev,validation,5ae7eaf65542994a481bbe1d,
hotpot_distractor_dev,validation,5a8c4c625542995e66a475a1,
hotpot_distractor_dev,validation,5a818387554299260e20a291,
hotpot_distractor_dev,validation,5ab978855542996be2020512,
hotpot_distractor_dev,validation,5ae63dad55429929b0807afe,
hotpot_distractor_dev,validation,5a7a455c5542994f819ef1a7,
hotpot_distractor_dev,validation,5a7dcc775542990b8f503ab5,
hotpot_distractor_dev,validation,5a887bc0554299206df2b2b6,
hotpot_distractor_dev,validation,5a83880e554299123d8c214e,
hotpot_distractor_dev,validation,5a879adb5542996e4f30887f,
hotpot_distractor_dev,validation,5add11935542994734353827,
hotpot_distractor_dev,validation,5a8c5569554299240d9c2126,
hotpot_distractor_dev,validation,5a75f0ea5542994ccc91866c,
hotpot_distractor_dev,validation,5a89f5815542993b751ca9c5,
hotpot_distractor_dev,validation,5a8d5fc6554299585d9e37c6,
hotpot_distractor_dev,validation,5ac120c55542992a796dedfc,
hotpot_distractor_dev,validation,5ab7c1a955429928e1fe38c8,
hotpot_distractor_dev,validation,5abd01205542992ac4f3819b,
hotpot_distractor_dev,validation,5ab69c25554299110f219a39,
hotpot_distractor_dev,validation,5a7b12a355429927d897bf2a,
hotpot_distractor_dev,validation,5ae0006755429925eb1afbd3,
hotpot_distractor_dev,validation,5ae305df5542992decbdcdc3,
hotpot_distractor_dev,validation,5a8574945542997b5ce3fffb,
hotpot_distractor_dev,validation,5a7332935542991f9a20c67d,
hotpot_distractor_dev,validation,5a80071f5542992bc0c4a684,
hotpot_distractor_dev,validation,5ae73c065542991e8301cc18,
hotpot_distractor_dev,validation,5a87d8215542994775f60800,
hotpot_distractor_dev,validation,5ac2ffbd554299677310267b,
hotpot_distractor_dev,validation,5a7c960655429935c91b5244,
hotpot_distractor_dev,validation,5a7d61775542991319bc93b9,
hotpot_distractor_dev,validation,5ac1c6805542994ab5c67e11,
hotpot_distractor_dev,validation,5a7a230e5542996a35c170ee,
hotpot_distractor_dev,validation,5ae4627d5542991a06ce9a4d,
hotpot_distractor_dev,validation,5ac2d1d755429921a00ab053,
hotpot_distractor_dev,validation,5ab4e3065542990594ba9cb4,
hotpot_distractor_dev,validation,5ac298f9554299657fa28fc9,
hotpot_distractor_dev,validation,5ab6a2be554299710c8d1f08,
hotpot_distractor_dev,validation,5a738d27554299623ed4abf3,
hotpot_distractor_dev,validation,5ab2a186554299295394677b,
hotpot_distractor_dev,validation,5a8704f8554299211dda2ba4,
hotpot_distractor_dev,validation,5ab5ed505542997d4ad1f255,
hotpot_distractor_dev,validation,5a77c1505542997042120b1b,
hotpot_distractor_dev,validation,5a88d745554299206df2b378,
hotpot_distractor_dev,validation,5ae748d1554299572ea547b0,
hotpot_distractor_dev,validation,5a7a8a9c554299042af8f666,
hotpot_distractor_dev,validation,5adffe7155429906c02daa9e,
hotpot_distractor_dev,validation,5ab642845542995eadeeff8e,
hotpot_distractor_dev,validation,5a906a685542990a9849362e,
hotpot_distractor_dev,validation,5a7633ad5542992db9473741,
hotpot_distractor_dev,validation,5a74ce9655429974ef308c6c,
hotpot_distractor_dev,validation,5a713a5a5542994082a3e6a9,
hotpot_distractor_dev,validation,5ab341f755429969a97a8114,
hotpot_distractor_dev,validation,5a8325b35542990548d0b18f,
hotpot_distractor_dev,validation,5ab9374b554299131ca422c6,
hotpot_distractor_dev,validation,5ae52c0f5542992663a4f12e,
hotpot_distractor_dev,validation,5adbfbd555429947ff173893,
hotpot_distractor_dev,validation,5ab7f0015542992aa3b8c88b,
hotpot_distractor_dev,validation,5ac547525542993e66e822a3,
hotpot_distractor_dev,validation,5a7cbf8c554299452d57b9f4,
hotpot_distractor_dev,validation,5a7ddc5a5542995f4f4022da,
hotpot_distractor_dev,validation,5a7a1cd85542990783324e65,
hotpot_distractor_dev,validation,5ae0a59a55429945ae9593e2,
hotpot_distractor_dev,validation,5a8b987f5542997f31a41d7a,
hotpot_distractor_dev,validation,5a8739a05542994775f607ab,
hotpot_distractor_dev,validation,5ae67dba55429908198fa5f0,
hotpot_distractor_dev,validation,5a7b3f4d5542992d025e67bb,
hotpot_distractor_dev,validation,5ae2dfd155429928c423951b,
hotpot_distractor_dev,validation,5ab6ba245542995eadef007f,
hotpot_distractor_dev,validation,5ab8854555429934fafe6e0c,
hotpot_distractor_dev,validation,5a8eea4a5542990e94052bb7,
hotpot_distractor_dev,validation,5a74c85055429916b0164218,
hotpot_distractor_dev,validation,5a88dcf9554299206df2b383,
hotpot_distractor_dev,validation,5a7625c7554299109176e668,
hotpot_distractor_dev,validation,5ac0d83a554299294b219038,
hotpot_distractor_dev,validation,5a790d8f554299029c4b5eec,
hotpot_distractor_dev,validation,5ab2c5e255429916697740ba,
hotpot_distractor_dev,validation,5abcfc365542993a06baf9d6,
hotpot_distractor_dev,validation,5a8ee6915542990e94052bad,
hotpot_distractor_dev,validation,5abba4855542993f40c73b68,
hotpot_distractor_dev,validation,5ae0bae555429906c02dab08,
hotpot_distractor_dev,validation,5ab271fe554299449642c8a6,
hotpot_distractor_dev,validation,5a7997a2554299029c4b5f59,
hotpot_distractor_dev,validation,5add673e5542992ae4cec54d,
hotpot_distractor_dev,validation,5ae819ac55429952e35eaa16,
hotpot_distractor_dev,validation,5aba65a055429939ce03dcd2,
hotpot_distractor_dev,validation,5a87bada5542994846c1cddc,
hotpot_distractor_dev,validation,5ae74fc45542997b22f6a6b4,
hotpot_distractor_dev,validation,5adf65555542992d7e9f9334,
hotpot_distractor_dev,validation,5ade69e455429975fa854ec5,
hotpot_distractor_dev,validation,5ae057fd55429945ae959328,
hotpot_distractor_dev,validation,5ab28019554299722f9b4d51,
hotpot_distractor_dev,validation,5a75f79555429976ec32bcca,
hotpot_distractor_dev,validation,5adef80b5542993a75d263c4,
hotpot_distractor_dev,validation,5ae0aaf455429945ae959401,
hotpot_distractor_dev,validation,5ab47d765542991751b4d78f,
hotpot_distractor_dev,validation,5a7ed2c655429930675135e5,
hotpot_distractor_dev,validation,5ac3e0f7554299194317388b,
hotpot_distractor_dev,validation,5a7bae20554299294a54aa96,
hotpot_distractor_dev,validation,5ab8ee035542991b5579f04b,
hotpot_distractor_dev,validation,5a7a276d5542996c55b2dd27,
hotpot_distractor_dev,validation,5a717d4c5542994082a3e854,
hotpot_distractor_dev,validation,5ac02e31554299294b218f3f,
hotpot_distractor_dev,validation,5a79ea435542996c55b2dc9e,
hotpot_distractor_dev,validation,5ab7e4dc5542995dae37e9df,
hotpot_distractor_dev,validation,5a834ed95542990548d0b1ca,
hotpot_distractor_dev,validation,5ab41d855542996a3a969f4b,
hotpot_distractor_dev,validation,5a7b7ff75542995eb53be93d,
hotpot_distractor_dev,validation,5a7d19d85542995ed0d165e8,
hotpot_distractor_dev,validation,5ae7ed17554299540e5a56a3,
hotpot_distractor_dev,validation,5ab2659e554299340b5254b2,
hotpot_distractor_dev,validation,5abd2eab5542992ac4f38210,
hotpot_distractor_dev,validation,5abaf3195542996cc5e49f2c,
hotpot_distractor_dev,validation,5a791a97554299148911f9f2,
hotpot_distractor_dev,validation,5adf58f15542993a75d264d2,
hotpot_distractor_dev,validation,5adc65e85542996e68525350,
hotpot_distractor_dev,validation,5a87ab9b5542996e4f3088c2,
hotpot_distractor_dev,validation,5a738fe855429908901be2fb,
hotpot_distractor_dev,validation,5a8c65a1554299585d9e3680,
hotpot_distractor_dev,validation,5ac2bbd0554299218029db09,
hotpot_distractor_dev,validation,5adf3e355542993a75d26440,
hotpot_distractor_dev,validation,5ae82ae555429952e35eaa71,
hotpot_distractor_dev,validation,5ac289ff5542996366519a02,
hotpot_distractor_dev,validation,5a7a5b3a5542996c55b2dd71,
hotpot_distractor_dev,validation,5ab8688b55429934fafe6daa,
hotpot_distractor_dev,validation,5a7a3a945542996a35c17147,
hotpot_distractor_dev,validation,5ab9b29c554299743d22ebae,
hotpot_distractor_dev,validation,5a8b63fa55429950cd6afcd7,
hotpot_distractor_dev,validation,5ade51b45542997c77adedf4,
hotpot_distractor_dev,validation,5ae4c49a5542995dadf24400,
hotpot_distractor_dev,validation,5a7d3470554299452d57bb56,
hotpot_distractor_dev,validation,5ae4f2c75542993aec5ec0fb,
hotpot_distractor_dev,validation,5ab1d7ac554299449642c7e6,
hotpot_distractor_dev,validation,5a85cead5542991dd0999ea9,
hotpot_distractor_dev,validation,5a73a7c755429978a71e9068,
hotpot_distractor_dev,validation,5a7f113d55429934daa2fcbe,
hotpot_distractor_dev,validation,5ae6828f5542996d980e7bb9,
hotpot_distractor_dev,validation,5ab31864554299233954ff06,
hotpot_distractor_dev,validation,5abe239355429976d4830a7d,
hotpot_distractor_dev,validation,5ac2659b55429963665199a1,
hotpot_distractor_dev,validation,5ae058e855429945ae959331,
hotpot_distractor_dev,validation,5a7b8749554299294a54a9db,
hotpot_distractor_dev,validation,5a864ff7554299211dda2af2,
hotpot_distractor_dev,validation,5ae4d3c95542990ba0bbb165,
hotpot_distractor_dev,validation,5ab7f97a5542991d322237ef,
hotpot_distractor_dev,validation,5a7b46e55542995eb53be8e5,
hotpot_distractor_dev,validation,5a879ba55542993e715abfc3,
hotpot_distractor_dev,validation,5ae4563e5542996836b02c7f,
hotpot_distractor_dev,validation,5ab6ff3a5542991d3222372a,
hotpot_distractor_dev,validation,5a7a46605542994f819ef1ad,
hotpot_distractor_dev,validation,5ade7a435542997c77adee3a,
hotpot_distractor_dev,validation,5ac1795f5542994ab5c67d5f,
hotpot_distractor_dev,validation,5ab1e984554299340b525428,
hotpot_distractor_dev,validation,5a86769c5542994775f60776,
hotpot_distractor_dev,validation,5ab7da6f55429928e1fe3928,
hotpot_distractor_dev,validation,5ae497f15542995ad6573db8,
hotpot_distractor_dev,validation,5ae6f2a7554299572ea5464a,
hotpot_distractor_dev,validation,5adea9ea55429939a52fe934,
hotpot_distractor_dev,validation,5a7caae75542996dd594b971,
hotpot_distractor_dev,validation,5ac01bb8554299012d1db5a6,
hotpot_distractor_dev,validation,5abc3a65554299700f9d782d,
hotpot_distractor_dev,validation,5ae3ff575542995dadf242aa,
hotpot_distractor_dev,validation,5a89fb525542993b751ca9d6,
hotpot_distractor_dev,validation,5ab3d69255429969a97a81c9,
hotpot_distractor_dev,validation,5ac5199a5542994611c8b38a,
hotpot_distractor_dev,validation,5ae048a255429924de1b708e,
hotpot_distractor_dev,validation,5a9068a95542990a98493621,
hotpot_distractor_dev,validation,5adf9dc3554299025d62a2e6,
hotpot_distractor_dev,validation,5ae406245542995dadf242e2,
hotpot_distractor_dev,validation,5ab6369655429953192ad2a1,
hotpot_distractor_dev,validation,5ae628f55542995703ce8b32,
hotpot_distractor_dev,validation,5adccdd55542992c1e3a2408,
hotpot_distractor_dev,validation,5abd1529554299114383a1e3,
hotpot_distractor_dev,validation,5a78db8055429970f5fffdb2,
hotpot_distractor_dev,validation,5ab9debb55429955dce3ed97,
hotpot_distractor_dev,validation,5ae791ef55429952e35ea979,
hotpot_distractor_dev,validation,5ab8f7535542991b5579f0a7,
hotpot_distractor_dev,validation,5ac119335542992a796dede4,
hotpot_distractor_dev,validation,5a7d2afd5542995f4f402221,
hotpot_distractor_dev,validation,5a8dd5f955429917b4a5bcc7,
hotpot_distractor_dev,validation,5a83a532554299334474606f,
hotpot_distractor_dev,validation,5a90692f5542990a98493625,
hotpot_distractor_dev,validation,5a7555215542996c70cfaee1,
hotpot_distractor_dev,validation,5a90580655429933b8a204ef,
hotpot_distractor_dev,validation,5a88e605554299206df2b39c,
hotpot_distractor_dev,validation,5add67915542992200553af8,
hotpot_distractor_dev,validation,5a8463545542990548d0b2a3,
hotpot_distractor_dev,validation,5a74684655429929fddd8410,
hotpot_distractor_dev,validation,5a835c9f5542992ef85e228a,
hotpot_distractor_dev,validation,5ae7edee554299540e5a56ad,
hotpot_distractor_dev,validation,5a8ee4315542990e94052ba7,
hotpot_distractor_dev,validation,5a8cb288554299585d9e3726,
hotpot_distractor_dev,validation,5adfbca255429942ec259b2c,
hotpot_distractor_dev,validation,5ae24abc5542994d89d5b3c3,
hotpot_distractor_dev,validation,5ab802085542990e739ec7ca,
hotpot_distractor_dev,validation,5adfa3da554299025d62a317,
hotpot_distractor_dev,validation,5a76e88555429972597f13f4,
hotpot_distractor_dev,validation,5ac3ae475542995ef918c1e5,
hotpot_distractor_dev,validation,5abffc41554299012d1db551,
hotpot_distractor_dev,validation,5ae4c39f5542995dadf243fb,
hotpot_distractor_dev,validation,5a79c6a55542994bb9457091,
hotpot_distractor_dev,validation,5a7be5bd5542997c3ec972ba,
hotpot_distractor_dev,validation,5a7ec61a55429934daa2fc5f,
hotpot_distractor_dev,validation,5a7cb9b95542990527d55515,
hotpot_distractor_dev,validation,5a867089554299211dda2b30,
hotpot_distractor_dev,validation,5ae1801955429901ffe4aec4,
hotpot_distractor_dev,validation,5a76387d554299109176e6ba,
hotpot_distractor_dev,validation,5abd0d635542992ac4f381b8,
hotpot_distractor_dev,validation,5ae68fcb5542992ae0d1635b,
hotpot_distractor_dev,validation,5ab28b12554299449642c8ee,
hotpot_distractor_dev,validation,5a7133565542994082a3e65c,
hotpot_distractor_dev,validation,5abbd3ac55429931dba1458b,
hotpot_distractor_dev,validation,5a85ab905542994c784ddb35,
hotpot_distractor_dev,validation,5a8d93ad554299653c1aa13d,
hotpot_distractor_dev,validation,5a886886554299206df2b258,
hotpot_distractor_dev,validation,5a7c6bcc55429935c91b519c,
hotpot_distractor_dev,validation,5a825bb455429940e5e1a874,
hotpot_distractor_dev,validation,5a72a0be5542992359bc3143,
hotpot_distractor_dev,validation,5ade15f35542997545bbbe47,
hotpot_distractor_dev,validation,5a77cb5e55429967ab1052a7,
hotpot_distractor_dev,validation,5a83aaeb5542996488c2e483,
hotpot_distractor_dev,validation,5ac4392e5542997ea680ca32,
hotpot_distractor_dev,validation,5a7f5c9f55429969796c1a0f,
hotpot_distractor_dev,validation,5a8b770f5542995d1e6f13a7,
hotpot_distractor_dev,validation,5ae3dc205542992f92d823a1,
hotpot_distractor_dev,validation,5a7cf29255429909bec768b8,
hotpot_distractor_dev,validation,5a79f6ca554299029c4b5f90,
hotpot_distractor_dev,validation,5a8e3dc05542995085b37401,
hotpot_distractor_dev,validation,5ade24e35542992fa25da6e6,
hotpot_distractor_dev,validation,5ab5f854554299637185c64e,
hotpot_distractor_dev,validation,5ab5b6c1554299637185c5e5,
hotpot_distractor_dev,validation,5ae25ed15542992decbdccd2,
hotpot_distractor_dev,validation,5ab808ea5542991d3222380e,
hotpot_distractor_dev,validation,5ae5072e55429960a22e0246,
hotpot_distractor_dev,validation,5ac01bca5542992a796dec8d,
hotpot_distractor_dev,validation,5adf34d35542993a75d26425,
hotpot_distractor_dev,validation,5add67555542992ae4cec54e,
hotpot_distractor_dev,validation,5a8085705542992bc0c4a74b,
hotpot_distractor_dev,validation,5a756fa15542996c70cfaefb,
hotpot_distractor_dev,validation,5a7f6eab5542992097ad2f66,
hotpot_distractor_dev,validation,5ae5e1345542996de7b71a50,
hotpot_distractor_dev,validation,5a72c6f65542994cef4bc402,
hotpot_distractor_dev,validation,5a80ad7c5542992097ad3018,
hotpot_distractor_dev,validation,5a77a65b5542992a6e59df57,
hotpot_distractor_dev,validation,5a78b209554299148911f93e,
hotpot_distractor_dev,validation,5ab85a1155429934fafe6d7c,
hotpot_distractor_dev,validation,5a8da81e554299068b959d7e,
hotpot_distractor_dev,validation,5ab8f57b5542991b5579f097,
hotpot_distractor_dev,validation,5ab6bf6d55429953192ad372,
hotpot_distractor_dev,validation,5ae7385d5542992ae0d163da,
hotpot_distractor_dev,validation,5a7dd9445542997cc2c474ac,
hotpot_distractor_dev,validation,5ab446d455429942dd415f07,
hotpot_distractor_dev,validation,5ac497025542997ea680ca8d,
hotpot_distractor_dev,validation,5a7b7bed5542997c3ec971bc,
hotpot_distractor_dev,validation,5a89706055429951533612f9,
hotpot_distractor_dev,validation,5ac02edb554299294b218f41,
hotpot_distractor_dev,validation,5ab67772554299110f219a12,
hotpot_distractor_dev,validation,5a7b65ab5542997c3ec97144,
hotpot_distractor_dev,validation,5a760faa5542994ccc9186a8,
hotpot_distractor_dev,validation,5adbe1a7554299438c868cc3,
hotpot_distractor_dev,validation,5a80aeff5542996402f6a5eb,
hotpot_distractor_dev,validation,5ae74890554299572ea547af,
hotpot_distractor_dev,validation,5ac3d9c9554299204fd21ea3,
hotpot_distractor_dev,validation,5abc8620554299700f9d78e2,
hotpot_distractor_dev,validation,5a7b4bc35542992d025e67e0,
hotpot_distractor_dev,validation,5a85dfcc5542994775f60673,
hotpot_distractor_dev,validation,5a7b76735542997c3ec9719f,
hotpot_distractor_dev,validation,5a8c66db554299585d9e3683,
hotpot_distractor_dev,validation,5a7e05ba5542995f4f402392,
hotpot_distractor_dev,validation,5a88a4245542997e5c09a668,
hotpot_distractor_dev,validation,5a8799c55542996e4f308877,
hotpot_distractor_dev,validation,5ac038db554299294b218f57,
hotpot_distractor_dev,validation,5a764c0b55429976ec32bd89,
hotpot_distractor_dev,validation,5a77309d55429972597f1487,
hotpot_distractor_dev,validation,5ab7bae95542993667793ff4,
hotpot_distractor_dev,validation,5a7c9f325542990527d554e6,
hotpot_distractor_dev,validation,5a8f69b55542997ba9cb324f,
hotpot_distractor_dev,validation,5adbda2755429944faac2385,
hotpot_distractor_dev,validation,5ab67bd355429954757d32f2,
hotpot_distractor_dev,validation,5a90843c5542995651fb517e,
hotpot_distractor_dev,validation,5a8324815542990548d0b184,
hotpot_distractor_dev,validation,5adf4a275542993a75d26498,
hotpot_distractor_dev,validation,5ae4c5595542990ba0bbb123,
hotpot_distractor_dev,validation,5ab5057b5542991779162d56,
hotpot_distractor_dev,validation,5a837d9a554299123d8c213e,
hotpot_distractor_dev,validation,5a81ebee554299676cceb16d,
hotpot_distractor_dev,validation,5ab48c325542996a3a969f93,
hotpot_distractor_dev,validation,5a8488f45542992a431d1a47,
hotpot_distractor_dev,validation,5abe689a55429976d4830b16,
hotpot_distractor_dev,validation,5a7a014a5542996c55b2dccf,
hotpot_distractor_dev,validation,5a895d305542993b751ca931,
hotpot_distractor_dev,validation,5a85c3a15542992a431d1b97,
hotpot_distractor_dev,validation,5ae32b6755429928c4239644,
hotpot_distractor_dev,validation,5a8d02cc554299441c6b9fb6,
hotpot_distractor_dev,validation,5a78daf855429970f5fffdae,
hotpot_distractor_dev,validation,5adc094a55429947ff1738c0,
hotpot_distractor_dev,validation,5ae77c245542997b22f6a795,
hotpot_distractor_dev,validation,5a88f9555542995153361214,
hotpot_distractor_dev,validation,5a874ce15542996432c57256,
hotpot_distractor_dev,validation,5a7e7ed05542991319bc94c2,
hotpot_distractor_dev,validation,5abf44025542993fe9a41def,
hotpot_distractor_dev,validation,5ab531cc5542990594ba9d23,
hotpot_distractor_dev,validation,5a90605d5542995651fb514d,
hotpot_distractor_dev,validation,5ac45b58554299076e296dad,
hotpot_distractor_dev,validation,5a8eb4d65542990e94052b82,
hotpot_distractor_dev,validation,5a8038b55542996402f6a485,
hotpot_distractor_dev,validation,5ab83d595542990e739ec886,
hotpot_distractor_dev,validation,5ae0d52e554299603e418469,
hotpot_distractor_dev,validation,5a8f9b8c5542997ba9cb32e6,
hotpot_distractor_dev,validation,5ae75a4c5542997b22f6a6f1,
hotpot_distractor_dev,validation,5ab45a0b5542991779162c7e,
hotpot_distractor_dev,validation,5a8b452655429971feec468e,
hotpot_distractor_dev,validation,5a8d7b1755429941ae14dfc6,
hotpot_distractor_dev,validation,5ab6f0c25542995eadef00ea,
hotpot_distractor_dev,validation,5ab72a025542992aa3b8c7b8,
hotpot_distractor_dev,validation,5ade42b55542992fa25da717,
hotpot_distractor_dev,validation,5ae4c2b95542995dadf243ef,
hotpot_distractor_dev,validation,5abf10b75542997719eab659,
hotpot_distractor_dev,validation,5add564a5542990dbb2f7e38,
hotpot_distractor_dev,validation,5a738225554299623ed4abc3,
hotpot_distractor_dev,validation,5a729e7b5542992359bc313d,
hotpot_distractor_dev,validation,5a811152554299260e20a22e,
hotpot_distractor_dev,validation,5adddd075542992200553b71,
hotpot_distractor_dev,validation,5ade9545554299728e26c740,
hotpot_distractor_dev,validation,5ab25004554299722f9b4cd7,
hotpot_distractor_dev,validation,5ac1f4495542991316484bd2,
hotpot_distractor_dev,validation,5ac0cf0f554299294b219018,
hotpot_distractor_dev,validation,5ab3306a55429969a97a80fd,
hotpot_distractor_dev,validation,5ade0fb95542997545bbbe39,
hotpot_distractor_dev,validation,5ab78edc5542995dae37e95c,
hotpot_distractor_dev,validation,5ac056385542997d64295a08,
hotpot_distractor_dev,validation,5aba9e2455429939ce03dd3a,
hotpot_distractor_dev,validation,5a90b43455429916514e7523,
hotpot_distractor_dev,validation,5abb30755542996cc5e49fd8,
hotpot_distractor_dev,validation,5ae4ec1e5542990ba0bbb19b,
hotpot_distractor_dev,validation,5add405f5542992c1e3a2581,
hotpot_distractor_dev,validation,5a71717d5542994082a3e834,
hotpot_distractor_dev,validation,5adf8fe55542993344016d0f,
hotpot_distractor_dev,validation,5a78f59755429970f5fffdf7,
hotpot_distractor_dev,validation,5a8099935542996402f6a58b,
hotpot_distractor_dev,validation,5ab6aaff55429953192ad35b,
hotpot_distractor_dev,validation,5abcc96c5542996583600492,
hotpot_distractor_dev,validation,5a8b78775542997f31a41d3d,
hotpot_distractor_dev,validation,5a7252db5542990c210a4104,
hotpot_distractor_dev,validation,5ae2ee5e5542991a06ce990a,
hotpot_distractor_dev,validation,5abc5951554299114383a116,
hotpot_distractor_dev,validation,5ac1a3665542994ab5c67daf,
hotpot_distractor_dev,validation,5adc0c2b55429947ff1738db,
hotpot_distractor_dev,validation,5a7634f155429976ec32bd6b,
hotpot_distractor_dev,validation,5a7574e25542996c70cfaf01,
hotpot_distractor_dev,validation,5adc8977554299438c868de2,
hotpot_distractor_dev,validation,5a7dc2495542997cc2c4749a,
hotpot_distractor_dev,validation,5a8f05b1554299458435d517,
hotpot_distractor_dev,validation,5ab7bbbf55429928e1fe38bf,
hotpot_distractor_dev,validation,5a8af28555429951533613b5,
hotpot_distractor_dev,validation,5ae1f596554299234fd04372,
hotpot_distractor_dev,validation,5a8b3af455429971feec467b,
hotpot_distractor_dev,validation,5add311b5542994ed6169cc5,
hotpot_distractor_dev,validation,5ae60426554299546bf83019,
hotpot_distractor_dev,validation,5a8cfee555429941ae14df5c,
hotpot_distractor_dev,validation,5a71166d5542994082a3e576,
hotpot_distractor_dev,validation,5ae789615542997ec2727695,
hotpot_distractor_dev,validation,5a7757215542993569682d58,
hotpot_distractor_dev,validation,5a81ff62554299676cceb1c4,
hotpot_distractor_dev,validation,5ae4890a5542995ad6573d60,
hotpot_distractor_dev,validation,5a79c1335542994bb9457066,
hotpot_distractor_dev,validation,5ac52fc35542994611c8b403,
hotpot_distractor_dev,validation,5adda7585542997dc790700c,
hotpot_distractor_dev,validation,5adf043b5542993a75d263d4,
hotpot_distractor_dev,validation,5abd6bf055429933744ab7c8,
hotpot_distractor_dev,validation,5ae0038655429925eb1afbe0,
hotpot_distractor_dev,validation,5a73977d554299623ed4ac08,
hotpot_distractor_dev,validation,5ac2a399554299218029dada,
hotpot_distractor_dev,validation,5ae0f6f5554299422ee99583,
hotpot_distractor_dev,validation,5adc1ae5554299438c868d5c,
hotpot_distractor_dev,validation,5ae6860e5542991bbc976112,
hotpot_distractor_dev,validation,5ae1316555429901ffe4adda,
hotpot_distractor_dev,validation,5adfeb0555429942ec259b88,
hotpot_distractor_dev,validation,5ab5499e5542992aa134a295,
hotpot_distractor_dev,validation,5adeffa85542992d7e9f926f,
hotpot_distractor_dev,validation,5adfd2f255429925eb1afaa5,
hotpot_distractor_dev,validation,5ae5b301554299546bf82f2d,
hotpot_distractor_dev,validation,5ab1eac95542993be8fa987f,
hotpot_distractor_dev,validation,5ae15e125542990adbacf773,
hotpot_distractor_dev,validation,5a77beae5542992a6e59dfae,
hotpot_distractor_dev,validation,5ae1f5a15542997f29b3c1b5,
hotpot_distractor_dev,validation,5ade908b55429975fa854f13,
hotpot_distractor_dev,validation,5ab47cd75542991751b4d78d,
hotpot_distractor_dev,validation,5a79b7f6554299029c4b5f6f,
hotpot_distractor_dev,validation,5ab626d555429953192ad279,
hotpot_distractor_dev,validation,5a84873e5542997175ce1eec,
hotpot_distractor_dev,validation,5ac537975542996feb3fea3c,
hotpot_distractor_dev,validation,5a8f45ca5542997ba9cb320e,
hotpot_distractor_dev,validation,5a8ac4085542992d82986f74,
hotpot_distractor_dev,validation,5a7b374c5542995eb53be8cc,
hotpot_distractor_dev,validation,5ab92e02554299753720f775,
hotpot_distractor_dev,validation,5ab58f9a554299488d4d99da,
hotpot_distractor_dev,validation,5adf860e5542993344016cbc,
hotpot_distractor_dev,validation,5a7ad9865542995eb53be8aa,
hotpot_distractor_dev,validation,5a71443f5542994082a3e727,
hotpot_distractor_dev,validation,5a7cbf93554299452d57b9f5,
hotpot_distractor_dev,validation,5adf98215542993344016d19,
hotpot_distractor_dev,validation,5ae1fa2b5542997f29b3c1df,
hotpot_distractor_dev,validation,5ae650fb55429929b0807b2e,
hotpot_distractor_dev,validation,5a85597c5542997175ce1fba,
hotpot_distractor_dev,validation,5ac19d4c55429963665198bb,
hotpot_distractor_dev,validation,5ab611cc5542992aa134a411,
hotpot_distractor_dev,validation,5ab7c87d55429928e1fe38de,
hotpot_distractor_dev,validation,5ab4bea15542990594ba9cae,
hotpot_distractor_dev,validation,5ade9c9c5542997c77adee8c,
hotpot_distractor_dev,validation,5ae0d7315542990adbacf678,
hotpot_distractor_dev,validation,5ae1ba55554299234fd042d9,
hotpot_distractor_dev,validation,5a839c8b5542996488c2e479,
hotpot_distractor_dev,validation,5abdd08d5542991f6610604c,
hotpot_distractor_dev,validation,5ade190f55429975fa854e40,
hotpot_distractor_dev,validation,5a8cd381554299653c1aa12b,
hotpot_distractor_dev,validation,5abd12bb55429933744ab703,
hotpot_distractor_dev,validation,5abb1e1b5542992ccd8e7f19,
hotpot_distractor_dev,validation,5adeb95d5542992fa25da827,
hotpot_distractor_dev,validation,5a8ba59a554299240d9c2058,
hotpot_distractor_dev,validation,5a7c53a855429935c91b515d,
hotpot_distractor_dev,validation,5ae54eea5542993aec5ec19d,
hotpot_distractor_dev,validation,5a8026a05542992e7d278df8,
hotpot_distractor_dev,validation,5a7a27ce5542996c55b2dd28,
hotpot_distractor_dev,validation,5ab9812d554299753720f821,
hotpot_distractor_dev,validation,5ac3b5d3554299741d48a2f3,
hotpot_distractor_dev,validation,5ab811e95542995dae37ea22,
hotpot_distractor_dev,validation,5a80541d5542996402f6a4d2,
hotpot_distractor_dev,validation,5ac2546a554299636651997b,
hotpot_distractor_dev,validation,5ab8f3235542991b5579f084,
hotpot_distractor_dev,validation,5ac31066554299741d48a19d,
hotpot_distractor_dev,validation,5ac279345542990b17b153b0,
hotpot_distractor_dev,validation,5adfc50355429942ec259b43,
hotpot_distractor_dev,validation,5ae5e1985542996de7b71a54,
hotpot_distractor_dev,validation,5a87411d5542994846c1cd37,
hotpot_distractor_dev,validation,5ab4107a554299753aec5a2f,
hotpot_distractor_dev,validation,5ae3d8415542992f92d8239a,
hotpot_distractor_dev,validation,5a88a19a5542997e5c09a64b,
hotpot_distractor_dev,validation,5a7e1ad155429965cec5ea66,
hotpot_distractor_dev,validation,5a745e1455429929fddd83fd,
hotpot_distractor_dev,validation,5a8ca7d4554299240d9c21b8,
hotpot_distractor_dev,validation,5a7ec90055429934daa2fc66,
hotpot_distractor_dev,validation,5a82112955429926c1cdae25,
hotpot_distractor_dev,validation,5a85a3005542991dd0999e72,
hotpot_distractor_dev,validation,5ab4475c5542996a3a969f6c,
hotpot_distractor_dev,validation,5ac1a04e5542991316484b63,
hotpot_distractor_dev,validation,5ae09ce855429924de1b7113,
hotpot_distractor_dev,validation,5a78bc6b554299148911f979,
hotpot_distractor_dev,validation,5ab2a8b655429929539467ab,
hotpot_distractor_dev,validation,5a8a7d2b55429930ff3c0dfc,
hotpot_distractor_dev,validation,5ae3f2395542995ad6573cc6,
hotpot_distractor_dev,validation,5a90bd7b55429916514e7547,
hotpot_distractor_dev,validation,5ae20e265542994d89d5b325,
hotpot_distractor_dev,validation,5abc039a5542993f40c73c49,
hotpot_distractor_dev,validation,5a77c74155429967ab105291,
hotpot_distractor_dev,validation,5ae48e7e55429913cc20449d,
hotpot_distractor_dev,validation,5abaf4535542996cc5e49f35,
hotpot_distractor_dev,validation,5a901e5c55429933b8a2047c,
hotpot_distractor_dev,validation,5ab528a3554299637185c4e5,
hotpot_distractor_dev,validation,5a88fc4255429938390d4019,
hotpot_distractor_dev,validation,5ae0345855429924de1b705f,
hotpot_distractor_dev,validation,5ac1b5de5542994d76dccec6,
hotpot_distractor_dev,validation,5a82fe5055429966c78a6ad3,
hotpot_distractor_dev,validation,5a798f8c5542994bb9457023,
hotpot_distractor_dev,validation,5add63845542992ae4cec541,
hotpot_distractor_dev,validation,5ababbe9554299232ef4a38a,
hotpot_distractor_dev,validation,5ae3205c55429928c423961e,
hotpot_distractor_dev,validation,5abcf2b4554299700f9d7937,
hotpot_distractor_dev,validation,5a8b4a5f55429949d91db531,
hotpot_distractor_dev,validation,5a79be0e5542994f819ef084,
hotpot_distractor_dev,validation,5ae69e3f5542996d980e7c61,
hotpot_distractor_dev,validation,5a8a495055429930ff3c0d6a,
hotpot_distractor_dev,validation,5a8c5c6f554299653c1aa04d,
hotpot_distractor_dev,validation,5a80ecea55429938b6142254,
hotpot_distractor_dev,validation,5a8242c155429940e5e1a81d,
hotpot_distractor_dev,validation,5a7cef5d55429909bec768ac,
hotpot_distractor_dev,validation,5a7319e755429901807daf86,
hotpot_distractor_dev,validation,5ae1d0e8554299234fd0430a,
hotpot_distractor_dev,validation,5ade99295542992fa25da7d8,
hotpot_distractor_dev,validation,5a734bb65542994cef4bc50f,
hotpot_distractor_dev,validation,5abe7eb05542993f32c2a12c,
hotpot_distractor_dev,validation,5a84f7255542991dd0999e33,
hotpot_distractor_dev,validation,5a70f1685542994082a3e40f,
hotpot_distractor_dev,validation,5ae0de1455429924de1b71b4,
hotpot_distractor_dev,validation,5ae4a2b25542995ad6573de0,
hotpot_distractor_dev,validation,5abd9c2355429924427fd06c,
hotpot_distractor_dev,validation,5a74701655429979e2882952,
hotpot_distractor_dev,validation,5ab7f7465542993667794071,
hotpot_distractor_dev,validation,5a7a6ee75542996c55b2ddac,
hotpot_distractor_dev,validation,5a85fa815542996432c57155,
hotpot_distractor_dev,validation,5ae27f555542992decbdcd30,
hotpot_distractor_dev,validation,5ade3d75554299728e26c68b,
hotpot_distractor_dev,validation,5ae236da5542994d89d5b397,
hotpot_distractor_dev,validation,5adfad2b554299603e41835c,
hotpot_distractor_dev,validation,5abbc58455429931dba14502,
hotpot_distractor_dev,validation,5a861fa75542994775f60706,
hotpot_distractor_dev,validation,5a888fe6554299206df2b2f7,
hotpot_distractor_dev,validation,5ab865235542992aa3b8c8db,
hotpot_distractor_dev,validation,5ae064985542993d6555eb47,
hotpot_distractor_dev,validation,5ae531a95542990ba0bbb1fc,
hotpot_distractor_dev,validation,5ae533535542993aec5ec173,
hotpot_distractor_dev,validation,5adebea1554299728e26c7b6,
hotpot_distractor_dev,validation,5adfdc7d55429942ec259b64,
hotpot_distractor_dev,validation,5adbe9fa55429944faac23ba,
hotpot_distractor_dev,validation,5ae31bbd55429928c42395fc,
hotpot_distractor_dev,validation,5ae2120e5542997283cd23ad,
hotpot_distractor_dev,validation,5a9052765542995651fb513d,
hotpot_distractor_dev,validation,5ae6795855429908198fa5e4,
hotpot_distractor_dev,validation,5a84e61b5542997b5ce3ff86,
hotpot_distractor_dev,validation,5ab266b5554299340b5254b4,
hotpot_distractor_dev,validation,5ab5ec0a5542997d4ad1f250,
hotpot_distractor_dev,validation,5a72a9ab5542992359bc315a,
hotpot_distractor_dev,validation,5a848b5c5542997175ce1ef2,
hotpot_distractor_dev,validation,5ab467975542991751b4d75f,
hotpot_distractor_dev,validation,5a75ebfc5542992d0ec06018,
hotpot_distractor_dev,validation,5a7cdd6b55429909bec76858,
hotpot_distractor_dev,validation,5a8209845542990a1d231f1f,
hotpot_distractor_dev,validation,5a726b0f5542997f827839be,
hotpot_distractor_dev,validation,5ac2616b5542996366519997,
hotpot_distractor_dev,validation,5ae4f3c455429960a22e0221,
hotpot_distractor_dev,validation,5a8b4ec155429949d91db53f,
hotpot_distractor_dev,validation,5ac52f455542996feb3fea12,
hotpot_distractor_dev,validation,5ab438395542990594ba9bb9,
hotpot_distractor_dev,validation,5a81a7f75542995ce29dcc25,
hotpot_distractor_dev,validation,5add98985542990dbb2f7e82,
hotpot_distractor_dev,validation,5ae1465855429920d5234373,
hotpot_distractor_dev,validation,5a721d5a55429971e9dc9283,
hotpot_distractor_dev,validation,5ae7ea695542994a481bbe17,
hotpot_distractor_dev,validation,5ae7eb3c5542994a481bbe20,
hotpot_distractor_dev,validation,5adf69055542995534e8c7a4,
hotpot_distractor_dev,validation,5a806cdf5542996402f6a508,
hotpot_distractor_dev,validation,5a78d01d55429974737f78b3,
hotpot_distractor_dev,validation,5adf62d05542992d7e9f932d,
hotpot_distractor_dev,validation,5a8b3fe85542995d1e6f1323,
hotpot_distractor_dev,validation,5a7dedef5542995f4f40231a,
hotpot_distractor_dev,validation,5a88c68d55429938390d3fba,
hotpot_distractor_dev,validation,5abc0bea554299658360040d,
hotpot_distractor_dev,validation,5abb2f245542996cc5e49fd2,
hotpot_distractor_dev,validation,5a72f74a55429901807daf59,
hotpot_distractor_dev,validation,5ae0a54e5542993d6555ebdd,
hotpot_distractor_dev,validation,5a866e7e554299211dda2b29,
hotpot_distractor_dev,validation,5abaf6865542996cc5e49f3c,
hotpot_distractor_dev,validation,5ae534bb5542990ba0bbb21d,
hotpot_distractor_dev,validation,5ae327e05542992f92d82220,
hotpot_distractor_dev,validation,5abebbe65542997719eab59d,
hotpot_distractor_dev,validation,5ab5e9865542992aa134a3db,
hotpot_distractor_dev,validation,5a7a112a5542990783324e2b,
hotpot_distractor_dev,validation,5adf430e5542993a75d2645e,
hotpot_distractor_dev,validation,5a779be75542995d83181215,
hotpot_distractor_dev,validation,5a809b575542996402f6a59c,
hotpot_distractor_dev,validation,5abed9435542994516f45457,
hotpot_distractor_dev,validation,5adf4ba65542992d7e9f931c,
hotpot_distractor_dev,validation,5ae491155542995ad6573da3,
hotpot_distractor_dev,validation,5ac440385542997ea680ca4e,
hotpot_distractor_dev,validation,5a84d80c5542992a431d1ab5,
hotpot_distractor_dev,validation,5ae7945d5542997b22f6a7ba,
hotpot_distractor_dev,validation,5ab98608554299131ca42362,
hotpot_distractor_dev,validation,5ab3eeb5554299233954fff4,
hotpot_distractor_dev,validation,5a7ce50f55429909bec76869,
hotpot_distractor_dev,validation,5a8fa4d95542995b4424207b,
hotpot_distractor_dev,validation,5a72ba165542992359bc318a,
hotpot_distractor_dev,validation,5a85ae455542997175ce1ff0,
hotpot_distractor_dev,validation,5a8bbfb15542995e66a474f6,
hotpot_distractor_dev,validation,5ac240ef55429951e9e684ef,
hotpot_distractor_dev,validation,5ab72b5c5542993667793f63,
hotpot_distractor_dev,validation,5ab3af70554299233954ff81,
hotpot_distractor_dev,validation,5ae320a95542991a06ce992e,
hotpot_distractor_dev,validation,5ae28b76554299495565daa8,
hotpot_distractor_dev,validation,5ab6a8b5554299710c8d1f30,
hotpot_distractor_dev,validation,5a8b8f5b55429949d91db5e1,
hotpot_distractor_dev,validation,5ae829ea5542997ec2727738,
hotpot_distractor_dev,validation,5aba14195542994dbf0198a9,
hotpot_distractor_dev,validation,5ae370295542992e3233c402,
hotpot_distractor_dev,validation,5abdba405542993f32c2a023,
hotpot_distractor_dev,validation,5a855b5c5542997b5ce3ffeb,
hotpot_distractor_dev,validation,5adf734b5542995ec70e9016,
hotpot_distractor_dev,validation,5a81ca835542990a1d231ebd,
hotpot_distractor_dev,validation,5abba581554299642a094af9,
hotpot_distractor_dev,validation,5a887f5c554299206df2b2c0,
hotpot_distractor_dev,validation,5a80956e5542996402f6a579,
hotpot_distractor_dev,validation,5ac2efd65542990b17b154c7,
hotpot_distractor_dev,validation,5a7af32e55429931da12c99c,
hotpot_distractor_dev,validation,5a7c9d2e55429935c91b5261,
hotpot_distractor_dev,validation,5a8752955542994775f607d1,
hotpot_distractor_dev,validation,5ae3e2455542994393b9e78c,
hotpot_distractor_dev,validation,5abd552555429933744ab776,
hotpot_distractor_dev,validation,5ac048cc554299294b218f73,
hotpot_distractor_dev,validation,5ac048ea554299294b218f74,
hotpot_distractor_dev,validation,5ab474135542991751b4d77b,
hotpot_distractor_dev,validation,5a711cb45542994082a3e59f,
hotpot_distractor_dev,validation,5ae60db1554299546bf83041,
hotpot_distractor_dev,validation,5a8b81bc55429949d91db5b8,
hotpot_distractor_dev,validation,5a73bcf055429978a71e909c,
hotpot_distractor_dev,validation,5ae1436e55429901ffe4ae31,
hotpot_distractor_dev,validation,5ab207f65542993be8fa98b8,
hotpot_distractor_dev,validation,5a7766b15542993569682d7e,
hotpot_distractor_dev,validation,5ac1a3fa5542991316484b7d,
hotpot_distractor_dev,validation,5a790f5e55429970f5fffe40,
hotpot_distractor_dev,validation,5add10ca5542994ed6169c59,
hotpot_distractor_dev,validation,5ae1b2b9554299422ee99684,
hotpot_distractor_dev,validation,5a7f81425542992097ad2f8e,
hotpot_distractor_dev,validation,5a817f6655429938b6142349,
hotpot_distractor_dev,validation,5ab6ddb655429953192ad39e,
hotpot_distractor_dev,validation,5a76cb9b55429966f1a36bf2,
hotpot_distractor_dev,validation,5ae4808455429970de88d990,
hotpot_distractor_dev,validation,5ab7f6d35542993667794070,
hotpot_distractor_dev,validation,5abe86365542993f32c2a14d,
hotpot_distractor_dev,validation,5a7571095542992d0ec05f97,
hotpot_distractor_dev,validation,5adcfbf45542990d50227d86,
hotpot_distractor_dev,validation,5ab30d1155429976abd1bc3d,
hotpot_distractor_dev,validation,5ae6069c55429929b0807a67,
hotpot_distractor_dev,validation,5a711c535542994082a3e59b,
hotpot_distractor_dev,validation,5adf85e05542993344016cba,
hotpot_distractor_dev,validation,5a77897f55429949eeb29edc,
hotpot_distractor_dev,validation,5ae10a5b55429920d52342a0,
hotpot_distractor_dev,validation,5ab639e65542995eadeeff7f,
hotpot_distractor_dev,validation,5a8bae135542996e8ac889b6,
hotpot_distractor_dev,validation,5a75e33855429976ec32bc74,
hotpot_distractor_dev,validation,5ae363ff5542992f92d822bc,
hotpot_distractor_dev,validation,5ac0e6fa5542996f0d89cc35,
hotpot_distractor_dev,validation,5ade6b67554299728e26c71c,
hotpot_distractor_dev,validation,5ae0c7e755429945ae95944c,
hotpot_distractor_dev,validation,5a78f753554299078472776e,
hotpot_distractor_dev,validation,5adcde255542992c1e3a243f,
hotpot_distractor_dev,validation,5ae73d505542991e8301cc2c,
hotpot_distractor_dev,validation,5ae18d615542997283cd2229,
hotpot_distractor_dev,validation,5ac3ad7f5542995ef918c1de,
hotpot_distractor_dev,validation,5ab9d44255429939ce03dc36,
hotpot_distractor_dev,validation,5a863b27554299211dda2ab6,
hotpot_distractor_dev,validation,5a79118755429974737f7962,
hotpot_distractor_dev,validation,5abfa9745542997ec76fd426,
hotpot_distractor_dev,validation,5abfc8675542993fe9a41e52,
hotpot_distractor_dev,validation,5a866c04554299211dda2b25,
hotpot_distractor_dev,validation,5a80c74f554299260e20a158,
hotpot_distractor_dev,validation,5ae5691055429960a22e02f3,
hotpot_distractor_dev,validation,5ab1d983554299340b52540a,
hotpot_distractor_dev,validation,5ab28e2a5542993be8fa9947,
hotpot_distractor_dev,validation,5ab9547755429970cfb8ea6c,
hotpot_distractor_dev,validation,5a7ce0bc55429909bec76863,
hotpot_distractor_dev,validation,5ae17daa55429901ffe4aea9,
hotpot_distractor_dev,validation,5ae7c5ef5542993210983f44,
hotpot_distractor_dev,validation,5a7313865542994cef4bc442,
hotpot_distractor_dev,validation,5adccf645542990d50227d32,
hotpot_distractor_dev,validation,5ac176555542994d76dcce47,
hotpot_distractor_dev,validation,5abbf3845542993f40c73c2e,
hotpot_distractor_dev,validation,5a8781b65542993e715abf8f,
hotpot_distractor_dev,validation,5a807ea1554299485f598624,
hotpot_distractor_dev,validation,5a8ec7cc5542995a26add518,
hotpot_distractor_dev,validation,5a7a978555429941d65f26db,
hotpot_distractor_dev,validation,5a7fc70155429969796c1b59,
hotpot_distractor_dev,validation,5ab84d5a55429916710eb028,
hotpot_distractor_dev,validation,5a7f392b55429934daa2fd26,
hotpot_distractor_dev,validation,5a877dd65542993e715abf79,
hotpot_distractor_dev,validation,5a8b99c355429950cd6afd28,
hotpot_distractor_dev,validation,5a8e2ba05542995085b373b8,
hotpot_distractor_dev,validation,5a74581555429979e2882912,
hotpot_distractor_dev,validation,5ac1d40c5542994d76dccef5,
hotpot_distractor_dev,validation,5a7c6b6655429935c91b519a,
hotpot_distractor_dev,validation,5a73522d5542994cef4bc541,
hotpot_distractor_dev,validation,5a822a5e55429926c1cdae43,
hotpot_distractor_dev,validation,5a7b1023554299042af8f6c2,
hotpot_distractor_dev,validation,5a84574455429933447460e6,
hotpot_distractor_dev,validation,5a89a02955429946c8d6e975,
hotpot_distractor_dev,validation,5abdf1fe55429976d4830a31,
hotpot_distractor_dev,validation,5ae1e9fd5542997f29b3c1a1,
hotpot_distractor_dev,validation,5a77b0395542997042120ae1,
hotpot_distractor_dev,validation,5a79c8fa5542994bb94570a1,
hotpot_distractor_dev,validation,5ae21937554299234fd043d3,
hotpot_distractor_dev,validation,5a7cdcbf55429907fabef04f,
hotpot_distractor_dev,validation,5ac51a055542994611c8b390,
hotpot_distractor_dev,validation,5a78c7db55429974737f7882,
hotpot_distractor_dev,validation,5a82e25555429954d2e2ebbf,
hotpot_distractor_dev,validation,5ab42b8955429942dd415ea6,
hotpot_distractor_dev,validation,5a8db916554299441c6ba057,
hotpot_distractor_dev,validation,5a79ca585542996c55b2dc71,
hotpot_distractor_dev,validation,5abd6cb955429933744ab7cd,
hotpot_distractor_dev,validation,5a7642f7554299109176e6e8,
hotpot_distractor_dev,validation,5a88a42f554299206df2b317,
hotpot_distractor_dev,validation,5a8c90db554299653c1aa0bf,
hotpot_distractor_dev,validation,5a763986554299109176e6bd,
hotpot_distractor_dev,validation,5a7cc0d4554299452d57ba07,
hotpot_distractor_dev,validation,5a86113355429960ec39b618,
hotpot_distractor_dev,validation,5a722fae55429971e9dc9343,
hotpot_distractor_dev,validation,5a7af4cd55429931da12c9a6,
hotpot_distractor_dev,validation,5a7d9bc65542990b8f5039cb,
hotpot_distractor_dev,validation,5adbd70c55429947ff173843,
hotpot_distractor_dev,validation,5a7e04b05542995f4f40238a,
hotpot_distractor_dev,validation,5a90b6985542990a984936c2,
hotpot_distractor_dev,validation,5ae164685542997b2ef7d1cb,
hotpot_distractor_dev,validation,5a86fde6554299211dda2b7f,
hotpot_distractor_dev,validation,5a802e135542992bc0c4a6c7,
hotpot_distractor_dev,validation,5ac31456554299741d48a1b4,
hotpot_distractor_dev,validation,5ae0a6ea5542993d6555ebe9,
hotpot_distractor_dev,validation,5a872e8e5542991e7718170c,
hotpot_distractor_dev,validation,5a7265825542997f827839a3,
hotpot_distractor_dev,validation,5abe2b0155429976d4830a83,
hotpot_distractor_dev,validation,5ae135fb55429920d523431f,
hotpot_distractor_dev,validation,5a8f0a01554299458435d539,
hotpot_distractor_dev,validation,5ab40e1c5542996a3a969f00,
hotpot_distractor_dev,validation,5ab28c89554299340b525513,
hotpot_distractor_dev,validation,5a87e3d65542993e715abff8,
hotpot_distractor_dev,validation,5addfc425542997dc7907101,
hotpot_distractor_dev,validation,5ab576dc5542997d4ad1f13d,
hotpot_distractor_dev,validation,5a8d8eb5554299068b959d3a,
hotpot_distractor_dev,validation,5ac5101455429924173fb592,
hotpot_distractor_dev,validation,5ab91f98554299753720f70d,
hotpot_distractor_dev,validation,5ae6371155429929b0807af1,
hotpot_distractor_dev,validation,5ac1bff05542994ab5c67dfc,
hotpot_distractor_dev,validation,5a7c2f145542996dd594b8b4,
hotpot_distractor_dev,validation,5a81e4e8554299676cceb140,
hotpot_distractor_dev,validation,5a83041355429966c78a6ae8,
hotpot_distractor_dev,validation,5ab7fa7b5542992aa3b8c897,
hotpot_distractor_dev,validation,5a8cee9b554299441c6b9f87,
hotpot_distractor_dev,validation,5ab67bf255429954757d32f5,
hotpot_distractor_dev,validation,5a77d65055429949eeb29f7b,
hotpot_distractor_dev,validation,5a7f3f7c55429934daa2fd45,
hotpot_distractor_dev,validation,5ade811e5542992fa25da7a0,
hotpot_distractor_dev,validation,5a7633ff5542994ccc918712,
hotpot_distractor_dev,validation,5a88a1475542997e5c09a646,
hotpot_distractor_dev,validation,5a8887a055429938390d3f72,
hotpot_distractor_dev,validation,5a86399e5542994775f60733,
hotpot_distractor_dev,validation,5a84c0765542991dd0999dd9,
hotpot_distractor_dev,validation,5adf17f95542995ec70e8f6c,
hotpot_distractor_dev,validation,5a7f5ab65542995d8a8dde43,
hotpot_distractor_dev,validation,5a8cec13554299441c6b9f7d,
hotpot_distractor_dev,validation,5abce9ca554299114383a193,
hotpot_distractor_dev,validation,5a7a1b845542990783324e5f,
hotpot_distractor_dev,validation,5a7363ec5542991f29ee2dd7,
hotpot_distractor_dev,validation,5a77321355429972597f1493,
hotpot_distractor_dev,validation,5ab5cd4f554299488d4d9a31,
hotpot_distractor_dev,validation,5a83411655429966c78a6b5d,
hotpot_distractor_dev,validation,5a8d50fb55429941ae14dfa2,
hotpot_distractor_dev,validation,5ae80919554299540e5a56f6,
hotpot_distractor_dev,validation,5ab2b8fe5542991669774070,
hotpot_distractor_dev,validation,5a8d0efd5542994ba4e3dbc6,
hotpot_distractor_dev,validation,5a7125b95542994082a3e5d5,
hotpot_distractor_dev,validation,5a8a6a2155429930ff3c0dd0,
hotpot_distractor_dev,validation,5ae834e95542997ec272776a,
hotpot_distractor_dev,validation,5a7ab51055429927d897bef6,
hotpot_distractor_dev,validation,5ae250b45542996483e64977,
hotpot_distractor_dev,validation,5a733c925542991f9a20c6b7,
hotpot_distractor_dev,validation,5a7e5ec25542991319bc947a,
hotpot_distractor_dev,validation,5adbf2805542994650320c15,
hotpot_distractor_dev,validation,5a845e9055429933447460ec,
hotpot_distractor_dev,validation,5a820c0c554299676cceb1fc,
hotpot_distractor_dev,validation,5a88bd1d554299206df2b357,
hotpot_distractor_dev,validation,5a79332555429907847277e7,
hotpot_distractor_dev,validation,5abd516a5542992ac4f3825c,
hotpot_distractor_dev,validation,5add26075542994ed6169c9c,
hotpot_distractor_dev,validation,5a901f735542990a98493591,
hotpot_distractor_dev,validation,5ab840e255429934fafe6d3b,
hotpot_distractor_dev,validation,5ac3d4b6554299204fd21e93,
hotpot_distractor_dev,validation,5a73b2cb55429908901be31a,
hotpot_distractor_dev,validation,5ac29cf8554299218029dac2,
hotpot_distractor_dev,validation,5ae686535542996d980e7bdc,
hotpot_distractor_dev,validation,5a8aa1685542992d82986f32,
hotpot_distractor_dev,validation,5a7d7deb5542995f4f402282,
hotpot_distractor_dev,validation,5a8c622a554299240d9c2142,
hotpot_distractor_dev,validation,5a7b81715542997c3ec971d4,
hotpot_distractor_dev,validation,5ae0c29c5542993d6555ec46,
hotpot_distractor_dev,validation,5a7c290c5542990527d55468,
hotpot_distractor_dev,validation,5a876f785542993e715abf42,
hotpot_distractor_dev,validation,5ae1e6d95542997283cd22c3,
hotpot_distractor_dev,validation,5ae10df355429920d52342ac,
hotpot_distractor_dev,validation,5ae4d8475542993aec5ec0e0,
hotpot_distractor_dev,validation,5ab94cf0554299743d22eade,
hotpot_distractor_dev,validation,5ae479745542996836b02cb1,
hotpot_distractor_dev,validation,5a852cd05542997b5ce3ffb0,
hotpot_distractor_dev,validation,5a8babf05542996e8ac8899e,
hotpot_distractor_dev,validation,5a82fcbd55429954d2e2ebe8,
hotpot_distractor_dev,validation,5a77c60255429967ab105285,
hotpot_distractor_dev,validation,5adf39ce5542995534e8c76d,
hotpot_distractor_dev,validation,5ae694a15542991bbc976141,
hotpot_distractor_dev,validation,5ae13bca55429901ffe4ae17,
hotpot_distractor_dev,validation,5a8a265b5542992d82986ecc,
hotpot_distractor_dev,validation,5a77121a5542994aec3b71db,
hotpot_distractor_dev,validation,5ae6911955429908198fa626,
hotpot_distractor_dev,validation,5ae53de455429908b6326599,
hotpot_distractor_dev,validation,5a813b6f55429903bc27b951,
hotpot_distractor_dev,validation,5a84b4005542991dd0999d99,
hotpot_distractor_dev,validation,5a8cca64554299653c1aa125,
hotpot_distractor_dev,validation,5ab8ed305542991b5579f046,
hotpot_distractor_dev,validation,5ae0b2f25542993d6555ec1c,
hotpot_distractor_dev,validation,5ae207a65542994d89d5b317,
hotpot_distractor_dev,validation,5a75383a5542996c70cfaeb3,
hotpot_distractor_dev,validation,5ae3fd2c5542995dadf2428f,
hotpot_distractor_dev,validation,5abffd10554299012d1db556,
hotpot_distractor_dev,validation,5a8f812755429918e830d245,
hotpot_distractor_dev,validation,5ae520315542993aec5ec152,
hotpot_distractor_dev,validation,5a7631cd5542994ccc91870c,
hotpot_distractor_dev,validation,5ac26eed55429951e9e685bf,
hotpot_distractor_dev,validation,5a7e37095542995ed0d166d5,
hotpot_distractor_dev,validation,5adf72d35542992d7e9f9369,
hotpot_distractor_dev,validation,5a876b265542993e715abf33,
hotpot_distractor_dev,validation,5a77ddb855429967ab1052d8,
hotpot_distractor_dev,validation,5adcc3ed5542994d58a2f6c4,
hotpot_distractor_dev,validation,5a76f5b155429972597f1400,
hotpot_distractor_dev,validation,5ae2c696554299495565db32,
hotpot_distractor_dev,validation,5a875154554299211dda2be7,
hotpot_distractor_dev,validation,5a84cf175542992a431d1aa2,
hotpot_distractor_dev,validation,5ae675245542991bbc9760dc,
hotpot_distractor_dev,validation,5a80b0565542996402f6a5f0,
hotpot_distractor_dev,validation,5adde3a45542997545bbbdc2,
hotpot_distractor_dev,validation,5ac26b7f55429951e9e685ae,
hotpot_distractor_dev,validation,5adf39295542992d7e9f92df,
hotpot_distractor_dev,validation,5abc19705542993a06baf86e,
hotpot_distractor_dev,validation,5ae6914755429908198fa627,
hotpot_distractor_dev,validation,5adc9b7a5542994d58a2f679,
hotpot_distractor_dev,validation,5a721dfd55429971e9dc928b,
hotpot_distractor_dev,validation,5a8b50475542997f31a41cd4,
hotpot_distractor_dev,validation,5a860aa6554299211dda2a45,
hotpot_distractor_dev,validation,5ae4585c5542996836b02c89,
hotpot_distractor_dev,validation,5adfcb5455429906c02daa48,
hotpot_distractor_dev,validation,5a77a41a5542997042120ab9,
hotpot_distractor_dev,validation,5a8759395542994775f607e0,
hotpot_distractor_dev,validation,5a84992e5542992a431d1a6d,
hotpot_distractor_dev,validation,5ac1bce45542994ab5c67def,
hotpot_distractor_dev,validation,5ac0641f554299294b218fbe,
hotpot_distractor_dev,validation,5a87954f5542996e4f308856,
hotpot_distractor_dev,validation,5a8bc03d5542996e8ac88a0b,
hotpot_distractor_dev,validation,5ab8869155429916710eb081,
hotpot_distractor_dev,validation,5adde17f5542992200553b87,
hotpot_distractor_dev,validation,5a776ac75542993569682d9b,
hotpot_distractor_dev,validation,5ae70ed7554299572ea546a1,
hotpot_distractor_dev,validation,5ae1fbf05542997f29b3c1e7,
hotpot_distractor_dev,validation,5ac1c9a15542994ab5c67e1c,
hotpot_distractor_dev,validation,5a77c8905542995d831812ce,
hotpot_distractor_dev,validation,5a89f68f5542992e4fca84b6,
hotpot_distractor_dev,validation,5a7f62405542992e7d278cf0,
hotpot_distractor_dev,validation,5a7ca4485542990527d554f1,
hotpot_distractor_dev,validation,5a8347d65542996488c2e3f6,
hotpot_distractor_dev,validation,5ab8634e5542990e739ec8de,
hotpot_distractor_dev,validation,5ab85e9e55429934fafe6d8b,
hotpot_distractor_dev,validation,5a79c9c05542994bb94570a5,
hotpot_distractor_dev,validation,5a8c616f5542995e66a475de,
hotpot_distractor_dev,validation,5ab90fdd55429916710eb0fc,
hotpot_distractor_dev,validation,5abe7f695542993f32c2a12d,
hotpot_distractor_dev,validation,5abeb0da5542997ec76fd34b,
hotpot_distractor_dev,validation,5a7521c55542993748c897c6,
hotpot_distractor_dev,validation,5adfda5255429942ec259b5e,
hotpot_distractor_dev,validation,5abaeda95542992ccd8e7e5d,
hotpot_distractor_dev,validation,5ae68e0055429908198fa607,
hotpot_distractor_dev,validation,5a7577785542992d0ec05fa0,
hotpot_distractor_dev,validation,5a7d147955429909bec76942,
hotpot_distractor_dev,validation,5a83a2a15542993344746063,
hotpot_distractor_dev,validation,5ac079e9554299294b218fff,
hotpot_distractor_dev,validation,5adca8375542990d50227cd4,
hotpot_distractor_dev,validation,5add4f3a5542997545bbbd2c,
hotpot_distractor_dev,validation,5ae26cb15542994d89d5b421,
hotpot_distractor_dev,validation,5a73cad5554299623ed4ac5e,
hotpot_distractor_dev,validation,5ae0d5335542990adbacf674,
hotpot_distractor_dev,validation,5ab344fc55429969a97a811e,
hotpot_distractor_dev,validation,5ae1319c55429920d5234301,
hotpot_distractor_dev,validation,5abee41a5542993fe9a41d79,
hotpot_distractor_dev,validation,5a7daad55542995f4f4022b7,
hotpot_distractor_dev,validation,5a8ff6635542995651fb5086,
hotpot_distractor_dev,validation,5ae3c0cc5542992f92d82369,
hotpot_distractor_dev,validation,5a8485fa5542992a431d1a41,
hotpot_distractor_dev,validation,5ae1389655429901ffe4ae05,
hotpot_distractor_dev,validation,5a7b73ad5542997c3ec9718c,
hotpot_distractor_dev,validation,5a7a68d25542996c55b2dd98,
hotpot_distractor_dev,validation,5ae2bb545542992decbdcd88,
hotpot_distractor_dev,validation,5a8f47a55542997ba9cb3219,
hotpot_distractor_dev,validation,5ab1ebff5542993be8fa9882,
hotpot_distractor_dev,validation,5a7fd7305542992e7d278dc2,
hotpot_distractor_dev,validation,5abb8aaf5542993f40c73b1c,
hotpot_distractor_dev,validation,5abba584554299642a094afa,
hotpot_distractor_dev,validation,5a804510554299485f5985af,
hotpot_distractor_dev,validation,5abb11c15542992ccd8e7ef8,
hotpot_distractor_dev,validation,5ae376a35542990afbd1e163,
hotpot_distractor_dev,validation,5adc5b875542996e68525328,
hotpot_distractor_dev,validation,5ae6b6065542991bbc976168,
hotpot_distractor_dev,validation,5a79d2fe5542994f819ef0c3,
hotpot_distractor_dev,validation,5ab38cdd5542992ade7c6de2,
hotpot_distractor_dev,validation,5ae73d235542991e8301cc29,
hotpot_distractor_dev,validation,5a7a33205542996a35c1712f,
hotpot_distractor_dev,validation,5a799dfb5542994bb9457029,
hotpot_distractor_dev,validation,5a71095e5542994082a3e4f3,
hotpot_distractor_dev,validation,5aba77be55429955dce3ee44,
hotpot_distractor_dev,validation,5a8af94455429971feec45b6,
hotpot_distractor_dev,validation,5abcedb355429959677d6b4f,
hotpot_distractor_dev,validation,5a713dcb5542994082a3e6d9,
hotpot_distractor_dev,validation,5ae383e15542992f92d822fb,
hotpot_distractor_dev,validation,5a85df525542994c784ddb9f,
hotpot_distractor_dev,validation,5a9030ef5542995651fb50e4,
hotpot_distractor_dev,validation,5a8a2d2155429930ff3c0cdc,
hotpot_distractor_dev,validation,5a88fa9e5542993b751ca8de,
hotpot_distractor_dev,validation,5ae7882b554299540e5a55dd,
hotpot_distractor_dev,validation,5a81dacc55429926c1cdada0,
hotpot_distractor_dev,validation,5ab322b1554299194fa93570,
hotpot_distractor_dev,validation,5a8a764555429930ff3c0de1,
hotpot_distractor_dev,validation,5a8d93bf554299068b959d46,
hotpot_distractor_dev,validation,5abf04ae5542993fe9a41dbf,
hotpot_distractor_dev,validation,5ab55b0c554299488d4d995e,
hotpot_distractor_dev,validation,5ae4a1875542995ad6573dd2,
hotpot_distractor_dev,validation,5abae3205542996cc5e49edc,
hotpot_distractor_dev,validation,5ab5a4555542997d4ad1f19c,
hotpot_distractor_dev,validation,5abbd85a5542993f40c73be1,
hotpot_distractor_dev,validation,5abe731255429965af743f0e,
hotpot_distractor_dev,validation,5a77bef05542992a6e59dfaf,
hotpot_distractor_dev,validation,5a9064d05542990a9849360f,
hotpot_distractor_dev,validation,5a8c30f6554299240d9c20d1,
hotpot_distractor_dev,validation,5ae5ffbb5542996de7b71ad4,
hotpot_distractor_dev,validation,5ae213de5542997283cd23b9,
hotpot_distractor_dev,validation,5a81cb2c5542990a1d231ec4,
hotpot_distractor_dev,validation,5a7605f85542994ccc91868d,
hotpot_distractor_dev,validation,5ae07b0155429945ae95935d,
hotpot_distractor_dev,validation,5abcf17655429959677d6b5c,
hotpot_distractor_dev,validation,5ae1b1aa5542997283cd223f,
hotpot_distractor_dev,validation,5ab9587d55429970cfb8ea7e,
hotpot_distractor_dev,validation,5ab81cd955429916710eaff7,
hotpot_distractor_dev,validation,5a77a9df55429967ab10521c,
hotpot_distractor_dev,validation,5a85a2845542997175ce1fe1,
hotpot_distractor_dev,validation,5a800ca555429969796c1bac,
hotpot_distractor_dev,validation,5a73c958554299623ed4ac5c,
hotpot_distractor_dev,validation,5ae528ed5542993aec5ec16e,
hotpot_distractor_dev,validation,5a8aee2c55429970aeb70338,
hotpot_distractor_dev,validation,5ae7ef625542994a481bbe40,
hotpot_distractor_dev,validation,5ae2cda55542992decbdcdb7,
hotpot_distractor_dev,validation,5a7af1a955429931da12c98f,
hotpot_distractor_dev,validation,5a8b017155429949d91db463,
hotpot_distractor_dev,validation,5abe535055429976d4830aea,
hotpot_distractor_dev,validation,5ae3f2d25542995ad6573ccc,
hotpot_distractor_dev,validation,5a74122f55429929fddd83da,
hotpot_distractor_dev,validation,5ae803915542994a481bbe80,
hotpot_distractor_dev,validation,5a734e6d5542994cef4bc528,
hotpot_distractor_dev,validation,5ae3bb0d5542992f92d82357,
hotpot_distractor_dev,validation,5a7624b85542992db947372c,
hotpot_distractor_dev,validation,5a8091515542996402f6a563,
hotpot_distractor_dev,validation,5a7a1b165542996c55b2dd10,
hotpot_distractor_dev,validation,5ac38bf355429939154137ba,
hotpot_distractor_dev,validation,5a7502715542996c70cfae74,
hotpot_distractor_dev,validation,5a724ba25542990c210a40c7,
hotpot_distractor_dev,validation,5abd0b6b5542996e802b46b4,
hotpot_distractor_dev,validation,5ac00f795542996f0d89cb16,
hotpot_distractor_dev,validation,5ac3af895542995ef918c1f0,
hotpot_distractor_dev,validation,5ac3bab155429939154138fb,
hotpot_distractor_dev,validation,5ab1f13e554299449642c81c,
hotpot_distractor_dev,validation,5a7652435542992d0ec060a5,
hotpot_distractor_dev,validation,5ade881f5542992fa25da7af,
hotpot_distractor_dev,validation,5a83e98e5542992ef85e2387,
hotpot_distractor_dev,validation,5a7b60605542995eb53be931,
hotpot_distractor_dev,validation,5a8df1a65542995085b3735f,
hotpot_distractor_dev,validation,5a7e0c045542995f4f4023c5,
hotpot_distractor_dev,validation,5a81711455429938b614233e,
hotpot_distractor_dev,validation,5ac275f155429921a00aaf82,
hotpot_distractor_dev,validation,5a7ed5af5542994959419a84,
hotpot_distractor_dev,validation,5a83ed9b55429933447460b8,
hotpot_distractor_dev,validation,5ae648b955429929b0807b1d,
hotpot_distractor_dev,validation,5a8f24cc55429924144829e7,
hotpot_distractor_dev,validation,5addda9b5542992200553b5b,
hotpot_distractor_dev,validation,5a77c4fe55429967ab10527b,
hotpot_distractor_dev,validation,5adce36e5542990d50227d55,
hotpot_distractor_dev,validation,5a8f155e554299458435d54c,
hotpot_distractor_dev,validation,5ac532335542994611c8b41c,
hotpot_distractor_dev,validation,5a77ba6c55429967ab10524c,
hotpot_distractor_dev,validation,5ac3b0885542995ef918c1f8,
hotpot_distractor_dev,validation,5ab6006a554299110f2199b5,
hotpot_distractor_dev,validation,5ab53ad6554299488d4d9917,
hotpot_distractor_dev,validation,5a844fd35542990548d0b274,
hotpot_distractor_dev,validation,5ab2d1c45542992953946877,
hotpot_distractor_dev,validation,5a71674f5542994082a3e819,
hotpot_distractor_dev,validation,5a8f38fa55429924144829f5,
hotpot_distractor_dev,validation,5a7a651b5542990783324f40,
hotpot_distractor_dev,validation,5a76a0005542993569682c64,
hotpot_distractor_dev,validation,5a8747915542994775f607bb,
hotpot_distractor_dev,validation,5ae66b055542995703ce8b61,
hotpot_distractor_dev,validation,5ab5dc44554299494045f089,
hotpot_distractor_dev,validation,5ae0d9c555429924de1b719a,
hotpot_distractor_dev,validation,5a7ec95b55429934daa2fc67,
hotpot_distractor_dev,validation,5ac4ec9955429924173fb4da,
hotpot_distractor_dev,validation,5ac097b05542996f0d89cc18,
hotpot_distractor_dev,validation,5ac270025542990b17b15390,
hotpot_distractor_dev,validation,5a863d2d5542991e771815d2,
hotpot_distractor_dev,validation,5ab1e76c554299449642c800,
hotpot_distractor_dev,validation,5a8a9bc15542996c9b8d5f36,
hotpot_distractor_dev,validation,5a84f5195542994c784dda9d,
hotpot_distractor_dev,validation,5a8b515e55429971feec46bb,
hotpot_distractor_dev,validation,5ab44ab25542991779162c58,
hotpot_distractor_dev,validation,5ab701395542991d3222373a,
hotpot_distractor_dev,validation,5ae5305b5542990ba0bbb1f5,
hotpot_distractor_dev,validation,5ae0b60655429945ae959437,
hotpot_distractor_dev,validation,5a8fc0065542997ba9cb3318,
hotpot_distractor_dev,validation,5ac036b95542992a796deccd,
hotpot_distractor_dev,validation,5ac1a2f755429964131be258,
hotpot_distractor_dev,validation,5ac41379554299204fd21ef1,
hotpot_distractor_dev,validation,5ac2ba4855429921a00ab048,
hotpot_distractor_dev,validation,5a7119f75542994082a3e58e,
hotpot_distractor_dev,validation,5ac55c135542993e66e82345,
hotpot_distractor_dev,validation,5ae7fde25542994a481bbe66,
hotpot_distractor_dev,validation,5ac54ca45542993e66e822d5,
hotpot_distractor_dev,validation,5a8da1815542994ba4e3dcd7,
hotpot_distractor_dev,validation,5ae2075f5542994d89d5b315,
hotpot_distractor_dev,validation,5abe953b5542993f32c2a170,
hotpot_distractor_dev,validation,5abff0645542994516f45539,
hotpot_distractor_dev,validation,5a7199725542994082a3e88f,
hotpot_distractor_dev,validation,5abbd7985542992ccd8e7fb8,
hotpot_distractor_dev,validation,5a80ae105542992bc0c4a7a2,
hotpot_distractor_dev,validation,5ab9cfb455429970cfb8ebae,
hotpot_distractor_dev,validation,5ae4c01e55429913cc2044f3,
hotpot_distractor_dev,validation,5ae7922f5542994a481bbdac,
hotpot_distractor_dev,validation,5ac2f1d1554299218029dba4,
hotpot_distractor_dev,validation,5ac09da45542996f0d89cc1d,
hotpot_distractor_dev,validation,5ab42d5755429942dd415eaf,
hotpot_distractor_dev,validation,5ae5d7b755429929b08079cd,
hotpot_distractor_dev,validation,5a8198565542995ce29dcc13,
hotpot_distractor_dev,validation,5ac3271e554299218029dbd3,
hotpot_distractor_dev,validation,5a8baf775542996e8ac889c8,
hotpot_distractor_dev,validation,5abbdb195542993f40c73bf1,
hotpot_distractor_dev,validation,5ac46cb85542991943173987,
hotpot_distractor_dev,validation,5ab69e8755429954757d3334,
hotpot_distractor_dev,validation,5adfd22255429906c02daa4f,
hotpot_distractor_dev,validation,5add2b435542990d50227e11,
hotpot_distractor_dev,validation,5a8d0d7b55429941ae14df79,
hotpot_distractor_dev,validation,5a874e9b554299211dda2bd3,
hotpot_distractor_dev,validation,5a7c3178554299683c1c62e1,
hotpot_distractor_dev,validation,5a8ee6145542990e94052bab,
hotpot_distractor_dev,validation,5a8b7e9c5542995d1e6f13c1,
hotpot_distractor_dev,validation,5ae020f5554299025d62a41b,
hotpot_distractor_dev,validation,5a7cc28f554299452d57ba1c,
hotpot_distractor_dev,validation,5a7e08305542995f4f4023ab,
hotpot_distractor_dev,validation,5adf0ae45542992d7e9f9286,
hotpot_distractor_dev,validation,5a82efe355429966c78a6aa1,
hotpot_distractor_dev,validation,5a86204d5542994775f60709,
hotpot_distractor_dev,validation,5ab930655542991b5579f12a,
hotpot_distractor_dev,validation,5abc32cb55429959677d6a40,
hotpot_distractor_dev,validation,5a8dee2455429917b4a5bce1,
hotpot_distractor_dev,validation,5a75e7b255429976ec32bc95,
hotpot_distractor_dev,validation,5a8c8502554299585d9e36d0,
hotpot_distractor_dev,validation,5ae3de615542992f92d823a5,
hotpot_distractor_dev,validation,5abee75f5542993fe9a41d8e,
hotpot_distractor_dev,validation,5a8f73455542997ba9cb3269,
hotpot_distractor_dev,validation,5a7a9b9a5542990198eaf160,
hotpot_distractor_dev,validation,5ab66b63554299110f219a0a,
hotpot_distractor_dev,validation,5ae457a95542996836b02c85,
hotpot_distractor_dev,validation,5ac1c73e55429964131be28a,
hotpot_distractor_dev,validation,5adef1b35542993a75d263af,
hotpot_distractor_dev,validation,5ab29956554299194fa9342d,
hotpot_distractor_dev,validation,5a7b1d3b5542992d025e677a,
hotpot_distractor_dev,validation,5ac373195542995ef918c199,
hotpot_distractor_dev,validation,5a7e052d5542995f4f40238e,
hotpot_distractor_dev,validation,5ac41850554299194317390b,
hotpot_distractor_dev,validation,5a8c06bb5542995e66a47530,
hotpot_distractor_dev,validation,5a8fc3b155429933b8a20454,
hotpot_distractor_dev,validation,5ab94acd554299743d22eac6,
hotpot_distractor_dev,validation,5ac1b1345542994ab5c67dd0,
hotpot_distractor_dev,validation,5ac3b04f55429939154138b7,
hotpot_distractor_dev,validation,5adf0cbd5542993a75d263e0,
hotpot_distractor_dev,validation,5ae3790f5542992e3233c415,
hotpot_distractor_dev,validation,5a7b820c5542997c3ec971d8,
hotpot_distractor_dev,validation,5a90b1a15542990a984936ab,
hotpot_distractor_dev,validation,5a7cdc1b55429907fabef04d,
hotpot_distractor_dev,validation,5a8e08d35542995085b37395,
hotpot_distractor_dev,validation,5a7a9a2255429941d65f26eb,
hotpot_distractor_dev,validation,5a87ee7b55429938390d3eb6,
hotpot_distractor_dev,validation,5a8ba92c554299240d9c2071,
hotpot_distractor_dev,validation,5a8b036d55429971feec45fe,
hotpot_distractor_dev,validation,5adfed45554299603e4183c5,
hotpot_distractor_dev,validation,5adbf84555429947ff17387c,
hotpot_distractor_dev,validation,5ac2dfac554299657fa290b3,
hotpot_distractor_dev,validation,5ae0cddc55429945ae959459,
hotpot_distractor_dev,validation,5abb02fe554299232ef4a39f,
hotpot_distractor_dev,validation,5ac43d575542997ea680ca39,
hotpot_distractor_dev,validation,5a82817555429954d2e2eb5a,
hotpot_distractor_dev,validation,5adce0f455429947343537bd,
hotpot_distractor_dev,validation,5ac21bac5542991316484bf2,
hotpot_distractor_dev,validation,5a84fea85542994c784ddabf,
hotpot_distractor_dev,validation,5ae7690c5542995703ce8c22,
hotpot_distractor_dev,validation,5a7e7c725542991319bc94be,
hotpot_distractor_dev,validation,5a70f39c5542994082a3e429,
hotpot_distractor_dev,validation,5a8332815542993344745fe9,
hotpot_distractor_dev,validation,5adf227a5542992d7e9f92a6,
hotpot_distractor_dev,validation,5ae6143f5542996de7b71b2d,
hotpot_distractor_dev,validation,5ae6368a5542992ae0d16284,
hotpot_distractor_dev,validation,5ae759b25542991e8301cc6b,
hotpot_distractor_dev,validation,5ac4d2cd5542995c82c4ad73,
hotpot_distractor_dev,validation,5adf4b335542993a75d264a5,
hotpot_distractor_dev,validation,5a8b04df55429950cd6afc49,
hotpot_distractor_dev,validation,5ae7da705542993210983f96,
hotpot_distractor_dev,validation,5a8ec4875542995a26add508,
hotpot_distractor_dev,validation,5ae7d0675542994a481bbdf2,
hotpot_distractor_dev,validation,5ab209ec554299722f9b4ca2,
hotpot_distractor_dev,validation,5a7a4a1d5542990198eaf108,
hotpot_distractor_dev,validation,5a7ce6bf55429909bec7686c,
hotpot_distractor_dev,validation,5a732aa055429901807daf9f,
hotpot_distractor_dev,validation,5abec2ca5542997719eab5b9,
hotpot_distractor_dev,validation,5a7f3bcd55429930675136c3,
hotpot_distractor_dev,validation,5ab3e577554299233954ffe3,
hotpot_distractor_dev,validation,5a90c8165542995651fb51ee,
hotpot_distractor_dev,validation,5ab27389554299722f9b4d2f,
hotpot_distractor_dev,validation,5abe19895542991f661060c2,
hotpot_distractor_dev,validation,5ab3c05d55429969a97a81aa,
hotpot_distractor_dev,validation,5ab9ccef55429955dce3ed86,
hotpot_distractor_dev,validation,5a72c6565542992359bc31a7,
hotpot_distractor_dev,validation,5a72908f5542994cef4bc33b,
hotpot_distractor_dev,validation,5a73830d55429908901be2da,
hotpot_distractor_dev,validation,5a7982435542994bb945701f,
hotpot_distractor_dev,validation,5ae5c8cf554299546bf82f5f,
hotpot_distractor_dev,validation,5ae0132d55429925eb1afc00,
hotpot_distractor_dev,validation,5adf9d135542995534e8c817,
hotpot_distractor_dev,validation,5abbc2245542992ccd8e7f8a,
hotpot_distractor_dev,validation,5a83c56d5542996488c2e4c3,
hotpot_distractor_dev,validation,5ab870ed55429934fafe6db9,
hotpot_distractor_dev,validation,5abb76fa5542992ccd8e7f48,
hotpot_distractor_dev,validation,5a7b55bc55429927d897bf98,
hotpot_distractor_dev,validation,5ae518ae5542993aec5ec13c,
hotpot_distractor_dev,validation,5ac1c18855429964131be279,
hotpot_distractor_dev,validation,5ac199955542994ab5c67d8c,
hotpot_distractor_dev,validation,5ae27f22554299495565da8d,
hotpot_distractor_dev,validation,5ac2680055429963665199a8,
hotpot_distractor_dev,validation,5ae351405542994393b9e67f,
hotpot_distractor_dev,validation,5ae1da385542997283cd2297,
hotpot_distractor_dev,validation,5adc69ef554299438c868daf,
hotpot_distractor_dev,validation,5a7a954855429941d65f26cd,
hotpot_distractor_dev,validation,5ab9ddaa5542994dbf019873,
hotpot_distractor_dev,validation,5abbdd565542993f40c73bfb,
hotpot_distractor_dev,validation,5a8b544855429950cd6afcae,
hotpot_distractor_dev,validation,5aba480c55429939ce03dc77,
hotpot_distractor_dev,validation,5a8518a75542994c784ddaf7,
hotpot_distractor_dev,validation,5a81b43d5542995ce29dcc39,
hotpot_distractor_dev,validation,5a79e3925542994bb9457130,
hotpot_distractor_dev,validation,5adbf34955429947ff173862,
hotpot_distractor_dev,validation,5ac5275755429924173fb617,
hotpot_distractor_dev,validation,5a77519c55429972597f14fa,
hotpot_distractor_dev,validation,5a7a05485542990783324def,
hotpot_distractor_dev,validation,5ae3fd195542995dadf2428d,
hotpot_distractor_dev,validation,5ab3b2c4554299233954ff8a,
hotpot_distractor_dev,validation,5a74f7f15542993748c89765,
hotpot_distractor_dev,validation,5abaad5855429901930fa88f,
hotpot_distractor_dev,validation,5a770eb65542994aec3b71d4,
hotpot_distractor_dev,validation,5a7a845755429941d65f2684,
hotpot_distractor_dev,validation,5ab42b24554299753aec5a43,
hotpot_distractor_dev,validation,5a8141cc55429938b6142316,
hotpot_distractor_dev,validation,5abdb8ba5542993f32c2a015,
hotpot_distractor_dev,validation,5ab90f5755429934fafe6e57,
hotpot_distractor_dev,validation,5a8492ab5542992a431d1a5b,
hotpot_distractor_dev,validation,5a83c3275542996488c2e4be,
hotpot_distractor_dev,validation,5a8bde565542995d1e6f1454,
hotpot_distractor_dev,validation,5ac249bd55429951e9e68528,
hotpot_distractor_dev,validation,5a80f4c2554299260e20a1da,
hotpot_distractor_dev,validation,5ae12fcf5542990adbacf72c,
hotpot_distractor_dev,validation,5a898872554299669944a540,
hotpot_distractor_dev,validation,5ade858a55429975fa854eea,
hotpot_distractor_dev,validation,5a8f54165542992414482a52,
hotpot_distractor_dev,validation,5a8b448255429971feec468c,
hotpot_distractor_dev,validation,5a8f18d555429918e830d189,
hotpot_distractor_dev,validation,5ae7308d5542991e8301cbb8,
hotpot_distractor_dev,validation,5ae305355542992decbdcdc2,
hotpot_distractor_dev,validation,5a8530cc5542992a431d1aeb,
hotpot_distractor_dev,validation,5adc459255429944faac24ad,
hotpot_distractor_dev,validation,5a866fed554299211dda2b2e,
hotpot_distractor_dev,validation,5abeafbb5542997ec76fd347,
hotpot_distractor_dev,validation,5ab6391755429953192ad2a7,
hotpot_distractor_dev,validation,5a7c68575542996dd594b91c,
hotpot_distractor_dev,validation,5ac524e55542994611c8b3d0,
hotpot_distractor_dev,validation,5abed6905542990832d3a0ed,
hotpot_distractor_dev,validation,5a7bd791554299683c1c62c2,
hotpot_distractor_dev,validation,5ae75a5a5542991bbc9761f3,
hotpot_distractor_dev,validation,5a7741775542994aec3b724f,
hotpot_distractor_dev,validation,5a80d2c6554299260e20a17c,
hotpot_distractor_dev,validation,5a8a1b7a5542992d82986ec0,
hotpot_distractor_dev,validation,5a8638945542994775f6072d,
hotpot_distractor_dev,validation,5adc2e3d554299438c868d6b,
hotpot_distractor_dev,validation,5ae5f3bb5542996de7b71a7e,
hotpot_distractor_dev,validation,5a85d25b5542996432c570ee,
hotpot_distractor_dev,validation,5ab66fd355429954757d32b7,
hotpot_distractor_dev,validation,5a7153d05542994082a3e7dc,
hotpot_distractor_dev,validation,5ae249925542994d89d5b3c1,
hotpot_distractor_dev,validation,5ac170af5542994d76dcce20,
hotpot_distractor_dev,validation,5a80cddd554299260e20a169,
hotpot_distractor_dev,validation,5a89ab1355429946c8d6e996,
hotpot_distractor_dev,validation,5a7319bc5542992359bc3235,
hotpot_distractor_dev,validation,5ae638865542992ae0d1628c,
hotpot_distractor_dev,validation,5a72af155542992359bc316c,
hotpot_distractor_dev,validation,5abd09585542996e802b469b,
hotpot_distractor_dev,validation,5a71214d5542994082a3e5b9,
hotpot_distractor_dev,validation,5a8a0cb75542992d82986e7d,
hotpot_distractor_dev,validation,5a79c7ac5542994bb9457097,
hotpot_distractor_dev,validation,5abbc96755429931dba1452c,
hotpot_distractor_dev,validation,5ade664555429939a52fe89c,
hotpot_distractor_dev,validation,5a8a06c35542992d82986e57,
hotpot_distractor_dev,validation,5ae2cbc9554299495565db36,
hotpot_distractor_dev,validation,5abf16965542993fe9a41dd3,
hotpot_distractor_dev,validation,5ab7ccf455429928e1fe3910,
hotpot_distractor_dev,validation,5abd0b685542996583600501,
hotpot_distractor_dev,validation,5a7fa08d55429969796c1af7,
hotpot_distractor_dev,validation,5a7306a655429901807daf67,
hotpot_distractor_dev,validation,5adce2ee5542992c1e3a2461,
hotpot_distractor_dev,validation,5ab4f7fc5542991779162d43,
hotpot_distractor_dev,validation,5ae0d3da5542990adbacf66d,
hotpot_distractor_dev,validation,5a81d19b55429926c1cdad90,
hotpot_distractor_dev,validation,5ab4fd0b55429942dd415fbb,
hotpot_distractor_dev,validation,5ae5d0b5554299546bf82f80,
hotpot_distractor_dev,validation,5a78e9d155429970f5fffdcc,
hotpot_distractor_dev,validation,5a8adc935542992d82986fb0,
hotpot_distractor_dev,validation,5a8763475542996e4f3087c0,
hotpot_distractor_dev,validation,5a8c7232554299585d9e36a6,
hotpot_distractor_dev,validation,5ac156d05542994ab5c67ce9,
hotpot_distractor_dev,validation,5adcc9f35542990d50227d20,
hotpot_distractor_dev,validation,5ae1d656554299234fd04322,
hotpot_distractor_dev,validation,5ae788fa55429952e35ea964,
hotpot_distractor_dev,validation,5adf39d45542992d7e9f92e5,
hotpot_distractor_dev,validation,5ab503db5542990594ba9cc8,
hotpot_distractor_dev,validation,5ae617285542996de7b71b4c,
hotpot_distractor_dev,validation,5aba9e545542994dbf019986,
hotpot_distractor_dev,validation,5a8841195542994846c1ce65,
hotpot_distractor_dev,validation,5a80b8845542992bc0c4a7de,
hotpot_distractor_dev,validation,5add92885542990dbb2f7e72,
hotpot_distractor_dev,validation,5a8b595855429949d91db563,
hotpot_distractor_dev,validation,5a88e3cc5542997e5c09a6c2,
hotpot_distractor_dev,validation,5ac294b955429921a00aafd0,
hotpot_distractor_dev,validation,5a75fa14554299109176e5dc,
hotpot_distractor_dev,validation,5adf88995542993344016cd4,
hotpot_distractor_dev,validation,5ae0850055429945ae959396,
hotpot_distractor_dev,validation,5ae835f25542997ec272776f,
hotpot_distractor_dev,validation,5a8d7a8d55429941ae14dfc2,
hotpot_distractor_dev,validation,5a8555ea5542992a431d1b07,
hotpot_distractor_dev,validation,5a7a8d15554299042af8f669,
hotpot_distractor_dev,validation,5a7bcbc8554299294a54aae2,
hotpot_distractor_dev,validation,5a84807d554299123d8c2278,
hotpot_distractor_dev,validation,5a7a030c5542996a35c17077,
hotpot_distractor_dev,validation,5ae1388e5542997b2ef7d13a,
hotpot_distractor_dev,validation,5ae5a4e5554299546bf82f01,
hotpot_distractor_dev,validation,5a87c19a5542994846c1cde6,
hotpot_distractor_dev,validation,5a74af7e55429916b01641d2,
hotpot_distractor_dev,validation,5a7c8ae855429935c91b5207,
hotpot_distractor_dev,validation,5ab808b85542991d3222380d,
hotpot_distractor_dev,validation,5a7d158155429909bec76947,
hotpot_distractor_dev,validation,5abad70d5542996606241631,
hotpot_distractor_dev,validation,5a75092b55429916b0164242,
hotpot_distractor_dev,validation,5ae7766455429952e35ea920,
hotpot_distractor_dev,validation,5a840e395542992ef85e239d,
hotpot_distractor_dev,validation,5ac023045542996f0d89cb32,
hotpot_distractor_dev,validation,5ac0b6b15542996f0d89cc1e,
hotpot_distractor_dev,validation,5a7b24fe55429931da12c9f7,
hotpot_distractor_dev,validation,5abf8ae85542990832d3a14b,
hotpot_distractor_dev,validation,5a77e2095542995d8318131d,
hotpot_distractor_dev,validation,5a775f615542993735360250,
hotpot_distractor_dev,validation,5ade15a45542997545bbbe46,
hotpot_distractor_dev,validation,5abf2e605542993fe9a41de4,
hotpot_distractor_dev,validation,5ab5744e554299494045efdf,
hotpot_distractor_dev,validation,5a7c6d98554299683c1c6304,
hotpot_distractor_dev,validation,5ab864945542990e739ec8e1,
hotpot_distractor_dev,validation,5adcb4ae5542994734353774,
hotpot_distractor_dev,validation,5a8675b1554299211dda2b44,
hotpot_distractor_dev,validation,5ac11201554299294b21908c,
hotpot_distractor_dev,validation,5ae663b05542992ae0d16316,
hotpot_distractor_dev,validation,5a9057795542990a984935f7,
hotpot_distractor_dev,validation,5a8d0e4e5542994ba4e3dbbf,
hotpot_distractor_dev,validation,5ab4313a554299233955004c,
hotpot_distractor_dev,validation,5abaee665542992ccd8e7e5f,
hotpot_distractor_dev,validation,5ae16b925542997b2ef7d1e7,
hotpot_distractor_dev,validation,5a7faa215542995d8a8ddee8,
hotpot_distractor_dev,validation,5a8add4c5542992d82986fb4,
hotpot_distractor_dev,validation,5ab9ba6855429970cfb8eb87,
hotpot_distractor_dev,validation,5abb7ea4554299642a094a96,
hotpot_distractor_dev,validation,5ab94cca554299753720f7dd,
hotpot_distractor_dev,validation,5a83438955429966c78a6b61,
hotpot_distractor_dev,validation,5a7dff595542997cc2c474eb,
hotpot_distractor_dev,validation,5ac401bb55429919431738f4,
hotpot_distractor_dev,validation,5a77846f5542995d83181187,
hotpot_distractor_dev,validation,5aba6d4b5542994dbf019906,
hotpot_distractor_dev,validation,5a7da0915542990b8f5039d4,
hotpot_distractor_dev,validation,5a7499eb55429929fddd8470,
hotpot_distractor_dev,validation,5a7331705542991f9a20c67a,
hotpot_distractor_dev,validation,5a7d7d895542995f4f402281,
hotpot_distractor_dev,validation,5a873ec75542996432c57244,
hotpot_distractor_dev,validation,5adf3ab95542992d7e9f92f3,
hotpot_distractor_dev,validation,5aba85335542994dbf01992d,
hotpot_distractor_dev,validation,5adbe1c5554299438c868cc4,
hotpot_distractor_dev,validation,5abd6a7455429933744ab7c5,
hotpot_distractor_dev,validation,5adec62a55429975fa854f89,
hotpot_distractor_dev,validation,5abcf5ec55429959677d6b76,
hotpot_distractor_dev,validation,5a80a7f6554299485f598680,
hotpot_distractor_dev,validation,5ab281ec554299449642c8d1,
hotpot_distractor_dev,validation,5a7643675542994ccc918747,
hotpot_distractor_dev,validation,5a88696b554299206df2b25b,
hotpot_distractor_dev,validation,5a712af15542994082a3e614,
hotpot_distractor_dev,validation,5a7b43735542992d025e67cb,
hotpot_distractor_dev,validation,5ac25fa955429951e9e6858c,
hotpot_distractor_dev,validation,5a8077ca5542992bc0c4a729,
hotpot_distractor_dev,validation,5ac397fe554299218029dbe2,
hotpot_distractor_dev,validation,5ab9aed855429970cfb8eb6d,
hotpot_distractor_dev,validation,5ac23f9555429951e9e684db,
hotpot_distractor_dev,validation,5ae76c625542997ec272763e,
hotpot_distractor_dev,validation,5ac3e0ab554299204fd21eae,
hotpot_distractor_dev,validation,5a8e69565542990e94052afb,
hotpot_distractor_dev,validation,5ae65c925542992ae0d162f9,
hotpot_distractor_dev,validation,5a9068f85542990a98493623,
hotpot_distractor_dev,validation,5ae238375542994d89d5b39a,
hotpot_distractor_dev,validation,5a80e4b255429938b6142239,
hotpot_distractor_dev,validation,5a8e40f65542995a26add498,
hotpot_distractor_dev,validation,5a7e1cad55429965cec5ea75,
hotpot_distractor_dev,validation,5a7560585542992d0ec05f76,
hotpot_distractor_dev,validation,5ae35e8c5542990afbd1e120,
hotpot_distractor_dev,validation,5a8210f355429926c1cdae24,
hotpot_distractor_dev,validation,5a868ca055429960ec39b6be,
hotpot_distractor_dev,validation,5abdaa0f55429965af743dad,
hotpot_distractor_dev,validation,5ae0613d5542993d6555eb22,
hotpot_distractor_dev,validation,5add3b035542997545bbbcce,
hotpot_distractor_dev,validation,5a85db6e5542994c784ddb96,
hotpot_distractor_dev,validation,5a7a88e455429941d65f268c,
hotpot_distractor_dev,validation,5a8b120755429949d91db4a4,
hotpot_distractor_dev,validation,5ac4f9dc55429924173fb533,
hotpot_distractor_dev,validation,5a8eb51655429917b4a5bdb5,
hotpot_distractor_dev,validation,5ae446fc5542995ad6573d24,
hotpot_distractor_dev,validation,5a905d085542995651fb5147,
hotpot_distractor_dev,validation,5a8327fd5542990548d0b1a3,
hotpot_distractor_dev,validation,5a80522b5542996402f6a4c1,
hotpot_distractor_dev,validation,5ab67c3f55429954757d32f9,
hotpot_distractor_dev,validation,5a7da0de5542990b8f5039d7,
hotpot_distractor_dev,validation,5ae2295c554299495565da13,
hotpot_distractor_dev,validation,5adf24155542992d7e9f92af,
hotpot_distractor_dev,validation,5ab2a54b554299295394678e,
hotpot_distractor_dev,validation,5a7f85505542995d8a8dde95,
hotpot_distractor_dev,validation,5ae60ea9554299546bf8304e,
hotpot_distractor_dev,validation,5a77253455429972597f1449,
hotpot_distractor_dev,validation,5abaee845542996606241696,
hotpot_distractor_dev,validation,5ac13e195542994ab5c67cc5,
hotpot_distractor_dev,validation,5a7e283655429965cec5eaab,
hotpot_distractor_dev,validation,5a8baf4b5542996e8ac889c5,
hotpot_distractor_dev,validation,5ae5b99a5542993aec5ec1ce,
hotpot_distractor_dev,validation,5abf08985542997719eab625,
hotpot_distractor_dev,validation,5a8bb7f95542996e8ac889ff,
hotpot_distractor_dev,validation,5a7b1a225542992d025e6770,
hotpot_distractor_dev,validation,5ac0d5cf554299294b219026,
hotpot_distractor_dev,validation,5a8a756555429970aeb702f2,
hotpot_distractor_dev,validation,5a77b5c255429967ab10523c,
hotpot_distractor_dev,validation,5ab6c5be55429954757d336c,
hotpot_distractor_dev,validation,5a78f26055429970f5fffdeb,
hotpot_distractor_dev,validation,5ae5e8c85542996de7b71a69,
hotpot_distractor_dev,validation,5adf27775542993344016c00,
hotpot_distractor_dev,validation,5ade450b5542997c77adedc5,
hotpot_distractor_dev,validation,5abbcba05542992ccd8e7fa3,
hotpot_distractor_dev,validation,5a75a0725542992d0ec05fc9,
hotpot_distractor_dev,validation,5ac2a23a55429967731025cc,
hotpot_distractor_dev,validation,5a7b66135542997c3ec97145,
hotpot_distractor_dev,validation,5a72a9ac5542991f9a20c55f,
hotpot_distractor_dev,validation,5ae0819155429924de1b70ea,
hotpot_distractor_dev,validation,5ab7ee895542995dae37e9f6,
hotpot_distractor_dev,validation,5a8f791c5542992414482ad9,
hotpot_distractor_dev,validation,5a712e895542994082a3e636,
hotpot_distractor_dev,validation,5a8398405542993344746050,
hotpot_distractor_dev,validation,5ab5e8935542997d4ad1f23b,
hotpot_distractor_dev,validation,5ae74818554299572ea547ad,
hotpot_distractor_dev,validation,5a739323554299623ed4abff,
hotpot_distractor_dev,validation,5abc7bf75542993a06baf8f0,
hotpot_distractor_dev,validation,5a72125055429971e9dc9241,
hotpot_distractor_dev,validation,5a7e1a5455429965cec5ea5f,
hotpot_distractor_dev,validation,5ab576c4554299637185c5a4,
hotpot_distractor_dev,validation,5a8466a75542993344746108,
hotpot_distractor_dev,validation,5a75f32055429976ec32bcb7,
hotpot_distractor_dev,validation,5a8762205542996e4f3087b8,
hotpot_distractor_dev,validation,5ac1d4ad5542994d76dccef7,
hotpot_distractor_dev,validation,5a7150c75542994082a3e7be,
hotpot_distractor_dev,validation,5a9072dd5542990a98493656,
hotpot_distractor_dev,validation,5a8d0be85542994ba4e3dbb2,
hotpot_distractor_dev,validation,5a7f924c55429969796c1aba,
hotpot_distractor_dev,validation,5adca5eb5542994d58a2f693,
hotpot_distractor_dev,validation,5a77474855429972597f14e4,
hotpot_distractor_dev,validation,5a86edcc55429960ec39b6da,
hotpot_distractor_dev,validation,5a80762a5542996402f6a536,
hotpot_distractor_dev,validation,5a8bf6cf5542995e66a47525,
hotpot_distractor_dev,validation,5ae6545f5542991bbc9760c2,
hotpot_distractor_dev,validation,5a736aa95542991f29ee2dfa,
hotpot_distractor_dev,validation,5abeb1925542994516f453f0,
hotpot_distractor_dev,validation,5a8b5b1c5542995d1e6f1387,
hotpot_distractor_dev,validation,5adf076f5542992d7e9f9277,
hotpot_distractor_dev,validation,5abc091555429965836003f6,
hotpot_distractor_dev,validation,5a7f95685542995d8a8ddeaa,
hotpot_distractor_dev,validation,5ab8903555429916710eb08e,
hotpot_distractor_dev,validation,5ae454355542996836b02c77,
hotpot_distractor_dev,validation,5abc095c5542993f40c73c5d,
hotpot_distractor_dev,validation,5ade9545554299728e26c741,
hotpot_distractor_dev,validation,5ab8179f5542990e739ec817,
hotpot_distractor_dev,validation,5ae01fcf554299025d62a411,
hotpot_distractor_dev,validation,5ac1b8cd55429963665198fc,
hotpot_distractor_dev,validation,5a83d0845542996488c2e4e6,
hotpot_distractor_dev,validation,5ae72b96554299572ea5474e,
hotpot_distractor_dev,validation,5ae4d15255429908b6326483,
hotpot_distractor_dev,validation,5a7d2aa05542995f4f40221f,
hotpot_distractor_dev,validation,5a906c795542990a98493640,
hotpot_distractor_dev,validation,5ade914b55429939a52fe8f9,
hotpot_distractor_dev,validation,5aba6f3e55429955dce3ee21,
hotpot_distractor_dev,validation,5a8dad37554299068b959d94,
hotpot_distractor_dev,validation,5ae00de055429906c02daab5,
hotpot_distractor_dev,validation,5aba902455429901930fa834,
hotpot_distractor_dev,validation,5adea83b55429975fa854f53,
hotpot_distractor_dev,validation,5abbe4c0554299642a094bc0,
hotpot_distractor_dev,validation,5a893f305542993b751ca91e,
hotpot_distractor_dev,validation,5abef8fd5542990832d3a111,
hotpot_distractor_dev,validation,5adfc9a555429906c02daa42,
hotpot_distractor_dev,validation,5ae7954b554299540e5a5620,
hotpot_distractor_dev,validation,5abcf9d155429959677d6b90,
hotpot_distractor_dev,validation,5adc91865542994ed6169b93,
hotpot_distractor_dev,validation,5ab78a445542992aa3b8c826,
hotpot_distractor_dev,validation,5a727e1b5542991f9a20c497,
hotpot_distractor_dev,validation,5a7261635542997f8278398a,
hotpot_distractor_dev,validation,5ac560235542993e66e82396,
hotpot_distractor_dev,validation,5a7cb9985542990527d55514,
hotpot_distractor_dev,validation,5a7f725355429969796c1a55,
hotpot_distractor_dev,validation,5a8dfae55542995085b3736b,
hotpot_distractor_dev,validation,5adf86355542993344016cbd,
hotpot_distractor_dev,validation,5a7dc7735542990b8f503a93,
hotpot_distractor_dev,validation,5a83a31c554299123d8c2179,
hotpot_distractor_dev,validation,5a8d64305542994ba4e3dc80,
hotpot_distractor_dev,validation,5a733d5d5542991f29ee2d71,
hotpot_distractor_dev,validation,5ae3f1fb5542995ad6573cc1,
hotpot_distractor_dev,validation,5ab2e3a35542991669774124,
hotpot_distractor_dev,validation,5ac3e80b554299076e296ccd,
hotpot_distractor_dev,validation,5ac002705542996f0d89cb05,
hotpot_distractor_dev,validation,5a7df5635542990b8f503b0a,
hotpot_distractor_dev,validation,5adfe0de55429925eb1afae9,
hotpot_distractor_dev,validation,5ab83bd055429919ba4e2279,
hotpot_distractor_dev,validation,5a8fb3af5542997ba9cb32ee,
hotpot_distractor_dev,validation,5ae7ff745542994a481bbe6e,
hotpot_distractor_dev,validation,5ae394e05542990afbd1e18d,
hotpot_distractor_dev,validation,5adf3a4f5542992d7e9f92ec,
hotpot_distractor_dev,validation,5ae826675542997ec2727733,
hotpot_distractor_dev,validation,5a8c72545542995e66a475f3,
hotpot_distractor_dev,validation,5ae5d06a55429929b08079b4,
hotpot_distractor_dev,validation,5a7bbcd65542997c3ec97268,
hotpot_distractor_dev,validation,5ae32ce75542992f92d8223d,
hotpot_distractor_dev,validation,5a8cc8c2554299441c6b9efc,
hotpot_distractor_dev,validation,5a847e805542993344746140,
hotpot_distractor_dev,validation,5a77a7db5542995d8318124d,
hotpot_distractor_dev,validation,5a74639a55429929fddd8404,
hotpot_distractor_dev,validation,5a713fb15542994082a3e6f0,
hotpot_distractor_dev,validation,5ab9d13455429939ce03dc31,
hotpot_distractor_dev,validation,5a8986fd55429938390d4046,
hotpot_distractor_dev,validation,5a89e1bf5542992e4fca8433,
hotpot_distractor_dev,validation,5adce88b5542992c1e3a249a,
hotpot_distractor_dev,validation,5a724a2b5542990c210a40bc,
hotpot_distractor_dev,validation,5ae54b4f5542990ba0bbb261,
hotpot_distractor_dev,validation,5a77c3d55542995d831812af,
hotpot_distractor_dev,validation,5abaa8b355429901930fa87f,
hotpot_distractor_dev,validation,5a716ec85542994082a3e82d,
hotpot_distractor_dev,validation,5a8456ef5542990548d0b289,
hotpot_distractor_dev,validation,5ac5382c5542996feb3fea43,
hotpot_distractor_dev,validation,5add95035542990dbb2f7e77,
hotpot_distractor_dev,validation,5a7a567255429941d65f25bd,
hotpot_distractor_dev,validation,5adea0c5554299728e26c776,
hotpot_distractor_dev,validation,5add38355542990dbb2f7dd0,
hotpot_distractor_dev,validation,5ae0af5555429945ae95941e,
hotpot_distractor_dev,validation,5a802ff25542992bc0c4a6d2,
hotpot_distractor_dev,validation,5adf099a5542992d7e9f927f,
hotpot_distractor_dev,validation,5abbf7d755429931dba145eb,
hotpot_distractor_dev,validation,5a8f7a135542992414482adc,
hotpot_distractor_dev,validation,5ab3bcc55542992ade7c6e66,
hotpot_distractor_dev,validation,5ae3c5535542991a06ce9a20,
hotpot_distractor_dev,validation,5ae2098e5542997f29b3c21b,
hotpot_distractor_dev,validation,5ab849d955429916710eb017,
hotpot_distractor_dev,validation,5a82bc7455429940e5e1a926,
hotpot_distractor_dev,validation,5ac5484d5542994611c8b48d,
hotpot_distractor_dev,validation,5a89432b554299669944a519,
hotpot_distractor_dev,validation,5a8f077b554299458435d526,
hotpot_distractor_dev,validation,5a80735b554299485f5985f3,
hotpot_distractor_dev,validation,5adcceda5542990d50227d31,
hotpot_distractor_dev,validation,5a8bd9c95542997f31a41de2,
hotpot_distractor_dev,validation,5ae08a0455429924de1b70fc,
hotpot_distractor_dev,validation,5a8b3f8a5542995d1e6f131f,
hotpot_distractor_dev,validation,5a8d5f16554299585d9e37c5,
hotpot_distractor_dev,validation,5ae37e525542992e3233c42d,
hotpot_distractor_dev,validation,5ab973b35542996be20204fd,
hotpot_distractor_dev,validation,5ab7c3df5542993667794003,
hotpot_distractor_dev,validation,5ade8802554299728e26c72d,
hotpot_distractor_dev,validation,5ae4ea2a5542993aec5ec0ee,
hotpot_distractor_dev,validation,5abd44d955429933744ab760,
hotpot_distractor_dev,validation,5a75e62f5542992d0ec06013,
hotpot_distractor_dev,validation,5ac173295542994ab5c67d45,
hotpot_distractor_dev,validation,5ac1ff2255429964131be2b3,
hotpot_distractor_dev,validation,5a8838635542997e5c09a5a9,
hotpot_distractor_dev,validation,5a7e3a3f5542995ed0d166dd,
hotpot_distractor_dev,validation,5a771de05542993569682cc8,
hotpot_distractor_dev,validation,5ab6bae95542995eadef0086,
hotpot_distractor_dev,validation,5ac46bb05542991943173983,
hotpot_distractor_dev,validation,5ae7ed9555429952e35ea9e6,
hotpot_distractor_dev,validation,5ac18b585542994ab5c67d76,
hotpot_distractor_dev,validation,5a8e296f554299068b959e71,
hotpot_distractor_dev,validation,5a848eff5542990548d0b2cd,
hotpot_distractor_dev,validation,5ae1d4e75542997f29b3c143,
hotpot_distractor_dev,validation,5ae0f97a5542997b2ef7d0c1,
hotpot_distractor_dev,validation,5a7e14505542995ed0d16685,
hotpot_distractor_dev,validation,5a8e36835542995085b373e2,
hotpot_distractor_dev,validation,5ae63e3255429929b0807aff,
hotpot_distractor_dev,validation,5adcfe5f5542992c1e3a24f0,
hotpot_distractor_dev,validation,5ac4f2e755429924173fb503,
hotpot_distractor_dev,validation,5adf50c05542992d7e9f931e,
hotpot_distractor_dev,validation,5ae5b971554299546bf82f3a,
hotpot_distractor_dev,validation,5abbdc3f55429931dba145af,
hotpot_distractor_dev,validation,5ab71f7d554299110f219ab9,
hotpot_distractor_dev,validation,5ae527945542993aec5ec167,
hotpot_distractor_dev,validation,5ae3ac665542994393b9e73f,
hotpot_distractor_dev,validation,5aba943c554299232ef4a33e,
hotpot_distractor_dev,validation,5a7fb1b25542992097ad2fb2,
hotpot_distractor_dev,validation,5ae47df15542996836b02cba,
hotpot_distractor_dev,validation,5adbfaa655429947ff173888,
hotpot_distractor_dev,validation,5a7cffb755429907fabef09f,
hotpot_distractor_dev,validation,5a73354f5542991f9a20c687,
hotpot_distractor_dev,validation,5ae33fa95542990afbd1e0f2,
hotpot_distractor_dev,validation,5a835c895542993344746009,
hotpot_distractor_dev,validation,5a776fc15542997042120a3a,
hotpot_distractor_dev,validation,5adf04c95542993a75d263d5,
hotpot_distractor_dev,validation,5a84a8ce5542997175ce1f1c,
hotpot_distractor_dev,validation,5a75eda35542994ccc918661,
hotpot_distractor_dev,validation,5adf33965542993344016c20,
hotpot_distractor_dev,validation,5ae5eb0d554299546bf82fd2,
hotpot_distractor_dev,validation,5a8603f655429960ec39b601,
hotpot_distractor_dev,validation,5add4dd35542992ae4cec507,
hotpot_distractor_dev,validation,5a7d109855429909bec7692f,
hotpot_distractor_dev,validation,5a7a37b85542996c55b2dd3f,
hotpot_distractor_dev,validation,5a824858554299676cceb247,
hotpot_distractor_dev,validation,5ac538025542996feb3fea41,
hotpot_distractor_dev,validation,5ac44629554299194317395d,
hotpot_distractor_dev,validation,5a778a3b5542992a6e59dec7,
hotpot_distractor_dev,validation,5a7a36e65542990198eaf0ea,
hotpot_distractor_dev,validation,5a7c084d5542997c3ec972c8,
hotpot_distractor_dev,validation,5a80c79155429938b61421da,
hotpot_distractor_dev,validation,5a85fe2f5542996432c57165,
hotpot_distractor_dev,validation,5a77174f55429966f1a36c4c,
hotpot_distractor_dev,validation,5a8d7edc55429941ae14dfdc,
hotpot_distractor_dev,validation,5a74f8bd5542993748c8976a,
hotpot_distractor_dev,validation,5a7aa0a55542990198eaf165,
hotpot_distractor_dev,validation,5adbf43655429947ff173864,
hotpot_distractor_dev,validation,5ab64285554299637185c67c,
hotpot_distractor_dev,validation,5a713f3c5542994082a3e6eb,
hotpot_distractor_dev,validation,5ac50dd05542994611c8b343,
hotpot_distractor_dev,validation,5ae1500655429920d52343cc,
hotpot_distractor_dev,validation,5a80993d5542996402f6a589,
hotpot_distractor_dev,validation,5add3ccc5542997545bbbce5,
hotpot_distractor_dev,validation,5ac34ed0554299741d48a248,
hotpot_distractor_dev,validation,5a8634fe554299211dda2aac,
hotpot_distractor_dev,validation,5adf34955542993a75d26423,
hotpot_distractor_dev,validation,5ae3f4fe5542995ad6573ce8,
hotpot_distractor_dev,validation,5abd1daa55429933744ab72e,
hotpot_distractor_dev,validation,5a73b2fd55429978a71e907f,
hotpot_distractor_dev,validation,5a7d3cbb5542995f4f402243,
hotpot_distractor_dev,validation,5a773d8955429966f1a36cc4,
hotpot_distractor_dev,validation,5a8d0940554299585d9e379e,
hotpot_distractor_dev,validation,5ac160af5542994d76dccdfa,
hotpot_distractor_dev,validation,5ab6cebd55429954757d3378,
hotpot_distractor_dev,validation,5ab5f9a0554299488d4d9a6d,
hotpot_distractor_dev,validation,5a801f215542992bc0c4a6b2,
hotpot_distractor_dev,validation,5ae72fc5554299572ea54770,
hotpot_distractor_dev,validation,5a83eaae55429933447460b4,
hotpot_distractor_dev,validation,5a7b3d565542992d025e67b6,
hotpot_distractor_dev,validation,5a7f244255429934daa2fcec,
hotpot_distractor_dev,validation,5a8ac0595542992d82986f6c,
hotpot_distractor_dev,validation,5ac3044f5542990b17b154dc,
hotpot_distractor_dev,validation,5ac23f5655429951e9e684d9,
hotpot_distractor_dev,validation,5adbe0df554299438c868cc0,
hotpot_distractor_dev,validation,5a7dcdea5542990b8f503abc,
hotpot_distractor_dev,validation,5a72b8de5542994cef4bc3df,
hotpot_distractor_dev,validation,5a7c2819554299683c1c62db,
hotpot_distractor_dev,validation,5a7da6cb5542990b8f5039ff,
hotpot_distractor_dev,validation,5ae7909f5542994a481bbda6,
hotpot_distractor_dev,validation,5ab465095542991751b4d75a,
hotpot_distractor_dev,validation,5abda4dd55429965af743d95,
hotpot_distractor_dev,validation,5a75d8a3554299109176e5a6,
hotpot_distractor_dev,validation,5abe91895542993f32c2a168,
hotpot_distractor_dev,validation,5ac5188255429924173fb5a3,
hotpot_distractor_dev,validation,5ae531ee5542990ba0bbb1ff,
hotpot_distractor_dev,validation,5ab804305542995dae37ea14,
hotpot_distractor_dev,validation,5ac4da3b554299076e296e17,
hotpot_distractor_dev,validation,5ae75eb45542991bbc976201,
hotpot_distractor_dev,validation,5ae5be475542990ba0bbb2c6,
hotpot_distractor_dev,validation,5ab8111c5542991d3222382b,
hotpot_distractor_dev,validation,5ac3dfb15542995c82c4ac71,
hotpot_distractor_dev,validation,5ae4a2e25542996836b02cee,
hotpot_distractor_dev,validation,5a8f799d55429918e830d22d,
hotpot_distractor_dev,validation,5ac2ea1a5542990b17b154a1,
hotpot_distractor_dev,validation,5a88e2f35542993b751ca8ad,
hotpot_distractor_dev,validation,5ae55d1e55429960a22e02cb,
hotpot_distractor_dev,validation,5a8d263f554299653c1aa139,
hotpot_distractor_dev,validation,5ae3606b5542991a06ce99a8,
hotpot_distractor_dev,validation,5adefdd75542995ec70e8f4e,
hotpot_distractor_dev,validation,5a734acf5542991f9a20c6ec,
hotpot_distractor_dev,validation,5a8750945542996432c57264,
hotpot_distractor_dev,validation,5ab1cdf8554299722f9b4c84,
hotpot_distractor_dev,validation,5adf490a5542993a75d26488,
hotpot_distractor_dev,validation,5ab43b8a5542991779162c22,
hotpot_distractor_dev,validation,5abb73425542996cc5e49ff5,
hotpot_distractor_dev,validation,5a84a65d5542992a431d1a83,
hotpot_distractor_dev,validation,5adff2aa554299603e4183d0,
hotpot_distractor_dev,validation,5ac046c65542996f0d89cb71,
hotpot_distractor_dev,validation,5a90386455429916514e7435,
hotpot_distractor_dev,validation,5aded04755429975fa854fa7,
hotpot_distractor_dev,validation,5ae063085542993d6555eb37,
hotpot_distractor_dev,validation,5ae6363b55429929b0807af0,
hotpot_distractor_dev,validation,5adc6825554299438c868da1,
hotpot_distractor_dev,validation,5abec9b25542997ec76fd366,
hotpot_distractor_dev,validation,5a7a18b05542990783324e53,
hotpot_distractor_dev,validation,5ac1a4745542991316484b82,
hotpot_distractor_dev,validation,5a7302b75542991f9a20c5fd,
hotpot_distractor_dev,validation,5a825a9d55429940e5e1a870,
hotpot_distractor_dev,validation,5a8501915542997175ce1f5a,
hotpot_distractor_dev,validation,5ae7ee41554299540e5a56b0,
hotpot_distractor_dev,validation,5add2397554299473435386f,
hotpot_distractor_dev,validation,5ae4cda05542990ba0bbb148,
hotpot_distractor_dev,validation,5ae1412a55429920d523434c,
hotpot_distractor_dev,validation,5a8ed7b455429917b4a5bdd1,
hotpot_distractor_dev,validation,5abb61735542993f40c73aef,
hotpot_distractor_dev,validation,5ae2a0a1554299495565dae9,
hotpot_distractor_dev,validation,5ae60dcc554299546bf83043,
hotpot_distractor_dev,validation,5a7cd72055429909bec7683b,
hotpot_distractor_dev,validation,5ab865ad5542992aa3b8c8dd,
hotpot_distractor_dev,validation,5adface25542995ec70e906c,
hotpot_distractor_dev,validation,5aba901055429955dce3ee87,
hotpot_distractor_dev,validation,5ae544d75542990ba0bbb249,
hotpot_distractor_dev,validation,5ae14b5c55429920d52343aa,
hotpot_distractor_dev,validation,5abbaed855429931dba144aa,
hotpot_distractor_dev,validation,5adfb698554299603e418385,
hotpot_distractor_dev,validation,5a8481945542997175ce1ed3,
hotpot_distractor_dev,validation,5ab1dcab5542993be8fa985e,
hotpot_distractor_dev,validation,5add44f35542997545bbbd0c,
hotpot_distractor_dev,validation,5a7f404a55429930675136dd,
hotpot_distractor_dev,validation,5ab60aec554299110f2199c3,
hotpot_distractor_dev,validation,5a8f93f5554299458435d67e,
hotpot_distractor_dev,validation,5a8a231a55429930ff3c0cb4,
hotpot_distractor_dev,validation,5adec96e5542995534e8c712,
hotpot_distractor_dev,validation,5a77691455429966f1a36d2b,
hotpot_distractor_dev,validation,5a774e415542994aec3b7280,
hotpot_distractor_dev,validation,5abb189e5542996cc5e49fa4,
hotpot_distractor_dev,validation,5ab8756755429934fafe6dd3,
hotpot_distractor_dev,validation,5adbe2c65542996e68525274,
hotpot_distractor_dev,validation,5a838eba5542992ef85e22fe,
hotpot_distractor_dev,validation,5a888c9d5542997e5c09a612,
hotpot_distractor_dev,validation,5ab2342a5542993be8fa98c3,
hotpot_distractor_dev,validation,5abd0296554299114383a1d1,
hotpot_distractor_dev,validation,5abb07ec5542996cc5e49f55,
hotpot_distractor_dev,validation,5a81c7d15542990a1d231ea9,
hotpot_distractor_dev,validation,5a7652785542992db9473760,
hotpot_distractor_dev,validation,5abd0ac45542992ac4f381b5,
hotpot_distractor_dev,validation,5ae0ba15554299603e41844d,
hotpot_distractor_dev,validation,5ae1338d55429901ffe4ade1,
hotpot_distractor_dev,validation,5ae65b845542992ae0d162f1,
hotpot_distractor_dev,validation,5ae2138c5542997283cd23b7,
hotpot_distractor_dev,validation,5a7e3b585542995ed0d166df,
hotpot_distractor_dev,validation,5ae54b3d5542990ba0bbb260,
hotpot_distractor_dev,validation,5ab4774d5542991751b4d781,
hotpot_distractor_dev,validation,5ae7ac495542993210983eee,
hotpot_distractor_dev,validation,5a7d26bd554299452d57bb28,
hotpot_distractor_dev,validation,5ae690b055429908198fa622,
hotpot_distractor_dev,validation,5a7299e75542991f9a20c524,
hotpot_distractor_dev,validation,5abb4b4a5542993f40c73aea,
hotpot_distractor_dev,validation,5a7fb1e55542995d8a8ddef7,
hotpot_distractor_dev,validation,5abe36745542991f66106101,
hotpot_distractor_dev,validation,5ab84dea55429934fafe6d4f,
hotpot_distractor_dev,validation,5abe765a55429976d4830b1f,
hotpot_distractor_dev,validation,5a85a8655542997b5ce40011,
hotpot_distractor_dev,validation,5ac31b0a554299741d48a1f0,
hotpot_distractor_dev,validation,5ae6479a55429929b0807b1b,
hotpot_distractor_dev,validation,5ac2cfab554299657fa29079,
hotpot_distractor_dev,validation,5a7c64bc5542996dd594b913,
hotpot_distractor_dev,validation,5ade27e05542997c77aded7d,
hotpot_distractor_dev,validation,5adfa6c7554299025d62a326,
hotpot_distractor_dev,validation,5ae361805542992e3233c3c9,
hotpot_distractor_dev,validation,5add870b5542995b365fab3c,
hotpot_distractor_dev,validation,5ab84f2c55429934fafe6d54,
hotpot_distractor_dev,validation,5a8ee2855542995a26add550,
hotpot_distractor_dev,validation,5abeb3525542993fe9a41d03,
hotpot_distractor_dev,validation,5ab762fb55429928e1fe3857,
hotpot_distractor_dev,validation,5a739d8c55429905862fe073,
hotpot_distractor_dev,validation,5abc715f5542993a06baf8ea,
hotpot_distractor_dev,validation,5ab804065542990e739ec7e0,
hotpot_distractor_dev,validation,5a7e21165542995ed0d166a2,
hotpot_distractor_dev,validation,5ae473545542995dadf2433d,
hotpot_distractor_dev,validation,5a84973e5542992a431d1a67,
hotpot_distractor_dev,validation,5a7a47be5542994f819ef1b2,
hotpot_distractor_dev,validation,5abc8d00554299700f9d78fd,
hotpot_distractor_dev,validation,5ab1c6c5554299722f9b4c67,
hotpot_distractor_dev,validation,5ab2a01d5542992953946778,
hotpot_distractor_dev,validation,5ab42ef55542991751b4d6d9,
hotpot_distractor_dev,validation,5ae0968955429924de1b7105,
hotpot_distractor_dev,validation,5adefe645542992d7e9f926c,
hotpot_distractor_dev,validation,5a82edae55429966c78a6a9f,
hotpot_distractor_dev,validation,5abd68b45542993062266c77,
hotpot_distractor_dev,validation,5a7345185542992359bc32cb,
hotpot_distractor_dev,validation,5adde6535542990dbb2f7ef9,
hotpot_distractor_dev,validation,5ab7ef0f5542991d322237ca,
hotpot_distractor_dev,validation,5ae20cd25542997283cd2376,
hotpot_distractor_dev,validation,5a7da3a95542990b8f5039e6,
hotpot_distractor_dev,validation,5ac2c22e5542990b17b15485,
hotpot_distractor_dev,validation,5ae4d3a55542990ba0bbb164,
hotpot_distractor_dev,validation,5ac19f405542991316484b5b,
hotpot_distractor_dev,validation,5ac00278554299012d1db56b,
hotpot_distractor_dev,validation,5a7d2ecc5542995ed0d16629,
hotpot_distractor_dev,validation,5abd5a135542992ac4f3829f,
hotpot_distractor_dev,validation,5ab8f33155429919ba4e237f,
hotpot_distractor_dev,validation,5a7f57a45542992097ad2f29,
hotpot_distractor_dev,validation,5a7e14a65542995ed0d16686,
hotpot_distractor_dev,validation,5a859a755542992a431d1b6d,
hotpot_distractor_dev,validation,5ab4304a55429942dd415ec5,
hotpot_distractor_dev,validation,5a81d54a55429903bc27b9d4,
hotpot_distractor_dev,validation,5a79257b55429974737f79a7,
hotpot_distractor_dev,validation,5ae5feaf5542996de7b71ac6,
hotpot_distractor_dev,validation,5ac1767a5542994d76dcce48,
hotpot_distractor_dev,validation,5a74feb75542996c70cfae6d,
hotpot_distractor_dev,validation,5adf3e835542993a75d26442,
hotpot_distractor_dev,validation,5ae608f2554299546bf83026,
hotpot_distractor_dev,validation,5a88a6975542994846c1cea4,
hotpot_distractor_dev,validation,5a83f07455429933447460be,
hotpot_distractor_dev,validation,5ab2979c554299449642c919,
hotpot_distractor_dev,validation,5a79131a554299148911f9e3,
hotpot_distractor_dev,validation,5a87d8355542993e715abfe4,
hotpot_distractor_dev,validation,5a80707e5542992bc0c4a70e,
hotpot_distractor_dev,validation,5ab3f6935542992339550019,
hotpot_distractor_dev,validation,5a81a84e5542990a1d231e4e,
hotpot_distractor_dev,validation,5ae5f1a8554299546bf82fd9,
hotpot_distractor_dev,validation,5a8a2a5555429930ff3c0ccc,
hotpot_distractor_dev,validation,5adfeab455429942ec259b86,
hotpot_distractor_dev,validation,5abd56355542993062266c58,
hotpot_distractor_dev,validation,5a7e22ed5542995ed0d166a7,
hotpot_distractor_dev,validation,5a881ea055429938390d3ef3,
hotpot_distractor_dev,validation,5ab4e48655429942dd415f9c,
hotpot_distractor_dev,validation,5a84bc5b5542991dd0999dc3,
hotpot_distractor_dev,validation,5a739b1955429978a71e9044,
hotpot_distractor_dev,validation,5adc368155429944faac2468,
hotpot_distractor_dev,validation,5ac519a95542994611c8b38b,
hotpot_distractor_dev,validation,5a88abf75542997e5c09a6a1,
hotpot_distractor_dev,validation,5ac3d90b5542995c82c4ac4b,
hotpot_distractor_dev,validation,5ab97d0a5542996be202051e,
hotpot_distractor_dev,validation,5a7553a95542996c70cfaedf,
hotpot_distractor_dev,validation,5adc035c554299438c868d04,
hotpot_distractor_dev,validation,5ae60d36554299546bf8303e,
hotpot_distractor_dev,validation,5a7543d555429916b01642ce,
hotpot_distractor_dev,validation,5ae5d63b5542996de7b71a2d,
hotpot_distractor_dev,validation,5ab442645542991751b4d70c,
hotpot_distractor_dev,validation,5a802bf05542992bc0c4a6b7,
hotpot_distractor_dev,validation,5ac072ef554299294b218fe4,
hotpot_distractor_dev,validation,5ab4b7d15542996a3a969fbc,
hotpot_distractor_dev,validation,5add1aa65542990d50227de1,
hotpot_distractor_dev,validation,5a7354d55542994cef4bc55a,
hotpot_distractor_dev,validation,5ade1c9e55429939a52fe822,
hotpot_distractor_dev,validation,5adce3b95542990d50227d56,
hotpot_distractor_dev,validation,5ac313a0554299741d48a1b0,
hotpot_distractor_dev,validation,5abf931f5542990832d3a158,
hotpot_distractor_dev,validation,5ae324775542994393b9e62f,
hotpot_distractor_dev,validation,5a79093955429974737f794b,
hotpot_distractor_dev,validation,5ade8bd955429975fa854f04,
hotpot_distractor_dev,validation,5a84a1c85542992a431d1a7c,
hotpot_distractor_dev,validation,5abed7d75542990832d3a0f7,
hotpot_distractor_dev,validation,5ae365205542990afbd1e12d,
hotpot_distractor_dev,validation,5a8f9dca55429918e830d295,
hotpot_distractor_dev,validation,5ae61351554299546bf83066,
hotpot_distractor_dev,validation,5ae50c345542993aec5ec11f,
hotpot_distractor_dev,validation,5abcefc45542993a06baf9b4,
hotpot_distractor_dev,validation,5a887898554299206df2b2a2,
hotpot_distractor_dev,validation,5a803ed45542996402f6a496,
hotpot_distractor_dev,validation,5a8f97305542997ba9cb32e3,
hotpot_distractor_dev,validation,5ab5ceb65542997d4ad1f1e2,
hotpot_distractor_dev,validation,5ae7e8f55542994a481bbe06,
hotpot_distractor_dev,validation,5a8c7ac2554299653c1aa08e,
hotpot_distractor_dev,validation,5a8192045542995ce29dcc04,
hotpot_distractor_dev,validation,5a866b5b554299211dda2b23,
hotpot_distractor_dev,validation,5ae1a525554299234fd042a9,
hotpot_distractor_dev,validation,5abb23035542992ccd8e7f22,
hotpot_distractor_dev,validation,5abce43855429959677d6b18,
hotpot_distractor_dev,validation,5a8e07185542995085b37389,
hotpot_distractor_dev,validation,5a8ed10b5542995085b374a0,
hotpot_distractor_dev,validation,5adf2fa35542993344016c11,
hotpot_distractor_dev,validation,5a804e845542992bc0c4a6e9,
hotpot_distractor_dev,validation,5a78d06355429974737f78b4,
hotpot_distractor_dev,validation,5ac3dfee554299204fd21eab,
hotpot_distractor_dev,validation,5add48465542992200553a80,
hotpot_distractor_dev,validation,5a7c917e5542990527d554d3,
hotpot_distractor_dev,validation,5a7e6c725542991319bc94a4,
hotpot_distractor_dev,validation,5a7558425542992db9473647,
hotpot_distractor_dev,validation,5a849cc95542997175ce1efa,
hotpot_distractor_dev,validation,5a84e9d35542994c784dda84,
hotpot_distractor_dev,validation,5ab6bdd255429953192ad36e,
hotpot_distractor_dev,validation,5ac3126f5542995ef918c0e8,
hotpot_distractor_dev,validation,5a81e04455429903bc27b9f9,
hotpot_distractor_dev,validation,5ab3d2b7554299233954ffb8,
hotpot_distractor_dev,validation,5a8d1f015542994ba4e3dc08,
hotpot_distractor_dev,validation,5adf8d275542993344016cfb,
hotpot_distractor_dev,validation,5a7949d45542994bb9456fdd,
hotpot_distractor_dev,validation,5aba0c2655429955dce3edb7,
hotpot_distractor_dev,validation,5a89bbb05542992e4fca83a3,
hotpot_distractor_dev,validation,5ab4b2935542996a3a969fb5,
hotpot_distractor_dev,validation,5a7cf4e355429907fabef062,
hotpot_distractor_dev,validation,5ab2be12554299295394686b,
hotpot_distractor_dev,validation,5a7cd5b05542990527d5553d,
hotpot_distractor_dev,validation,5a70f4c45542994082a3e437,
hotpot_distractor_dev,validation,5ae0818e55429924de1b70e9,
hotpot_distractor_dev,validation,5adfb60655429942ec259b08,
hotpot_distractor_dev,validation,5ab5de535542992aa134a3b6,
hotpot_distractor_dev,validation,5ac2ffe7554299218029dbb3,
hotpot_distractor_dev,validation,5a8769475542993e715abf2b,
hotpot_distractor_dev,validation,5a77f4755542992a6e59e01f,
hotpot_distractor_dev,validation,5a78caa955429970f5fffd83,
hotpot_distractor_dev,validation,5a8790785542993e715abfac,
hotpot_distractor_dev,validation,5ab6bb575542995eadef0088,
hotpot_distractor_dev,validation,5ac2cdaa554299657fa29070,
hotpot_distractor_dev,validation,5a729fa15542994cef4bc397,
hotpot_distractor_dev,validation,5ae64ffd5542992ae0d162ce,
hotpot_distractor_dev,validation,5a88a1e55542997e5c09a64d,
hotpot_distractor_dev,validation,5ac34994554299741d48a242,
hotpot_distractor_dev,validation,5ae382ee5542992e3233c430,
hotpot_distractor_dev,validation,5a8a40015542996c9b8d5e72,
hotpot_distractor_dev,validation,5a8810485542997e5c09a590,
hotpot_distractor_dev,validation,5a7249b85542990c210a40b9,
hotpot_distractor_dev,validation,5ae7281c5542991e8301cb69,
hotpot_distractor_dev,validation,5a888d535542997e5c09a617,
hotpot_distractor_dev,validation,5ae48c4e55429913cc204498,
hotpot_distractor_dev,validation,5a7e05635542995f4f40238f,
hotpot_distractor_dev,validation,5ae3fec55542995dadf242a4,
hotpot_distractor_dev,validation,5add39c45542995b365faac5,
hotpot_distractor_dev,validation,5a90629855429916514e749e,
hotpot_distractor_dev,validation,5a85e2775542994775f60680,
hotpot_distractor_dev,validation,5abba17a5542992ccd8e7f60,
hotpot_distractor_dev,validation,5a8ece2e5542995085b37497,
hotpot_distractor_dev,validation,5a7a749d5542994f819ef1e0,
hotpot_distractor_dev,validation,5a7e075c5542995f4f4023a3,
hotpot_distractor_dev,validation,5abcfcf0554299114383a1b4,
hotpot_distractor_dev,validation,5a78ed6855429970f5fffdd9,
hotpot_distractor_dev,validation,5a8be8215542995e66a47518,
hotpot_distractor_dev,validation,5a8f495c5542997ba9cb3220,
hotpot_distractor_dev,validation,5a7db62d5542997cc2c4747c,
hotpot_distractor_dev,validation,5ae5db98554299546bf82fa6,
hotpot_distractor_dev,validation,5a8a423255429930ff3c0d30,
hotpot_distractor_dev,validation,5a80fb97554299260e20a1eb,
hotpot_distractor_dev,validation,5ab27587554299449642c8af,
hotpot_distractor_dev,validation,5a7c74a65542990527d554b0,
hotpot_distractor_dev,validation,5a7ff71a5542992e7d278dd0,
hotpot_distractor_dev,validation,5a89bf18554299669944a591,
hotpot_distractor_dev,validation,5ae22f4e5542996483e6492f,
hotpot_distractor_dev,validation,5ab8c3c65542991b5579effd,
hotpot_distractor_dev,validation,5a7d61645542997cc2c47455,
hotpot_distractor_dev,validation,5a82d71555429966c78a6a94,
hotpot_distractor_dev,validation,5a8ae5d355429970aeb70325,
hotpot_distractor_dev,validation,5abccf6755429965836004ab,
hotpot_distractor_dev,validation,5adcfc135542990d50227d87,
hotpot_distractor_dev,validation,5a77c15f5542997042120b1c,
hotpot_distractor_dev,validation,5a9064c755429916514e74a6,
hotpot_distractor_dev,validation,5ab43b755542991779162c21,
hotpot_distractor_dev,validation,5adf39765542993a75d26435,
hotpot_distractor_dev,validation,5a8ccea555429941ae14deeb,
hotpot_distractor_dev,validation,5ab6390f5542995eadeeff7a,
hotpot_distractor_dev,validation,5abd4f2e5542993062266c4b,
hotpot_distractor_dev,validation,5ac0d981554299012d1db646,
hotpot_distractor_dev,validation,5a7c716d55429935c91b51b3,
hotpot_distractor_dev,validation,5a77a44d5542997042120aba,
hotpot_distractor_dev,validation,5a7cd0fd55429909bec76823,
hotpot_distractor_dev,validation,5ac2a55b55429921a00ab018,
hotpot_distractor_dev,validation,5ab8ca5d5542991b5579f005,
hotpot_distractor_dev,validation,5ac3f1c9554299204fd21ed4,
hotpot_distractor_dev,validation,5ac559bd5542993e66e82328,
hotpot_distractor_dev,validation,5ade00855542997dc7907118,
hotpot_distractor_dev,validation,5a8e61165542995085b3741a,
hotpot_distractor_dev,validation,5abd05e655429965836004f1,
hotpot_distractor_dev,validation,5a7fb1765542992e7d278d20,
hotpot_distractor_dev,validation,5a722c2255429971e9dc932c,
hotpot_distractor_dev,validation,5ae1408a5542997b2ef7d17c,
hotpot_distractor_dev,validation,5a7562045542992db947364f,
hotpot_distractor_dev,validation,5ae6233c5542992ae0d1623e,
hotpot_distractor_dev,validation,5a7cb94f554299683c1c6353,
hotpot_distractor_dev,validation,5ae17d6855429901ffe4aea7,
hotpot_distractor_dev,validation,5ae69fa755429908198fa66c,
hotpot_distractor_dev,validation,5ab56e085542992aa134a315,
hotpot_distractor_dev,validation,5a79305755429907847277dd,
hotpot_distractor_dev,validation,5a7b18d25542992d025e6768,
hotpot_distractor_dev,validation,5add56a85542992200553abe,
hotpot_distractor_dev,validation,5ab44cd555429942dd415f10,
hotpot_distractor_dev,validation,5a7140585542994082a3e6fa,
hotpot_distractor_dev,validation,5ae1f079554299234fd04343,
hotpot_distractor_dev,validation,5ab4314955429942dd415ecd,
hotpot_distractor_dev,validation,5ae3249555429928c423962f,
hotpot_distractor_dev,validation,5a89ba6b554299669944a584,
hotpot_distractor_dev,validation,5ae226bd5542994d89d5b379,
hotpot_distractor_dev,validation,5ae0156455429942ec259c15,
hotpot_distractor_dev,validation,5a7b85c4554299294a54a9d7,
hotpot_distractor_dev,validation,5ab262a4554299340b5254ac,
hotpot_distractor_dev,validation,5a81d81e554299676cceb0f6,
hotpot_distractor_dev,validation,5abee2df5542994516f4546a,
hotpot_distractor_dev,validation,5ac42ae45542997ea680ca18,
hotpot_distractor_dev,validation,5abdf72055429976d4830a37,
hotpot_distractor_dev,validation,5ae618325542996de7b71b56,
hotpot_distractor_dev,validation,5a8fdd9c55429916514e73de,
hotpot_distractor_dev,validation,5a875b2a5542993e715abf0f,
hotpot_distractor_dev,validation,5a8ac44055429970aeb70304,
hotpot_distractor_dev,validation,5ab55a9b5542992aa134a2ba,
hotpot_distractor_dev,validation,5a88c92d5542993b751ca84e,
hotpot_distractor_dev,validation,5ab972485542996be20204f6,
hotpot_distractor_dev,validation,5adcaa7f5542990d50227cdb,
hotpot_distractor_dev,validation,5a7933b255429907847277eb,
hotpot_distractor_dev,validation,5ae30d4b55429928c42395cc,
hotpot_distractor_dev,validation,5a7a6c1a5542994f819ef1d5,
hotpot_distractor_dev,validation,5adfdd1c55429906c02daa74,
hotpot_distractor_dev,validation,5a7265815542990c210a411b,
hotpot_distractor_dev,validation,5a8c5794554299240d9c2131,
hotpot_distractor_dev,validation,5a85ac1e5542997b5ce4001f,
hotpot_distractor_dev,validation,5a7a45425542990783324ee2,
hotpot_distractor_dev,validation,5abc40835542993a06baf8ba,
hotpot_distractor_dev,validation,5a883afc5542994846c1ce48,
hotpot_distractor_dev,validation,5ae0b68e55429906c02daafb,
hotpot_distractor_dev,validation,5a7dacff5542991319bc93e0,
hotpot_distractor_dev,validation,5adf6f075542993344016c91,
hotpot_distractor_dev,validation,5a7be1ab5542997c3ec972a9,
hotpot_distractor_dev,validation,5a8753d95542994846c1cd63,
hotpot_distractor_dev,validation,5a794f8155429970f5fffe95,
hotpot_distractor_dev,validation,5ab53bee554299637185c526,
hotpot_distractor_dev,validation,5ac1a5b45542991316484b8b,
hotpot_distractor_dev,validation,5a79edfe5542990198eaf006,
hotpot_distractor_dev,validation,5a72a3c45542994cef4bc3ac,
hotpot_distractor_dev,validation,5abfd3d65542994516f4550b,
hotpot_distractor_dev,validation,5ae39fb85542990afbd1e197,
hotpot_distractor_dev,validation,5a7e1a2955429965cec5ea5d,
hotpot_distractor_dev,validation,5ab7bf3f5542991d322237a8,
hotpot_distractor_dev,validation,5a837121554299123d8c2128,
hotpot_distractor_dev,validation,5ae616ce5542992663a4f259,
hotpot_distractor_dev,validation,5ae375955542990afbd1e15d,
hotpot_distractor_dev,validation,5abcff225542993a06baf9ea,
hotpot_distractor_dev,validation,5a74f5155542993748c89750,
hotpot_distractor_dev,validation,5ab5c31b554299488d4d9a19,
hotpot_distractor_dev,validation,5ab7f3285542992aa3b8c88f,
hotpot_distractor_dev,validation,5a7f53ff5542992097ad2f17,
hotpot_distractor_dev,validation,5a7b88165542997c3ec971fe,
hotpot_distractor_dev,validation,5a7b3ec95542995eb53be8d3,
hotpot_distractor_dev,validation,5ae4843455429970de88d997,
hotpot_distractor_dev,validation,5a73d951554299623ed4ac77,
hotpot_distractor_dev,validation,5adce22c5542990d50227d51,
hotpot_distractor_dev,validation,5ab412da5542996a3a969f15,
hotpot_distractor_dev,validation,5a762cf0554299109176e6a4,
hotpot_distractor_dev,validation,5a7ddd565542997cc2c474b2,
hotpot_distractor_dev,validation,5a7b4073554299042af8f733,
hotpot_distractor_dev,validation,5a873b0d5542994775f607ad,
hotpot_distractor_dev,validation,5a778cae55429949eeb29eeb,
hotpot_distractor_dev,validation,5a7c00a55542996dd594b87e,
hotpot_distractor_dev,validation,5a8f68795542992414482ab5,
hotpot_distractor_dev,validation,5a8b6f9a5542995d1e6f138f,
hotpot_distractor_dev,validation,5add98ef5542997545bbbd82,
hotpot_distractor_dev,validation,5a7a5cc955429941d65f25d6,
hotpot_distractor_dev,validation,5adc9d145542994d58a2f67d,
hotpot_distractor_dev,validation,5a8af05d55429950cd6afc1a,
hotpot_distractor_dev,validation,5ae8164d5542994a481bbeb6,
hotpot_distractor_dev,validation,5a8fdb955542990a98493572,
hotpot_distractor_dev,validation,5abc6c2655429959677d6aac,
hotpot_distractor_dev,validation,5a81a4615542995ce29dcc1e,
hotpot_distractor_dev,validation,5a827ce155429940e5e1a8d7,
hotpot_distractor_dev,validation,5a81f49c5542995ce29dcc9a,
hotpot_distractor_dev,validation,5a82bdd655429940e5e1a92a,
hotpot_distractor_dev,validation,5a8457835542990548d0b28a,
hotpot_distractor_dev,validation,5ae00a27554299025d62a3bb,
hotpot_distractor_dev,validation,5ae4aba25542995ad6573e12,
hotpot_distractor_dev,validation,5ade99ad554299728e26c75d,
hotpot_distractor_dev,validation,5ab3c470554299233954ffa1,
hotpot_distractor_dev,validation,5abca1a55542993a06baf937,
hotpot_distractor_dev,validation,5ab56db7554299494045efc6,
hotpot_distractor_dev,validation,5a905f2a55429933b8a204fb,
hotpot_distractor_dev,validation,5ab9379a554299753720f79d,
hotpot_distractor_dev,validation,5adc861c5542994d58a2f62c,
hotpot_distractor_dev,validation,5ae5e62455429929b0807a07,
hotpot_distractor_dev,validation,5ae64b1d55429929b0807b24,
hotpot_distractor_dev,validation,5a71299e5542994082a3e5fe,
hotpot_distractor_dev,validation,5aba7bb4554299232ef4a2ee,
hotpot_distractor_dev,validation,5a71446b5542994082a3e72a,
hotpot_distractor_dev,validation,5a78fe8155429970f5fffe11,
hotpot_distractor_dev,validation,5adddb415542992200553b61,
hotpot_distractor_dev,validation,5a7545605542993748c89807,
hotpot_distractor_dev,validation,5a90bdea55429916514e754b,
hotpot_distractor_dev,validation,5abde4ed5542991f66106097,
hotpot_distractor_dev,validation,5a7b4fee554299042af8f748,
hotpot_distractor_dev,validation,5ab527205542996a3a96a03d,
hotpot_distractor_dev,validation,5adf5cd25542992d7e9f9320,
hotpot_distractor_dev,validation,5a77d5e655429967ab1052cc,
hotpot_distractor_dev,validation,5a7bb16f554299294a54aa9f,
hotpot_distractor_dev,validation,5abebb8f5542994516f4540a,
hotpot_distractor_dev,validation,5adfa451554299025d62a319,
hotpot_distractor_dev,validation,5ab34a76554299233954ff3f,
hotpot_distractor_dev,validation,5ae178a155429901ffe4ae92,
hotpot_distractor_dev,validation,5a823f61554299676cceb234,
hotpot_distractor_dev,validation,5abefa5b5542997ec76fd3a3,
hotpot_distractor_dev,validation,5abe80a855429976d4830b43,
hotpot_distractor_dev,validation,5a7698c2554299373536010d,
hotpot_distractor_dev,validation,5abd85375542993062266cba,
hotpot_distractor_dev,validation,5a8de7c65542995085b37353,
hotpot_distractor_dev,validation,5a734f4455429901807dafba,
hotpot_distractor_dev,validation,5a7647505542992d0ec06089,
hotpot_distractor_dev,validation,5a8f9c3f554299458435d69a,
hotpot_distractor_dev,validation,5ae0aefe554299603e418437,
hotpot_distractor_dev,validation,5ab93841554299131ca422cb,
hotpot_distractor_dev,validation,5a749af055429979e28829b7,
hotpot_distractor_dev,validation,5ab587ad5542992aa134a34b,
hotpot_distractor_dev,validation,5a8d9e0f554299441c6ba015,
hotpot_distractor_dev,validation,5ae0039555429942ec259be1,
hotpot_distractor_dev,validation,5ae4758b5542995dadf24342,
hotpot_distractor_dev,validation,5a7280105542994cef4bc2e4,
hotpot_distractor_dev,validation,5a8b922e55429949d91db5e6,
hotpot_distractor_dev,validation,5a89fa2655429970aeb701d2,
hotpot_distractor_dev,validation,5ac2a3c7554299218029dadb,
hotpot_distractor_dev,validation,5a75f0bf5542994ccc91866b,
hotpot_distractor_dev,validation,5a7bb2595542995eb53be99b,
hotpot_distractor_dev,validation,5ae3a1aa5542994393b9e72d,
hotpot_distractor_dev,validation,5ab65e1e55429954757d3261,
hotpot_distractor_dev,validation,5a8078e95542992bc0c4a72c,
hotpot_distractor_dev,validation,5a72160e55429971e9dc9253,
hotpot_distractor_dev,validation,5ab981555542996be2020532,
hotpot_distractor_dev,validation,5ac15de55542991316484afb,
hotpot_distractor_dev,validation,5a76538d5542992db9473764,
hotpot_distractor_dev,validation,5abeb7eb5542993fe9a41d1f,
hotpot_distractor_dev,validation,5ab4832e5542991751b4d79d,
hotpot_distractor_dev,validation,5adf33a05542993344016c22,
hotpot_distractor_dev,validation,5a84c4bb5542991dd0999dec,
hotpot_distractor_dev,validation,5adc7b855542994650320d1e,
hotpot_distractor_dev,validation,5a7a2be25542996a35c17118,
hotpot_distractor_dev,validation,5a8016215542992bc0c4a6a3,
hotpot_distractor_dev,validation,5adce3265542992c1e3a2466,
hotpot_distractor_dev,validation,5ae8096f5542994a481bbe99,
hotpot_distractor_dev,validation,5a776b82554299373536026f,
hotpot_distractor_dev,validation,5a78eea555429970f5fffddf,
hotpot_distractor_dev,validation,5a816db055429903bc27b961,
hotpot_distractor_dev,validation,5abfca465542993fe9a41e65,
hotpot_distractor_dev,validation,5a75d8dc5542992db94736f0,
hotpot_distractor_dev,validation,5ac3d667554299076e296ca5,
hotpot_distractor_dev,validation,5ae52cb955429908b6326540,
hotpot_distractor_dev,validation,5ac17c025542994d76dcce70,
hotpot_distractor_dev,validation,5abde4595542991f66106095,
hotpot_distractor_dev,validation,5abe18e055429976d4830a74,
hotpot_distractor_dev,validation,5a7fac0055429969796c1b1b,
hotpot_distractor_dev,validation,5ab984a2554299131ca4235a,
hotpot_distractor_dev,validation,5a84d2775542994c784dda5f,
hotpot_distractor_dev,validation,5a7324205542994cef4bc478,
hotpot_distractor_dev,validation,5ab28c73554299340b525512,
hotpot_distractor_dev,validation,5a8b91d25542995d1e6f13fc,
hotpot_distractor_dev,validation,5ac2759655429921a00aaf7f,
hotpot_distractor_dev,validation,5ac2eaab5542990b17b154a4,
hotpot_distractor_dev,validation,5ab93262554299131ca422b6,
hotpot_distractor_dev,validation,5a85ebe75542996432c5712a,
hotpot_distractor_dev,validation,5ae6a5d15542991bbc97615d,
hotpot_distractor_dev,validation,5ae54c085542992663a4f1c4,
hotpot_distractor_dev,validation,5ac248fd55429951e9e68525,
hotpot_distractor_dev,validation,5add16b65542990d50227dd2,
hotpot_distractor_dev,validation,5a84cd4b5542991dd0999dfe,
hotpot_distractor_dev,validation,5a81f85d55429926c1cdadca,
hotpot_distractor_dev,validation,5a7c35025542996dd594b8d7,
hotpot_distractor_dev,validation,5a774c0155429966f1a36ce2,
hotpot_distractor_dev,validation,5ab2c6a955429916697740c2,
hotpot_distractor_dev,validation,5ae5e0a6554299546bf82fa9,
hotpot_distractor_dev,validation,5abd1b6e55429933744ab729,
hotpot_distractor_dev,validation,5ae3d4345542992f92d82387,
hotpot_distractor_dev,validation,5a82a91155429940e5e1a911,
hotpot_distractor_dev,validation,5ab5ecd75542992aa134a3e6,
hotpot_distractor_dev,validation,5a8e1577554299068b959e54,
hotpot_distractor_dev,validation,5a7c8cea55429935c91b5214,
hotpot_distractor_dev,validation,5ae532365542992663a4f150,
hotpot_distractor_dev,validation,5ae1467a554299422ee99659,
hotpot_distractor_dev,validation,5a80b322554299485f5986c8,
hotpot_distractor_dev,validation,5abe044d5542991f661060a7,
hotpot_distractor_dev,validation,5ab2b666554299194fa934ca,
hotpot_distractor_dev,validation,5a75404a55429916b01642be,
hotpot_distractor_dev,validation,5adc411f5542994650320cbc,
hotpot_distractor_dev,validation,5ae01b8855429925eb1afc14,
hotpot_distractor_dev,validation,5a8c49655542995e66a47598,
hotpot_distractor_dev,validation,5a79c9cc554299148911fa53,
hotpot_distractor_dev,validation,5abf8e135542990832d3a14f,
hotpot_distractor_dev,validation,5adcf83855429947343537e1,
hotpot_distractor_dev,validation,5abcd19c5542993a06baf971,
hotpot_distractor_dev,validation,5ab816b05542990e739ec815,
hotpot_distractor_dev,validation,5ab3bfd3554299233954ff99,
hotpot_distractor_dev,validation,5ae55b8255429908b63265ef,
hotpot_distractor_dev,validation,5a7108fa5542994082a3e4ef,
hotpot_distractor_dev,validation,5ae34b275542992e3233c371,
hotpot_distractor_dev,validation,5a812cd555429926c1cdacfc,
hotpot_distractor_dev,validation,5ade063d5542995b365fabcd,
hotpot_distractor_dev,validation,5ac4efa85542991943173a04,
hotpot_distractor_dev,validation,5ab33ef955429969a97a810e,
hotpot_distractor_dev,validation,5a7df7115542990b8f503b0f,
hotpot_distractor_dev,validation,5adfd0d455429942ec259b4d,
hotpot_distractor_dev,validation,5a7f697c5542992097ad2f59,
hotpot_distractor_dev,validation,5ab5ec795542997d4ad1f252,
hotpot_distractor_dev,validation,5ab5f249554299488d4d9a5d,
hotpot_distractor_dev,validation,5a810d7655429903bc27b915,
hotpot_distractor_dev,validation,5ac00de75542996f0d89cb13,
hotpot_distractor_dev,validation,5adecc7755429975fa854f9d,
hotpot_distractor_dev,validation,5a7412b655429979e28828a1,
hotpot_distractor_dev,validation,5ab484415542990594ba9c44,
hotpot_distractor_dev,validation,5ac1436f5542991316484aad,
hotpot_distractor_dev,validation,5ab234c65542993be8fa98c6,
hotpot_distractor_dev,validation,5a775bd65542993569682d6b,
hotpot_distractor_dev,validation,5add67705542992ae4cec54f,
hotpot_distractor_dev,validation,5a74b55455429974ef308c39,
hotpot_distractor_dev,validation,5a89e4585542992e4fca8454,
hotpot_distractor_dev,validation,5ae32fc655429928c423965d,
hotpot_distractor_dev,validation,5abaf0ec5542996cc5e49f22,
hotpot_distractor_dev,validation,5a80b52f554299485f5986d6,
hotpot_distractor_dev,validation,5a7c47c35542990527d55481,
hotpot_distractor_dev,validation,5ab487765542990594ba9c4e,
hotpot_distractor_dev,validation,5ae72e79554299572ea54763,
hotpot_distractor_dev,validation,5a8672e4554299211dda2b39,
hotpot_distractor_dev,validation,5a8e27d45542995a26add46a,
hotpot_distractor_dev,validation,5ac3d10b5542993915413952,
hotpot_distractor_dev,validation,5ae37b4d5542991a06ce99ce,
hotpot_distractor_dev,validation,5a7f010955429934daa2fc8b,
hotpot_distractor_dev,validation,5ac3b4cc554299741d48a2eb,
hotpot_distractor_dev,validation,5a8f55aa554299458435d5bc,
hotpot_distractor_dev,validation,5ab4147a5542996a3a969f1e,
hotpot_distractor_dev,validation,5a7b40cd5542995eb53be8d4,
hotpot_distractor_dev,validation,5ae3e59a5542994393b9e79e,
hotpot_distractor_dev,validation,5ae34a225542992e3233c370,
hotpot_distractor_dev,validation,5ab950bd55429970cfb8ea4c,
hotpot_distractor_dev,validation,5a8ed8b955429917b4a5bdd3,
hotpot_distractor_dev,validation,5ae45b6b55429970de88d943,
hotpot_distractor_dev,validation,5a8ff69655429916514e73f1,
hotpot_distractor_dev,validation,5ab4b9f75542990594ba9ca4,
hotpot_distractor_dev,validation,5aba97ed55429901930fa84d,
hotpot_distractor_dev,validation,5a7af8fa55429927d897bf25,
hotpot_distractor_dev,validation,5a8d09a955429941ae14df71,
hotpot_distractor_dev,validation,5a8727dd5542991e771816f8,
hotpot_distractor_dev,validation,5adbfb6b55429947ff17388d,
hotpot_distractor_dev,validation,5ae494575542995dadf2434d,
hotpot_distractor_dev,validation,5a808b57554299485f598651,
hotpot_distractor_dev,validation,5a8b59a65542995d1e6f137c,
hotpot_distractor_dev,validation,5ac06191554299294b218fab,
hotpot_distractor_dev,validation,5a8205b755429926c1cdadee,
hotpot_distractor_dev,validation,5ae2090a5542997f29b3c214,
hotpot_distractor_dev,validation,5ae4ad375542995dadf243a4,
hotpot_distractor_dev,validation,5a716a9b5542994082a3e821,
hotpot_distractor_dev,validation,5ab674b7554299110f219a0c,
hotpot_distractor_dev,validation,5ac370ce5542995ef918c18c,
hotpot_distractor_dev,validation,5ae76c235542991e8301cc97,
hotpot_distractor_dev,validation,5a7e05f75542995f4f402394,
hotpot_distractor_dev,validation,5ab7f1315542991d322237d1,
hotpot_distractor_dev,validation,5a8b6ac055429949d91db5a5,
hotpot_distractor_dev,validation,5ab9535a5542996be202047e,
hotpot_distractor_dev,validation,5a7c0aa15542997c3ec972cd,
hotpot_distractor_dev,validation,5ab6ba045542995eadef007e,
hotpot_distractor_dev,validation,5ab89cc25542991b5579efc3,
hotpot_distractor_dev,validation,5ae1e2765542997f29b3c162,
hotpot_distractor_dev,validation,5ae5e762554299546bf82faf,
hotpot_distractor_dev,validation,5a75428b55429916b01642c8,
hotpot_distractor_dev,validation,5a84b5975542991dd0999da3,
hotpot_distractor_dev,validation,5a7797a555429967ab105208,
hotpot_distractor_dev,validation,5abe64bf55429976d4830b13,
hotpot_distractor_dev,validation,5a7af74e55429931da12c9b5,
hotpot_distractor_dev,validation,5adea19a55429939a52fe919,
hotpot_distractor_dev,validation,5addffff5542992200553bdd,
hotpot_distractor_dev,validation,5adce4f65542992c1e3a2474,
hotpot_distractor_dev,validation,5a85f4425542994775f606c4,
hotpot_distractor_dev,validation,5ab7f27e5542991d322237d6,
hotpot_distractor_dev,validation,5ae236445542992decbdcc69,
hotpot_distractor_dev,validation,5ab8397155429919ba4e2272,
hotpot_distractor_dev,validation,5a88016b5542997e5c09a58a,
hotpot_distractor_dev,validation,5ac2cb125542996773102626,
hotpot_distractor_dev,validation,5a7220f055429971e9dc92ac,
hotpot_distractor_dev,validation,5a7a073a5542990783324dfb,
hotpot_distractor_dev,validation,5ab985eb554299131ca42360,
hotpot_distractor_dev,validation,5a84abaf5542997b5ce3ff06,
hotpot_distractor_dev,validation,5ab8883455429916710eb084,
hotpot_distractor_dev,validation,5a80caac554299260e20a161,
hotpot_distractor_dev,validation,5a7b6e1d5542997c3ec9716e,
hotpot_distractor_dev,validation,5ab935c755429934fafe6e74,
hotpot_distractor_dev,validation,5a8e3f2d5542995a26add48f,
hotpot_distractor_dev,validation,5a89da93554299669944a5cc,
hotpot_distractor_dev,validation,5a7efd2f5542994959419a9c,
hotpot_distractor_dev,validation,5abed4d55542990832d3a0e0,
hotpot_distractor_dev,validation,5abd583255429924427fcfb9,
hotpot_distractor_dev,validation,5ae684fe5542991bbc97610e,
hotpot_distractor_dev,validation,5ab2958c554299449642c912,
hotpot_distractor_dev,validation,5a7c6753554299683c1c62f9,
hotpot_distractor_dev,validation,5a74bfa55542996c70cfadcf,
hotpot_distractor_dev,validation,5aba55f25542994dbf0198e0,
hotpot_distractor_dev,validation,5ac507825542994611c8b32b,
hotpot_distractor_dev,validation,5a79258a55429974737f79a8,
hotpot_distractor_dev,validation,5a7f732d5542992e7d278d02,
hotpot_distractor_dev,validation,5a87c7dc5542996e4f30891b,
hotpot_distractor_dev,validation,5a7769a35542993569682d8f,
hotpot_distractor_dev,validation,5a712c4b5542994082a3e622,
hotpot_distractor_dev,validation,5addd5795542990dbb2f7e9d,
hotpot_distractor_dev,validation,5a7a77425542995eb53be83e,
hotpot_distractor_dev,validation,5a84995d5542997b5ce3fee4,
hotpot_distractor_dev,validation,5a7e618155429949594199b0,
hotpot_distractor_dev,validation,5ac258cc554299636651998e,
hotpot_distractor_dev,validation,5adf75e35542993344016c98,
hotpot_distractor_dev,validation,5a775f8a5542994aec3b72ba,
hotpot_distractor_dev,validation,5a84b7db5542991dd0999db0,
hotpot_distractor_dev,validation,5abe024c5542991f661060a2,
hotpot_distractor_dev,validation,5ac5391e5542994611c8b439,
hotpot_distractor_dev,validation,5abff0625542997ec76fd476,
hotpot_distractor_dev,validation,5ae277575542996483e649b2,
hotpot_distractor_dev,validation,5a7ca0ef55429907fabeefd3,
hotpot_distractor_dev,validation,5ae3eeb25542995dadf2425e,
hotpot_distractor_dev,validation,5a886098554299206df2b248,
hotpot_distractor_dev,validation,5ae1e9635542997f29b3c19e,
hotpot_distractor_dev,validation,5a85b0c85542994c784ddb40,
hotpot_distractor_dev,validation,5abe9f7d5542997ec76fd331,
hotpot_distractor_dev,validation,5ae692e35542996d980e7c0e,
hotpot_distractor_dev,validation,5a762f4755429976ec32bd44,
hotpot_distractor_dev,validation,5ae763aa5542995703ce8c09,
hotpot_distractor_dev,validation,5adfe6c455429906c02daa85,
hotpot_distractor_dev,validation,5a8230af554299676cceb227,
hotpot_distractor_dev,validation,5a79240955429974737f79a4,
hotpot_distractor_dev,validation,5a888b8e5542997e5c09a60a,
hotpot_distractor_dev,validation,5ab529965542990594ba9d1e,
hotpot_distractor_dev,validation,5abe3f3455429976d4830aa8,
hotpot_distractor_dev,validation,5ae352285542994393b9e685,
hotpot_distractor_dev,validation,5a8b82a05542995d1e6f13d0,
hotpot_distractor_dev,validation,5ab2bc6b554299545a2cfa40,
hotpot_distractor_dev,validation,5adf07f25542992d7e9f9279,
hotpot_distractor_dev,validation,5a7dca645542990b8f503aab,
hotpot_distractor_dev,validation,5a7136e25542994082a3e67e,
hotpot_distractor_dev,validation,5ae1faf15542997f29b3c1e3,
hotpot_distractor_dev,validation,5a7d5c175542991319bc93b1,
hotpot_distractor_dev,validation,5addfdfa5542997dc790710b,
hotpot_distractor_dev,validation,5a7c6fde55429907fabeef87,
hotpot_distractor_dev,validation,5ade043d5542997dc7907122,
hotpot_distractor_dev,validation,5ae7376f5542992ae0d163d2,
hotpot_distractor_dev,validation,5ae2994d554299492dc91c31,
hotpot_distractor_dev,validation,5a7a0a2d5542990783324e06,
hotpot_distractor_dev,validation,5a8ad8b65542992d82986fa2,
hotpot_distractor_dev,validation,5a89007355429938390d4026,
hotpot_distractor_dev,validation,5ab934465542996be202043e,
hotpot_distractor_dev,validation,5ae4a75a55429913cc2044bc,
hotpot_distractor_dev,validation,5a865cac55429960ec39b675,
hotpot_distractor_dev,validation,5a82e36255429940e5e1a93b,
hotpot_distractor_dev,validation,5a7348555542994cef4bc503,
hotpot_distractor_dev,validation,5adf34ff5542992d7e9f92ce,
hotpot_distractor_dev,validation,5a7568175542992d0ec05f88,
hotpot_distractor_dev,validation,5a817d8c55429903bc27b974,
hotpot_distractor_dev,validation,5a74d92555429929fddd84fa,
hotpot_distractor_dev,validation,5ae7793c554299540e5a55c2,
hotpot_distractor_dev,validation,5ab296a6554299194fa93415,
hotpot_distractor_dev,validation,5a7d1c525542995ed0d165f2,
hotpot_distractor_dev,validation,5ac403c45542997ea680c9b5,
hotpot_distractor_dev,validation,5a84d4555542992a431d1aac,
hotpot_distractor_dev,validation,5a8b83bc55429949d91db5c0,
hotpot_distractor_dev,validation,5ab8338155429919ba4e2260,
hotpot_distractor_dev,validation,5ab66e1355429954757d32b2,
hotpot_distractor_dev,validation,5a8a521d5542992d82986f15,
hotpot_distractor_dev,validation,5ab99a215542996be202056a,
hotpot_distractor_dev,validation,5ae7a5f05542993210983ece,
hotpot_distractor_dev,validation,5a7e59c855429934daa2fc0f,
hotpot_distractor_dev,validation,5a735bae55429901807dafef,
hotpot_distractor_dev,validation,5a7f0be055429930675135fe,
hotpot_distractor_dev,validation,5adce12e5542990d50227d4f,
hotpot_distractor_dev,validation,5a8ab6be5542992d82986f5f,
hotpot_distractor_dev,validation,5ae796af554299540e5a5623,
hotpot_distractor_dev,validation,5a80e468554299260e20a1a9,
hotpot_distractor_dev,validation,5ae4accf5542995ad6573e19,
hotpot_distractor_dev,validation,5ab632aa55429953192ad296,
hotpot_distractor_dev,validation,5a7c96e55542990527d554d9,
hotpot_distractor_dev,validation,5ab6ba9d5542995eadef0083,
hotpot_distractor_dev,validation,5ac2a288554299657fa28ff5,
hotpot_distractor_dev,validation,5ab2123155429970612095b9,
hotpot_distractor_dev,validation,5a7b192855429927d897bf39,
hotpot_distractor_dev,validation,5ac510255542994611c8b353,
hotpot_distractor_dev,validation,5ae5fb55554299546bf82ff6,
hotpot_distractor_dev,validation,5ac4e593554299076e296e37,
hotpot_distractor_dev,validation,5ae5f47c5542996de7b71a82,
hotpot_distractor_dev,validation,5ab2da99554299194fa93544,
hotpot_distractor_dev,validation,5a7cba005542990527d55516,
hotpot_distractor_dev,validation,5a80ac53554299485f5986a0,
hotpot_distractor_dev,validation,5ae3f7575542995dadf24277,
hotpot_distractor_dev,validation,5a76a1a35542993735360122,
hotpot_distractor_dev,validation,5a8f72de5542997ba9cb3266,
hotpot_distractor_dev,validation,5ade618e554299728e26c700,
hotpot_distractor_dev,validation,5ab474b35542990594ba9c25,
hotpot_distractor_dev,validation,5addf9e05542997dc79070f9,
hotpot_distractor_dev,validation,5a7a06775542996a35c1708c,
hotpot_distractor_dev,validation,5a8a58f355429930ff3c0da3,
hotpot_distractor_dev,validation,5a86265f55429960ec39b625,
hotpot_distractor_dev,validation,5add39e75542997545bbbcc4,
hotpot_distractor_dev,validation,5ab82bbb5542990e739ec84c,
hotpot_distractor_dev,validation,5a86ab7755429960ec39b6bf,
hotpot_distractor_dev,validation,5a872c3f5542994775f607a8,
hotpot_distractor_dev,validation,5ab201765542993be8fa98a4,
hotpot_distractor_dev,validation,5ae7f0c75542994a481bbe44,
hotpot_distractor_dev,validation,5a747a9a55429929fddd8444,
hotpot_distractor_dev,validation,5a80cf4c55429938b61421f6,
hotpot_distractor_dev,validation,5adf72335542992d7e9f935f,
hotpot_distractor_dev,validation,5abe76c255429965af743f15,
hotpot_distractor_dev,validation,5a8545ba5542997b5ce3ffdd,
hotpot_distractor_dev,validation,5a87136e5542991e771816b2,
hotpot_distractor_dev,validation,5a7c04c85542996dd594b881,
hotpot_distractor_dev,validation,5adf99065542992d7e9f93b0,
hotpot_distractor_dev,validation,5a7a15d35542996a35c170c4,
hotpot_distractor_dev,validation,5a88ba2c554299206df2b34b,
hotpot_distractor_dev,validation,5a78dc4d55429970f5fffdb6,
hotpot_distractor_dev,validation,5ae0b7cf554299603e418446,
hotpot_distractor_dev,validation,5ae705725542995703ce8bbc,
hotpot_distractor_dev,validation,5a813e1b55429903bc27b958,
hotpot_distractor_dev,validation,5adc99d95542994ed6169baa,
hotpot_distractor_dev,validation,5adf39d55542992d7e9f92e6,
hotpot_distractor_dev,validation,5a8dd13055429917b4a5bcba,
hotpot_distractor_dev,validation,5a74325055429979e28828b3,
hotpot_distractor_dev,validation,5a753c8c55429916b01642ab,
hotpot_distractor_dev,validation,5ae5e881554299546bf82fbb,
hotpot_distractor_dev,validation,5a8787915542996e4f30882e,
hotpot_distractor_dev,validation,5a770d785542993569682cad,
hotpot_distractor_dev,validation,5ab2e3c45542991669774126,
hotpot_distractor_dev,validation,5a75d45f5542994ccc918630,
hotpot_distractor_dev,validation,5a83d7d05542992ef85e237a,
hotpot_distractor_dev,validation,5a8a5a1955429930ff3c0da7,
hotpot_distractor_dev,validation,5a8fa2955542992414482b11,
hotpot_distractor_dev,validation,5a80aeef5542992097ad301a,
hotpot_distractor_dev,validation,5ae67def5542991bbc9760f3,
hotpot_distractor_dev,validation,5ab1f494554299706120959c,
hotpot_distractor_dev,validation,5ae78f3b554299540e5a5608,
hotpot_distractor_dev,validation,5ade1f0555429975fa854e74,
hotpot_distractor_dev,validation,5ab594545542997d4ad1f183,
hotpot_distractor_dev,validation,5a90d25655429916514e7585,
hotpot_distractor_dev,validation,5a78a84d554299148911f8fd,
hotpot_distractor_dev,validation,5abe369055429976d4830a8a,
hotpot_distractor_dev,validation,5a7b69b155429927d897bfbc,
hotpot_distractor_dev,validation,5a8389445542996488c2e450,
hotpot_distractor_dev,validation,5ae74baa5542997b22f6a68f,
hotpot_distractor_dev,validation,5ac2a35055429967731025ce,
hotpot_distractor_dev,validation,5ae1b1445542997283cd223d,
hotpot_distractor_dev,validation,5ae7525f5542991e8301cc60,
hotpot_distractor_dev,validation,5a80752b5542992bc0c4a720,
hotpot_distractor_dev,validation,5ab94e72554299743d22eaed,
hotpot_distractor_dev,validation,5ab82dbb5542990e739ec857,
hotpot_distractor_dev,validation,5a7e1bae55429965cec5ea6f,
hotpot_distractor_dev,validation,5ab9be4f554299753720f843,
hotpot_distractor_dev,validation,5a76364d5542994ccc918719,
hotpot_distractor_dev,validation,5a72a9145542994cef4bc3c1,
hotpot_distractor_dev,validation,5ae76dfd5542997b22f6a755,
hotpot_distractor_dev,validation,5adca5a45542994d58a2f692,
hotpot_distractor_dev,validation,5ab797af5542995dae37e96c,
hotpot_distractor_dev,validation,5a728f745542991f9a20c4e6,
hotpot_distractor_dev,validation,5a8cb4b2554299585d9e372a,
hotpot_distractor_dev,validation,5a8e41735542995085b37406,
hotpot_distractor_dev,validation,5abea9a35542990832d3a07e,
hotpot_distractor_dev,validation,5ab7b0775542992aa3b8c83e,
hotpot_distractor_dev,validation,5adc75525542994650320d0e,
hotpot_distractor_dev,validation,5a823b0c55429940e5e1a804,
hotpot_distractor_dev,validation,5abc25b6554299700f9d77f9,
hotpot_distractor_dev,validation,5adc760c5542994650320d11,
hotpot_distractor_dev,validation,5ae33cf45542990afbd1e0ea,
hotpot_distractor_dev,validation,5abadc355542996606241644,
hotpot_distractor_dev,validation,5ac3ae885542995ef918c1e7,
hotpot_distractor_dev,validation,5abcfa6f5542993a06baf9c7,
hotpot_distractor_dev,validation,5ab29e87554299194fa9346e,
hotpot_distractor_dev,validation,5a8d4cf35542994ba4e3dc5f,
hotpot_distractor_dev,validation,5ac19b2c55429963665198b6,
hotpot_distractor_dev,validation,5adc983c5542990d50227cb6,
hotpot_distractor_dev,validation,5abd0ee65542996e802b46d7,
hotpot_distractor_dev,validation,5a8d841955429941ae14dfe6,
hotpot_distractor_dev,validation,5ae0bb2c5542993d6555ec27,
hotpot_distractor_dev,validation,5a73b1855542992d56e7e388,
hotpot_distractor_dev,validation,5abb7d8b5542996cc5e4a006,
hotpot_distractor_dev,validation,5a716dc15542994082a3e82b,
hotpot_distractor_dev,validation,5a8078d85542995d8a8ddf78,
hotpot_distractor_dev,validation,5abd049d5542992ac4f381a8,
hotpot_distractor_dev,validation,5a8434445542996488c2e517,
hotpot_distractor_dev,validation,5addf3d65542990dbb2f7f0e,
hotpot_distractor_dev,validation,5a7577145542996c70cfaf03,
hotpot_distractor_dev,validation,5a7747e15542994aec3b7266,
hotpot_distractor_dev,validation,5adc020a5542994650320c4c,
hotpot_distractor_dev,validation,5ac007cc5542996f0d89cb0b,
hotpot_distractor_dev,validation,5ae7eb43554299540e5a5695,
hotpot_distractor_dev,validation,5a72a4645542991f9a20c54c,
hotpot_distractor_dev,validation,5ae74eeb5542991bbc9761e1,
hotpot_distractor_dev,validation,5ae2e73a55429928c4239545,
hotpot_distractor_dev,validation,5a75e60e55429976ec32bc88,
hotpot_distractor_dev,validation,5a7b2144554299042af8f6f7,
hotpot_distractor_dev,validation,5ab8633c55429919ba4e22d6,
hotpot_distractor_dev,validation,5adfa570554299025d62a31c,
hotpot_distractor_dev,validation,5ab2b6fb5542992953946848,
hotpot_distractor_dev,validation,5ab865195542990e739ec8e3,
hotpot_distractor_dev,validation,5abd83775542993062266cb7,
hotpot_distractor_dev,validation,5a7d22dc5542995ed0d16600,
hotpot_distractor_dev,validation,5a7456ec55429979e288290f,
hotpot_distractor_dev,validation,5a77510b5542994aec3b728b,
hotpot_distractor_dev,validation,5a8f12705542997ba9cb31be,
hotpot_distractor_dev,validation,5a7bd25a554299294a54ab13,
hotpot_distractor_dev,validation,5a8482e55542997175ce1edc,
hotpot_distractor_dev,validation,5ae1b01b5542997283cd2237,
hotpot_distractor_dev,validation,5a8cc08455429941ae14deea,
hotpot_distractor_dev,validation,5adf74255542992d7e9f937d,
hotpot_distractor_dev,validation,5add74b75542992200553b24,
hotpot_distractor_dev,validation,5ae2e61455429928c423953e,
hotpot_distractor_dev,validation,5a79ced45542994bb94570cb,
hotpot_distractor_dev,validation,5a7a8d2355429941d65f26a1,
hotpot_distractor_dev,validation,5ae400ab5542995dadf242be,
hotpot_distractor_dev,validation,5a7fb17c5542994857a767bb,
hotpot_distractor_dev,validation,5a7735f55542994aec3b7226,
hotpot_distractor_dev,validation,5a735e9155429901807db00d,
hotpot_distractor_dev,validation,5a7f33115542992e7d278c84,
hotpot_distractor_dev,validation,5a7b681b554299042af8f767,
hotpot_distractor_dev,validation,5ae0a2c75542993d6555ebcf,
hotpot_distractor_dev,validation,5ae38b115542990afbd1e183,
hotpot_distractor_dev,validation,5a81e89d5542995ce29dcc72,
hotpot_distractor_dev,validation,5ae2125e554299495565d9db,
hotpot_distractor_dev,validation,5a8dce155542994ba4e3dd24,
hotpot_distractor_dev,validation,5a75d00a5542992db94736d1,
hotpot_distractor_dev,validation,5a8a203c55429970aeb7026d,
hotpot_distractor_dev,validation,5a85f4ec5542994775f606c6,
hotpot_distractor_dev,validation,5a7e3c6e5542994959419937,
hotpot_distractor_dev,validation,5a85d4395542996432c570f5,
hotpot_distractor_dev,validation,5ab3bd7d55429969a97a819f,
hotpot_distractor_dev,validation,5a8aee3d55429950cd6afc01,
hotpot_distractor_dev,validation,5ab925c755429919ba4e23d6,
hotpot_distractor_dev,validation,5a79395455429970f5fffe7d,
hotpot_distractor_dev,validation,5ab9c7c355429939ce03dc17,
hotpot_distractor_dev,validation,5ae33cf55542992f92d82268,
hotpot_distractor_dev,validation,5ac439005542995c82c4acf9,
hotpot_distractor_dev,validation,5a8a17685542993b751ca9f3,
hotpot_distractor_dev,validation,5abbfb5e554299114383a0d0,
hotpot_distractor_dev,validation,5a7e31c055429934daa2fbee,
hotpot_distractor_dev,validation,5ab2f45d5542991669774151,
hotpot_distractor_dev,validation,5ab510cb5542996a3a96a00f,
hotpot_distractor_dev,validation,5a758ce05542992db947367c,
hotpot_distractor_dev,validation,5a8b2a0355429971feec465b,
hotpot_distractor_dev,validation,5ae15d70554299422ee9966f,
hotpot_distractor_dev,validation,5ae830f05542997ec2727758,
hotpot_distractor_dev,validation,5abbdaef554299642a094b5d,
hotpot_distractor_dev,validation,5ae09a6b55429924de1b710d,
hotpot_distractor_dev,validation,5a8408a9554299123d8c21d3,
hotpot_distractor_dev,validation,5a8a575a554299515336136e,
hotpot_distractor_dev,validation,5ade126355429939a52fe7ea,
hotpot_distractor_dev,validation,5ae07ddb55429945ae95937b,
hotpot_distractor_dev,validation,5ae7f56e5542993210983fd1,
hotpot_distractor_dev,validation,5ab3f7b05542992ade7c6efd,
hotpot_distractor_dev,validation,5ade09945542997545bbbe2c,
hotpot_distractor_dev,validation,5adfb78f5542995ec70e9081,
hotpot_distractor_dev,validation,5adc6ded55429947ff17395d,
hotpot_distractor_dev,validation,5a79c2955542994f819ef097,
hotpot_distractor_dev,validation,5ab2e3a15542992953946893,
hotpot_distractor_dev,validation,5ae7f1e65542994a481bbe4a,
hotpot_distractor_dev,validation,5ab504865542991779162d52,
hotpot_distractor_dev,validation,5abd38285542993062266c19,
hotpot_distractor_dev,validation,5a7506f455429916b0164240,
hotpot_distractor_dev,validation,5a7b215f55429931da12c9e3,
hotpot_distractor_dev,validation,5ab7b0575542992aa3b8c83d,
hotpot_distractor_dev,validation,5ac0060f554299012d1db578,
hotpot_distractor_dev,validation,5aba71b155429955dce3ee2a,
hotpot_distractor_dev,validation,5ac11139554299294b219083,
hotpot_distractor_dev,validation,5a8763a25542993e715abf1f,
hotpot_distractor_dev,validation,5a77626b5542993569682d77,
hotpot_distractor_dev,validation,5ac35003554299741d48a24b,
hotpot_distractor_dev,validation,5ae532f85542990ba0bbb20a,
hotpot_distractor_dev,validation,5ab8372255429919ba4e226b,
hotpot_distractor_dev,validation,5ac2509755429951e9e68543,
hotpot_distractor_dev,validation,5ae377c45542990afbd1e16b,
hotpot_distractor_dev,validation,5ae5ef105542996de7b71a72,
hotpot_distractor_dev,validation,5a821c95554299676cceb219,
hotpot_distractor_dev,validation,5a85e24a5542994775f6067f,
hotpot_distractor_dev,validation,5aba768c55429901930fa7e0,
hotpot_distractor_dev,validation,5ab926bc554299131ca42285,
hotpot_distractor_dev,validation,5a8e2fe95542995085b373d0,
hotpot_distractor_dev,validation,5a8ae00e5542992d82986fc7,
hotpot_distractor_dev,validation,5a761e855542994ccc9186e0,
hotpot_distractor_dev,validation,5add813e5542992200553b46,
hotpot_distractor_dev,validation,5ab841d15542990e739ec89d,
hotpot_distractor_dev,validation,5ac2ada255429967731025f9,
hotpot_distractor_dev,validation,5ac546975542993e66e8229a,
hotpot_distractor_dev,validation,5a9023d355429916514e742f,
hotpot_distractor_dev,validation,5ae22ede554299234fd0441b,
hotpot_distractor_dev,validation,5a88d7fc5542993b751ca879,
hotpot_distractor_dev,validation,5a7f22005542993067513657,
hotpot_distractor_dev,validation,5a79102a554299148911f9da,
hotpot_distractor_dev,validation,5abe50b45542991f6610613f,
hotpot_distractor_dev,validation,5ae505d355429908b63264e4,
hotpot_distractor_dev,validation,5a87e5345542993e715abffb,
hotpot_distractor_dev,validation,5abb207d5542992ccd8e7f1d,
hotpot_distractor_dev,validation,5abfcdb55542993fe9a41e7b,
hotpot_distractor_dev,validation,5abd36165542993062266bfb,
hotpot_distractor_dev,validation,5ab2d9f1554299545a2cfac9,
hotpot_distractor_dev,validation,5a75da6d5542992db94736fa,
hotpot_distractor_dev,validation,5a7a19765542996a35c170cf,
hotpot_distractor_dev,validation,5ab58ee6554299488d4d99d6,
hotpot_distractor_dev,validation,5ab29346554299545a2cf997,
hotpot_distractor_dev,validation,5a8468c95542990548d0b2b1,
hotpot_distractor_dev,validation,5ae2136d5542997283cd23b6,
hotpot_distractor_dev,validation,5abeb91c5542994516f45400,
hotpot_distractor_dev,validation,5a7b542455429927d897bf92,
hotpot_distractor_dev,validation,5a8a07af55429970aeb70222,
hotpot_distractor_dev,validation,5a80d1ce554299260e20a178,
hotpot_distractor_dev,validation,5a75e61c5542992d0ec06012,
hotpot_distractor_dev,validation,5a8ec55f5542995a26add50c,
hotpot_distractor_dev,validation,5ae077805542993d6555eb6e,
hotpot_distractor_dev,validation,5ade17d255429939a52fe80e,
hotpot_distractor_dev,validation,5add3a605542990dbb2f7ddb,
hotpot_distractor_dev,validation,5a7c9cc45542990527d554e1,
hotpot_distractor_dev,validation,5aba9d7955429901930fa85f,
hotpot_distractor_dev,validation,5a8ce9ed554299585d9e3764,
hotpot_distractor_dev,validation,5abfe1115542997d64295909,
hotpot_distractor_dev,validation,5ae24b165542996483e64962,
hotpot_distractor_dev,validation,5a832fdd55429954d2e2ec4f,
hotpot_distractor_dev,validation,5ac46c83554299204fd21f45,
hotpot_distractor_dev,validation,5a81329655429926c1cdad0c,
hotpot_distractor_dev,validation,5a81a4335542990a1d231e38,
hotpot_distractor_dev,validation,5ab5ac345542992aa134a37f,
hotpot_distractor_dev,validation,5ac009bf5542997d642959a7,
hotpot_distractor_dev,validation,5a79c1185542994bb9457065,
hotpot_distractor_dev,validation,5abdb5b455429965af743dfa,
hotpot_distractor_dev,validation,5a8d8e4f5542994ba4e3dca7,
hotpot_distractor_dev,validation,5a80a654554299485f598679,
hotpot_distractor_dev,validation,5a7327265542994cef4bc480,
hotpot_distractor_dev,validation,5a7c762d55429935c91b51c7,
hotpot_distractor_dev,validation,5a89e8035542992e4fca846d,
hotpot_distractor_dev,validation,5abc36cc55429959677d6a50,
hotpot_distractor_dev,validation,5ae680cc5542996d980e7ba5,
hotpot_distractor_dev,validation,5ac18baa5542991316484b33,
hotpot_distractor_dev,validation,5ab45bcd5542991779162c80,
hotpot_distractor_dev,validation,5a7b3a2455429927d897bf5c,
hotpot_distractor_dev,validation,5a75eb125542994ccc918659,
hotpot_distractor_dev,validation,5a7291c35542991f9a20c4f4,
hotpot_distractor_dev,validation,5ae180d855429901ffe4aecc,
hotpot_distractor_dev,validation,5a776bc855429966f1a36d3a,
hotpot_distractor_dev,validation,5ae70369554299572ea54683,
hotpot_distractor_dev,validation,5a8b4fcc55429949d91db541,
hotpot_distractor_dev,validation,5ae18b555542997b2ef7d1f7,
hotpot_distractor_dev,validation,5adcdc6c5542992c1e3a2437,
hotpot_distractor_dev,validation,5a89e92c5542993b751ca9af,
hotpot_distractor_dev,validation,5a7e19e655429965cec5ea58,
hotpot_distractor_dev,validation,5a7a3a2a5542996c55b2dd41,
hotpot_distractor_dev,validation,5a7119095542994082a3e589,
hotpot_distractor_dev,validation,5a770bb855429937353601b5,
hotpot_distractor_dev,validation,5a738bd0554299623ed4abee,
hotpot_distractor_dev,validation,5ac12275554299012d1db6a3,
hotpot_distractor_dev,validation,5adbe75455429944faac23af,
hotpot_distractor_dev,validation,5a732aaa5542992359bc325a,
hotpot_distractor_dev,validation,5a7905f555429974737f7947,
hotpot_distractor_dev,validation,5a901b985542995651fb50b0,
hotpot_distractor_dev,validation,5a85f98e5542996432c57152,
hotpot_distractor_dev,validation,5a7e02cf5542997cc2c474f4,
hotpot_distractor_dev,validation,5a8f54215542992414482a54,
hotpot_distractor_dev,validation,5abad3445542996cc5e49ea0,
hotpot_distractor_dev,validation,5a8fd9ac5542990a98493570,
hotpot_distractor_dev,validation,5ae0c9dd5542993d6555ec69,
hotpot_distractor_dev,validation,5ab614e5554299488d4d9a9c,
hotpot_distractor_dev,validation,5a83431d5542993344745ff5,
hotpot_distractor_dev,validation,5abe89dd55429976d4830b5d,
hotpot_distractor_dev,validation,5ae0575755429945ae95931f,
hotpot_distractor_dev,validation,5ab7d12f55429928e1fe391f,
hotpot_distractor_dev,validation,5adfd42555429942ec259b52,
hotpot_distractor_dev,validation,5ae7b6055542993210983f00,
hotpot_distractor_dev,validation,5ae325bd5542991a06ce9936,
hotpot_distractor_dev,validation,5abbdf8055429931dba145bb,
hotpot_distractor_dev,validation,5ae0a48155429945ae9593df,
hotpot_distractor_dev,validation,5abee69c5542993fe9a41d8b,
hotpot_distractor_dev,validation,5a8dcbc0554299068b959df4,
hotpot_distractor_dev,validation,5a7a9ed55542995eb53be87d,
hotpot_distractor_dev,validation,5ab3cc395542992ade7c6e9f,
hotpot_distractor_dev,validation,5a81a2e25542990a1d231e32,
hotpot_distractor_dev,validation,5a7cc5f9554299452d57ba49,
hotpot_distractor_dev,validation,5ab69f13554299710c8d1ef3,
hotpot_distractor_dev,validation,5a90ab995542990a98493683,
hotpot_distractor_dev,validation,5ade38d8554299728e26c680,
hotpot_distractor_dev,validation,5ae5cf1b554299546bf82f7a,
hotpot_distractor_dev,validation,5ab56f4b554299637185c599,
hotpot_distractor_dev,validation,5a74bc1555429929fddd84dd,
hotpot_distractor_dev,validation,5a8f08c2554299458435d531,
hotpot_distractor_dev,validation,5ab9d2e255429955dce3ed90,
hotpot_distractor_dev,validation,5ae3f2895542995ad6573cc9,
hotpot_distractor_dev,validation,5a9068075542990a9849361a,
hotpot_distractor_dev,validation,5a7344e95542991f9a20c6ce,
hotpot_distractor_dev,validation,5a7e0ed25542991319bc9424,
hotpot_distractor_dev,validation,5ae17a9b5542990adbacf7a2,
hotpot_distractor_dev,validation,5a8d651955429941ae14dfaf,
hotpot_distractor_dev,validation,5a8f23555542997ba9cb31e3,
hotpot_distractor_dev,validation,5a815c2e5542995ce29dcbe8,
hotpot_distractor_dev,validation,5a8ad8ed5542992d82986fa3,
hotpot_distractor_dev,validation,5adf3f1d5542992d7e9f9310,
hotpot_distractor_dev,validation,5adcd2435542992c1e3a241b,
hotpot_distractor_dev,validation,5a8796345542994846c1cda3,
hotpot_distractor_dev,validation,5abbb0655542992ccd8e7f72,
hotpot_distractor_dev,validation,5adbfb6855429944faac23e4,
hotpot_distractor_dev,validation,5adfd56655429925eb1afaac,
hotpot_distractor_dev,validation,5a79cd665542994bb94570bf,
hotpot_distractor_dev,validation,5ae731ae5542991bbc9761c1,
hotpot_distractor_dev,validation,5a710a915542994082a3e504,
hotpot_distractor_dev,validation,5abb2e6855429966062416df,
hotpot_distractor_dev,validation,5ab4341c55429942dd415ede,
hotpot_distractor_dev,validation,5ab9668c55429970cfb8eaba,
hotpot_distractor_dev,validation,5abb08c65542996cc5e49f61,
hotpot_distractor_dev,validation,5ae4818f5542995ad6573d5b,
hotpot_distractor_dev,validation,5ade283a5542997c77aded80,
hotpot_distractor_dev,validation,5a7c25035542997c3ec972e5,
hotpot_distractor_dev,validation,5ae4075b55429970de88d87a,
hotpot_distractor_dev,validation,5ac508205542994611c8b32e,
hotpot_distractor_dev,validation,5ac31129554299741d48a1a2,
hotpot_distractor_dev,validation,5ac2eec55542990b17b154c1,
hotpot_distractor_dev,validation,5adf9b1e5542992d7e9f93b5,
hotpot_distractor_dev,validation,5ab815865542995dae37ea2d,
hotpot_distractor_dev,validation,5a72bd0b5542992359bc318f,
hotpot_distractor_dev,validation,5adc7dbf5542994d58a2f618,
hotpot_distractor_dev,validation,5ae0e5655542990adbacf6b8,
hotpot_distractor_dev,validation,5ae09ec055429924de1b7116,
hotpot_distractor_dev,validation,5adcc21f5542990d50227d05,
hotpot_distractor_dev,validation,5a79eef75542996c55b2dca6,
hotpot_distractor_dev,validation,5a89382655429951533612e8,
hotpot_distractor_dev,validation,5a74ab6055429916b01641b9,
hotpot_distractor_dev,validation,5ac540365542994611c8b470,
hotpot_distractor_dev,validation,5a7e0bb65542997cc2c4750a,
hotpot_distractor_dev,validation,5a74670855429929fddd840d,
hotpot_distractor_dev,validation,5a79f27e5542990198eaf014,
hotpot_distractor_dev,validation,5a7789195542995d831811a2,
hotpot_distractor_dev,validation,5a7a27b35542996a35c1710b,
hotpot_distractor_dev,validation,5a7c6ed3554299683c1c6306,
hotpot_distractor_dev,validation,5ae7eefd554299540e5a56b6,
hotpot_distractor_dev,validation,5a790e69554299148911f9d7,
hotpot_distractor_dev,validation,5ac11037554299294b21907a,
hotpot_distractor_dev,validation,5abd648155429933744ab7ac,
hotpot_distractor_dev,validation,5abacac45542996cc5e49e94,
hotpot_distractor_dev,validation,5a760dcd5542994ccc9186a1,
hotpot_distractor_dev,validation,5a90af865542990a9849369c,
hotpot_distractor_dev,validation,5adc0e0355429944faac2404,
hotpot_distractor_dev,validation,5a7faed65542994857a767b6,
hotpot_distractor_dev,validation,5abf12f25542997719eab667,
hotpot_distractor_dev,validation,5a90719b5542995b442420b7,
hotpot_distractor_dev,validation,5a72953b5542994cef4bc357,
hotpot_distractor_dev,validation,5abc17c25542993a06baf85b,
hotpot_distractor_dev,validation,5a7b5af7554299042af8f752,
hotpot_distractor_dev,validation,5ab8919655429934fafe6e13,
hotpot_distractor_dev,validation,5ae074aa5542993d6555eb54,
hotpot_distractor_dev,validation,5ae4932855429970de88d9b8,
hotpot_distractor_dev,validation,5a7760165542993569682d74,
hotpot_distractor_dev,validation,5ab392ec55429969a97a817d,
hotpot_distractor_dev,validation,5adf8dd25542993344016cfe,
hotpot_distractor_dev,validation,5a7b1a4a55429927d897bf3b,
hotpot_distractor_dev,validation,5ae57d3a554299546bf82ee6,
hotpot_distractor_dev,validation,5a8bd43c5542997f31a41dd6,
hotpot_distractor_dev,validation,5a7f451a55429969796c19ec,
hotpot_distractor_dev,validation,5a73cbe4554299623ed4ac5f,
hotpot_distractor_dev,validation,5ade007e5542997545bbbdf4,
hotpot_distractor_dev,validation,5a78d35e55429974737f78c3,
hotpot_distractor_dev,validation,5a7d3f895542995f4f402248,
hotpot_distractor_dev,validation,5ab3e07e55429969a97a81e5,
hotpot_distractor_dev,validation,5adf82945542993344016ca4,
hotpot_distractor_dev,validation,5ac4ecea55429919431739fd,
hotpot_distractor_dev,validation,5a81346055429926c1cdad13,
hotpot_distractor_dev,validation,5a8b349a55429971feec466b,
hotpot_distractor_dev,validation,5ae608715542992663a4f244,
hotpot_distractor_dev,validation,5abeebe25542993fe9a41d9c,
hotpot_distractor_dev,validation,5a7e7d4655429934daa2fc2e,
hotpot_distractor_dev,validation,5ac07a17554299294b219000,
hotpot_distractor_dev,validation,5ab9d6ef5542994dbf01985b,
hotpot_distractor_dev,validation,5ae1091055429920d523429b,
hotpot_distractor_dev,validation,5ae268f35542994d89d5b416,
hotpot_distractor_dev,validation,5a8809d755429938390d3ed6,
hotpot_distractor_dev,validation,5ae6179b5542992663a4f25b,
hotpot_distractor_dev,validation,5a72e28f5542992359bc31ba,
hotpot_distractor_dev,validation,5adf315c5542995ec70e8f8b,
hotpot_distractor_dev,validation,5a75eca555429976ec32bca8,
hotpot_distractor_dev,validation,5a7b3b4f5542992d025e67ac,
hotpot_distractor_dev,validation,5ab1e3bb554299340b52541a,
hotpot_distractor_dev,validation,5a716eeb5542994082a3e82e,
hotpot_distractor_dev,validation,5adbd19855429944faac236a,
hotpot_distractor_dev,validation,5ab5035b5542996a3a969ff8,
hotpot_distractor_dev,validation,5a756b175542996c70cfaef7,
hotpot_distractor_dev,validation,5a8a49cd55429930ff3c0d71,
hotpot_distractor_dev,validation,5a79e1275542990198eaefe7,
hotpot_distractor_dev,validation,5ae33a6e5542992f92d8224d,
hotpot_distractor_dev,validation,5ae172c155429920d52343de,
hotpot_distractor_dev,validation,5adfef32554299603e4183ca,
hotpot_distractor_dev,validation,5ae0a74e554299603e41842f,
hotpot_distractor_dev,validation,5adc6eb65542994650320cf3,
hotpot_distractor_dev,validation,5a7ce0ce554299452d57ba92,
hotpot_distractor_dev,validation,5a8a032f5542993b751ca9e5,
hotpot_distractor_dev,validation,5ae6d3345542996d980e7c85,
hotpot_distractor_dev,validation,5ab516485542990594ba9cfc,
hotpot_distractor_dev,validation,5ab6be2f55429954757d335c,
hotpot_distractor_dev,validation,5a7c784055429907fabeef98,
hotpot_distractor_dev,validation,5a82a55955429966c78a6a70,
hotpot_distractor_dev,validation,5a76dc2d55429972597f13eb,
hotpot_distractor_dev,validation,5a8e4d9855429917b4a5bd8d,
hotpot_distractor_dev,validation,5ae0d7bf5542990adbacf67b,
hotpot_distractor_dev,validation,5abd4fe05542993062266c4e,
hotpot_distractor_dev,validation,5ae65e6a5542996d980e7b1d,
hotpot_distractor_dev,validation,5a791ce955429974737f798e,
hotpot_distractor_dev,validation,5a7a60f15542990783324f35,
hotpot_distractor_dev,validation,5addf6135542990dbb2f7f23,
hotpot_distractor_dev,validation,5adcc90c5542990d50227d1b,
hotpot_distractor_dev,validation,5ab4789e5542990594ba9c29,
hotpot_distractor_dev,validation,5a839f985542996488c2e47d,
hotpot_distractor_dev,validation,5abae4995542996606241666,
hotpot_distractor_dev,validation,5ae608c15542992663a4f246,
hotpot_distractor_dev,validation,5ae1e8575542997f29b3c19a,
hotpot_distractor_dev,validation,5ab42d6055429942dd415eb0,
hotpot_distractor_dev,validation,5ab827a555429934fafe6cf5,
hotpot_distractor_dev,validation,5ae0413555429942ec259c61,
hotpot_distractor_dev,validation,5abd8c295542992ac4f382ab,
hotpot_distractor_dev,validation,5abf42f75542993fe9a41dee,
hotpot_distractor_dev,validation,5addeb685542992200553bb1,
hotpot_distractor_dev,validation,5a85c41a5542994c784ddb7a,
hotpot_distractor_dev,validation,5a7281075542994cef4bc2e9,
hotpot_distractor_dev,validation,5abffc0d5542990832d3a1e2,
hotpot_distractor_dev,validation,5ac54c435542993e66e822d1,
hotpot_distractor_dev,validation,5ab2b863554299295394685a,
hotpot_distractor_dev,validation,5ae72c1e554299572ea54754,
hotpot_distractor_dev,validation,5a83a30a5542992ef85e2339,
hotpot_distractor_dev,validation,5aba637a55429939ce03dcbb,
hotpot_distractor_dev,validation,5a81f10055429903bc27ba06,
hotpot_distractor_dev,validation,5a8315c055429966c78a6b2d,
hotpot_distractor_dev,validation,5adda8d45542995b365fab59,
hotpot_distractor_dev,validation,5a7ae38c5542992d025e6721,
hotpot_distractor_dev,validation,5addd6045542997dc7907049,
hotpot_distractor_dev,validation,5a8c9e7c554299653c1aa0d1,
hotpot_distractor_dev,validation,5adc57325542996e6852531b,
hotpot_distractor_dev,validation,5a78eb8155429970f5fffdd2,
hotpot_distractor_dev,validation,5abbd34d5542993f40c73bc6,
hotpot_distractor_dev,validation,5ac311925542995ef918c0de,
hotpot_distractor_dev,validation,5a7b086a5542992d025e673a,
hotpot_distractor_dev,validation,5ae74351554299572ea5479f,
hotpot_distractor_dev,validation,5ab29ec6554299194fa93473,
hotpot_distractor_dev,validation,5ac164da55429964131be1bf,
hotpot_distractor_dev,validation,5a855ca15542992a431d1b12,
hotpot_distractor_dev,validation,5a7283365542991f9a20c4b2,
hotpot_distractor_dev,validation,5a8e83545542990e94052b28,
hotpot_distractor_dev,validation,5ab84c6955429916710eb021,
hotpot_distractor_dev,validation,5a7a3dbb5542996a35c17157,
hotpot_distractor_dev,validation,5adf9ee75542992d7e9f93c0,
hotpot_distractor_dev,validation,5a74c3f455429979e2882a0a,
hotpot_distractor_dev,validation,5ae7fb1155429952e35ea9eb,
hotpot_distractor_dev,validation,5ab7d6ec5542995dae37e9b4,
hotpot_distractor_dev,validation,5a77415b55429966f1a36cd2,
hotpot_distractor_dev,validation,5ab3eb1955429969a97a81f6,
hotpot_distractor_dev,validation,5a7bb7f2554299042af8f7b6,
hotpot_distractor_dev,validation,5ae8189655429952e35eaa11,
hotpot_distractor_dev,validation,5a7a6ec05542990783324f49,
hotpot_distractor_dev,validation,5ac2758b55429963665199c3,
hotpot_distractor_dev,validation,5a7b8f5e554299294a54a9f6,
hotpot_distractor_dev,validation,5ae5c7fd554299546bf82f5b,
hotpot_distractor_dev,validation,5abb6ece5542992ccd8e7f40,
hotpot_distractor_dev,validation,5a83dd2c554299334474609e,
hotpot_distractor_dev,validation,5ab721325542992aa3b8c7a2,
hotpot_distractor_dev,validation,5a730a6b5542992359bc3210,
hotpot_distractor_dev,validation,5ae4c96355429913cc204506,
hotpot_distractor_dev,validation,5a83d42d5542992ef85e2375,
hotpot_distractor_dev,validation,5ae72b745542991e8301cb7f,
hotpot_distractor_dev,validation,5ac434cb5542997ea680ca2f,
hotpot_distractor_dev,validation,5abcf14f55429959677d6b5b,
hotpot_distractor_dev,validation,5ab85b1755429916710eb041,
hotpot_distractor_dev,validation,5a8314bd55429966c78a6b2a,
hotpot_distractor_dev,validation,5a7331de5542994cef4bc4a8,
hotpot_distractor_dev,validation,5ae600325542992663a4f237,
hotpot_distractor_dev,validation,5ae1fb7a554299234fd04383,
hotpot_distractor_dev,validation,5a8aed1555429970aeb70334,
hotpot_distractor_dev,validation,5ade982f554299728e26c753,
hotpot_distractor_dev,validation,5ac2ffb755429921a00ab0cb,
hotpot_distractor_dev,validation,5a869e845542991e7718166f,
hotpot_distractor_dev,validation,5ab5e2645542992aa134a3c5,
hotpot_distractor_dev,validation,5adf94e05542995534e8c7f7,
hotpot_distractor_dev,validation,5ae780a55542997b22f6a79f,
hotpot_distractor_dev,validation,5a738fb4554299623ed4abf9,
hotpot_distractor_dev,validation,5a7ab1b055429927d897bef4,
hotpot_distractor_dev,validation,5a74547755429979e2882900,
hotpot_distractor_dev,validation,5adf434c5542993a75d26462,
hotpot_distractor_dev,validation,5abfcd7a5542993fe9a41e7a,
hotpot_distractor_dev,validation,5a7f38e255429930675136b6,
hotpot_distractor_dev,validation,5a7f7b3b5542992097ad2f81,
hotpot_distractor_dev,validation,5a70f0a75542994082a3e403,
hotpot_distractor_dev,validation,5ae056c755429945ae959319,
hotpot_distractor_dev,validation,5abea6a05542993f32c2a18d,
hotpot_distractor_dev,validation,5a762a645542992d0ec0603d,
hotpot_distractor_dev,validation,5a904f6355429916514e746e,
hotpot_distractor_dev,validation,5a88bb4a554299206df2b353,
hotpot_distractor_dev,validation,5adc0d3355429944faac2400,
hotpot_distractor_dev,validation,5ab94d9a554299743d22eae3,
hotpot_distractor_dev,validation,5a8b057255429971feec4611,
hotpot_distractor_dev,validation,5a7630105542992d0ec0605a,
hotpot_distractor_dev,validation,5a86f2fb554299211dda2b64,
hotpot_distractor_dev,validation,5a754fc35542996c70cfaedc,
hotpot_distractor_dev,validation,5a8c9164554299653c1aa0c1,
hotpot_distractor_dev,validation,5a7148685542994082a3e761,
hotpot_distractor_dev,validation,5ab7bfe955429928e1fe38c2,
hotpot_distractor_dev,validation,5a81a4135542990a1d231e37,
hotpot_distractor_dev,validation,5a87572d5542994846c1cd6b,
hotpot_distractor_dev,validation,5abe94fd55429965af743f37,
hotpot_distractor_dev,validation,5ac2920555429921a00aafc9,
hotpot_distractor_dev,validation,5a8d4fbf5542994ba4e3dc68,
hotpot_distractor_dev,validation,5ab7867c5542992aa3b8c822,
hotpot_distractor_dev,validation,5ab8a7f65542991b5579efca,
hotpot_distractor_dev,validation,5ae5b255554299546bf82f2c,
hotpot_distractor_dev,validation,5a8bc0485542995d1e6f143d,
hotpot_distractor_dev,validation,5aba92da55429901930fa840,
hotpot_distractor_dev,validation,5ae5be02554299546bf82f3e,
hotpot_distractor_dev,validation,5a7349125542994cef4bc505,
hotpot_distractor_dev,validation,5a8777395542996e4f3087f3,
hotpot_distractor_dev,validation,5add596f5542990dbb2f7e4d,
hotpot_distractor_dev,validation,5abda2b755429933744ab80f,
hotpot_distractor_dev,validation,5ae5c72a554299546bf82f57,
hotpot_distractor_dev,validation,5ab480715542991751b4d798,
hotpot_distractor_dev,validation,5ac47763554299204fd21f5b,
hotpot_distractor_dev,validation,5a8c4ebf554299585d9e365d,
hotpot_distractor_dev,validation,5a8bc1b85542997f31a41db8,
hotpot_distractor_dev,validation,5a84c4b05542991dd0999deb,
hotpot_distractor_dev,validation,5a88a4e65542997e5c09a671,
hotpot_distractor_dev,validation,5a8725a15542996432c57230,
hotpot_distractor_dev,validation,5ac3d2a6554299204fd21e8c,
hotpot_distractor_dev,validation,5a8f186055429918e830d186,
hotpot_distractor_dev,validation,5a8c5be0554299653c1aa04b,
hotpot_distractor_dev,validation,5a81624d5542995ce29dcbf1,
hotpot_distractor_dev,validation,5abe8aad55429976d4830b60,
hotpot_distractor_dev,validation,5a7de63c5542995f4f4022f5,
hotpot_distractor_dev,validation,5ac375495542995ef918c1a3,
hotpot_distractor_dev,validation,5a75436155429974ef308cbc,
hotpot_distractor_dev,validation,5adde16a5542997dc7907084,
hotpot_distractor_dev,validation,5abcf70b55429959677d6b7e,
hotpot_distractor_dev,validation,5ac4b24b5542996feb3fe933,
hotpot_distractor_dev,validation,5add1e565542990d50227dea,
hotpot_distractor_dev,validation,5a756dd65542996c70cfaef9,
hotpot_distractor_dev,validation,5ab1e36d554299449642c7f9,
hotpot_distractor_dev,validation,5ab61cf5554299637185c668,
hotpot_distractor_dev,validation,5ac2a75755429967731025dc,
hotpot_distractor_dev,validation,5a7c66d555429935c91b518f,
hotpot_distractor_dev,validation,5ae6443355429908198fa563,
hotpot_distractor_dev,validation,5ae4f2595542990ba0bbb1a8,
hotpot_distractor_dev,validation,5adf37785542992d7e9f92d3,
hotpot_distractor_dev,validation,5adf86b45542993344016cc1,
hotpot_distractor_dev,validation,5a7f296f55429934daa2fd10,
hotpot_distractor_dev,validation,5ab1c693554299722f9b4c66,
hotpot_distractor_dev,validation,5ab67f0055429953192ad2d8,
hotpot_distractor_dev,validation,5ae6808f5542995703ce8b6b,
hotpot_distractor_dev,validation,5adfc77b554299603e4183ab,
hotpot_distractor_dev,validation,5ac01e77554299012d1db5ac,
hotpot_distractor_dev,validation,5a7f341655429930675136a0,
hotpot_distractor_dev,validation,5ae27e19554299495565da8b,
hotpot_distractor_dev,validation,5a81d59a55429903bc27b9d6,
hotpot_distractor_dev,validation,5a7414d855429929fddd83db,
hotpot_distractor_dev,validation,5a8066d15542992097ad2fe8,
hotpot_distractor_dev,validation,5ab430fa5542991751b4d6dd,
hotpot_distractor_dev,validation,5ab700ca5542991d32223736,
hotpot_distractor_dev,validation,5ab3c18b55429969a97a81b0,
hotpot_distractor_dev,validation,5a8318dd55429940e5e1a95e,
hotpot_distractor_dev,validation,5ab9dd4c554299232ef4a22f,
hotpot_distractor_dev,validation,5a79abef5542994bb9457035,
hotpot_distractor_dev,validation,5a82678a5542995ce29dccfa,
hotpot_distractor_dev,validation,5ae5ff635542996de7b71ace,
hotpot_distractor_dev,validation,5a838fcd5542992ef85e2305,
hotpot_distractor_dev,validation,5adbf69c55429947ff173871,
hotpot_distractor_dev,validation,5a7b89a3554299294a54a9e3,
hotpot_distractor_dev,validation,5a87191155429960ec39b73d,
hotpot_distractor_dev,validation,5a74760b55429974ef308c03,
hotpot_distractor_dev,validation,5a8a502b5542996c9b8d5ea6,
hotpot_distractor_dev,validation,5a820f2c55429926c1cdae17,
hotpot_distractor_dev,validation,5a9073405542995b442420bb,
hotpot_distractor_dev,validation,5ac245015542992f1f2b3829,
hotpot_distractor_dev,validation,5ae3a8985542992f92d82329,
hotpot_distractor_dev,validation,5a7363465542991f29ee2dd5,
hotpot_distractor_dev,validation,5a7796e05542992a6e59df0f,
hotpot_distractor_dev,validation,5abccda855429965836004a4,
hotpot_distractor_dev,validation,5a881d2355429938390d3eeb,
hotpot_distractor_dev,validation,5ac17b485542994ab5c67d65,
hotpot_distractor_dev,validation,5ae71d87554299572ea546fa,
hotpot_distractor_dev,validation,5a7a4ca955429941d65f25a3,
hotpot_distractor_dev,validation,5a8a09565542992d82986e66,
hotpot_distractor_dev,validation,5a77edf955429967ab1052e8,
hotpot_distractor_dev,validation,5adc8b5a5542994d58a2f648,
hotpot_distractor_dev,validation,5a83587f5542990548d0b1de,
hotpot_distractor_dev,validation,5a81ea115542995ce29dcc78,
hotpot_distractor_dev,validation,5ab61140554299110f2199d7,
hotpot_distractor_dev,validation,5ab3460055429976abd1bc80,
hotpot_distractor_dev,validation,5a758c925542992db947367b,
hotpot_distractor_dev,validation,5ae713af554299572ea546bb,
hotpot_distractor_dev,validation,5a8fb5905542997ba9cb32f6,
hotpot_distractor_dev,validation,5a8ce15d554299653c1aa12f,
hotpot_distractor_dev,validation,5a8e276b5542995a26add468,
hotpot_distractor_dev,validation,5a89e2ba5542992e4fca8441,
hotpot_distractor_dev,validation,5ae4183f5542996836b02c40,
hotpot_distractor_dev,validation,5a7248665542990c210a40b1,
hotpot_distractor_dev,validation,5ac3b39e554299204fd21e09,
hotpot_distractor_dev,validation,5a8fae205542997ba9cb32ec,
hotpot_distractor_dev,validation,5a77c09555429967ab105262,
hotpot_distractor_dev,validation,5ade630e55429975fa854eb7,
hotpot_distractor_dev,validation,5ab506a05542990594ba9cd6,
hotpot_distractor_dev,validation,5a8b429f5542995d1e6f132c,
hotpot_distractor_dev,validation,5ab871725542990e739ec8f8,
hotpot_distractor_dev,validation,5a7e4af3554299495941998c,
hotpot_distractor_dev,validation,5ab2c7ef554299545a2cfa73,
hotpot_distractor_dev,validation,5a8ba9d255429971feec4759,
hotpot_distractor_dev,validation,5ae136375542997b2ef7d12f,
hotpot_distractor_dev,validation,5ab235ed5542993be8fa98c8,
hotpot_distractor_dev,validation,5a8cddd1554299441c6b9f3a,
hotpot_distractor_dev,validation,5abdd8d95542991f6610606a,
hotpot_distractor_dev,validation,5ae3789b5542992e3233c412,
hotpot_distractor_dev,validation,5ae4cf975542990ba0bbb151,
hotpot_distractor_dev,validation,5ab8cd3d5542991b5579f009,
hotpot_distractor_dev,validation,5a81537355429926c1cdad20,
hotpot_distractor_dev,validation,5a7cef6955429909bec768ad,
hotpot_distractor_dev,validation,5ae0f5fc554299422ee9957c,
hotpot_distractor_dev,validation,5abc081e5542993f40c73c54,
hotpot_distractor_dev,validation,5a7fe7f85542994857a7683e,
hotpot_distractor_dev,validation,5ae389fc5542992f92d8230f,
hotpot_distractor_dev,validation,5ac4f8705542995c82c4ad8d,
hotpot_distractor_dev,validation,5a74655b55429974ef308bf0,
hotpot_distractor_dev,validation,5ab57673554299637185c5a3,
hotpot_distractor_dev,validation,5a8765ad5542996e4f3087cf,
hotpot_distractor_dev,validation,5ae5cf625542996de7b71a22,
hotpot_distractor_dev,validation,5ae515bb55429913cc204584,
hotpot_distractor_dev,validation,5ae2eb7f55429928c423955b,
hotpot_distractor_dev,validation,5a8838885542994846c1ce39,
hotpot_distractor_dev,validation,5a7b241b554299042af8f705,
hotpot_distractor_dev,validation,5a8cc7af554299653c1aa11e,
hotpot_distractor_dev,validation,5a86681c5542991e77181644,
hotpot_distractor_dev,validation,5abce3015542993a06baf995,
hotpot_distractor_dev,validation,5a7bf84b5542996dd594b875,
hotpot_distractor_dev,validation,5ab70c41554299110f219a9d,
hotpot_distractor_dev,validation,5adbcd475542996e68525240,
hotpot_distractor_dev,validation,5a7fd6fc5542995d8a8ddf31,
hotpot_distractor_dev,validation,5a902d5155429933b8a2048d,
hotpot_distractor_dev,validation,5a7758895542994aec3b729c,
hotpot_distractor_dev,validation,5ae81032554299540e5a572a,
hotpot_distractor_dev,validation,5a8e42d15542995a26add4a6,
hotpot_distractor_dev,validation,5abbc3a955429931dba144f9,
hotpot_distractor_dev,validation,5ae206c45542994d89d5b311,
hotpot_distractor_dev,validation,5a80b9e85542992bc0c4a7ed,
hotpot_distractor_dev,validation,5a8a1dbc55429970aeb7025a,
hotpot_distractor_dev,validation,5ab9c3e1554299753720f852,
hotpot_distractor_dev,validation,5a84f5865542991dd0999e30,
hotpot_distractor_dev,validation,5abcf299554299700f9d7936,
hotpot_distractor_dev,validation,5ae4581e55429970de88d92f,
hotpot_distractor_dev,validation,5a7785af55429949eeb29ec2,
hotpot_distractor_dev,validation,5ae3639b5542991a06ce99b2,
hotpot_distractor_dev,validation,5ae779a555429952e35ea931,
hotpot_distractor_dev,validation,5abe822155429976d4830b48,
hotpot_distractor_dev,validation,5ae385df5542992f92d82305,
hotpot_distractor_dev,validation,5a77720255429967ab10517f,
hotpot_distractor_dev,validation,5a80de9b55429938b6142226,
hotpot_distractor_dev,validation,5ae15ae25542990adbacf767,
hotpot_distractor_dev,validation,5a8e8f6f5542995085b37451,
hotpot_distractor_dev,validation,5ae5caff554299546bf82f69,
hotpot_distractor_dev,validation,5abde0655542991f6610608b,
hotpot_distractor_dev,validation,5a7c221f554299683c1c62d2,
hotpot_distractor_dev,validation,5a8782a25542993e715abf95,
hotpot_distractor_dev,validation,5ab259b25542993be8fa98de,
hotpot_distractor_dev,validation,5abc805a554299658360045b,
hotpot_distractor_dev,validation,5a721e0e55429971e9dc928d,
hotpot_distractor_dev,validation,5ac05310554299012d1db5e7,
hotpot_distractor_dev,validation,5add57e55542992ae4cec516,
hotpot_distractor_dev,validation,5a778c215542995d831811ba,
hotpot_distractor_dev,validation,5ade28b15542997c77aded83,
hotpot_distractor_dev,validation,5a87106555429960ec39b71f,
hotpot_distractor_dev,validation,5a72f3a85542992359bc31e5,
hotpot_distractor_dev,validation,5a7b88a85542995eb53be954,
hotpot_distractor_dev,validation,5a7cad635542996dd594b97f,
hotpot_distractor_dev,validation,5a832e715542990548d0b1bf,
hotpot_distractor_dev,validation,5ae81060554299540e5a572c,
hotpot_distractor_dev,validation,5a825f2155429954d2e2eb1b,
hotpot_distractor_dev,validation,5ab6e07b55429954757d33a0,
hotpot_distractor_dev,validation,5aba89d555429901930fa816,
hotpot_distractor_dev,validation,5a85d4ad5542997175ce2050,
hotpot_distractor_dev,validation,5ac2660d55429951e9e685a1,
hotpot_distractor_dev,validation,5a831af855429954d2e2ec1e,
hotpot_distractor_dev,validation,5abbc4d255429931dba144fe,
hotpot_distractor_dev,validation,5a778ce55542995d831811c0,
hotpot_distractor_dev,validation,5a8a13f45542992d82986e9e,
hotpot_distractor_dev,validation,5a86296a55429960ec39b631,
hotpot_distractor_dev,validation,5a7f275d55429934daa2fd01,
hotpot_distractor_dev,validation,5ae13b085542997b2ef7d146,
hotpot_distractor_dev,validation,5a8081975542992097ad2fef,
hotpot_distractor_dev,validation,5ae2e06d55429928c4239521,
hotpot_distractor_dev,validation,5ab2383155429970612095c1,
hotpot_distractor_dev,validation,5ac29da5554299218029dac3,
hotpot_distractor_dev,validation,5ab48af35542996a3a969f92,
hotpot_distractor_dev,validation,5a902e755542995651fb50de,
hotpot_distractor_dev,validation,5ae002ec55429925eb1afbdc,
hotpot_distractor_dev,validation,5a74c2bd5542996c70cfadda,
hotpot_distractor_dev,validation,5ab7a86d5542995dae37e986,
hotpot_distractor_dev,validation,5ae3c71f5542991a06ce9a22,
hotpot_distractor_dev,validation,5adf32ee5542995534e8c767,
hotpot_distractor_dev,validation,5ae573b25542990ba0bbb2b4,
hotpot_distractor_dev,validation,5ac3c08a5542995ef918c217,
hotpot_distractor_dev,validation,5ab9ddef5542994dbf019875,
hotpot_distractor_dev,validation,5ab862b35542990e739ec8db,
hotpot_distractor_dev,validation,5adfe37c554299025d62a377,
hotpot_distractor_dev,validation,5ac195455542991316484b40,
hotpot_distractor_dev,validation,5adf49935542993a75d26491,
hotpot_distractor_dev,validation,5a7244955542990c210a408a,
hotpot_distractor_dev,validation,5a7b8cc7554299294a54a9ea,
hotpot_distractor_dev,validation,5ae7316e554299572ea5477e,
hotpot_distractor_dev,validation,5a8e0cb85542995085b373b2,
hotpot_distractor_dev,validation,5ae2bba35542992decbdcd89,
hotpot_distractor_dev,validation,5a82301155429926c1cdae4a,
hotpot_distractor_dev,validation,5a877fa45542993e715abf84,
hotpot_distractor_dev,validation,5a8662da5542991e7718162f,
hotpot_distractor_dev,validation,5ae1b943554299492dc91b7f,
hotpot_distractor_dev,validation,5adec62e5542992fa25da841,
hotpot_distractor_dev,validation,5abfc9bf5542993fe9a41e60,
hotpot_distractor_dev,validation,5ab26b60554299449642c898,
hotpot_distractor_dev,validation,5adcd6705542992c1e3a2426,
hotpot_distractor_dev,validation,5a79c9395542994bb94570a2,
hotpot_distractor_dev,validation,5a750d315542996c70cfae84,
hotpot_distractor_dev,validation,5ab7452b5542992aa3b8c806,
hotpot_distractor_dev,validation,5ab6993f554299110f219a2b,
hotpot_distractor_dev,validation,5ae1367055429901ffe4adf3,
hotpot_distractor_dev,validation,5ab7ba4155429928e1fe38b2,
hotpot_distractor_dev,validation,5aba5ea955429939ce03dca5,
hotpot_distractor_dev,validation,5ab67cf455429954757d3302,
hotpot_distractor_dev,validation,5abae3b05542996606241661,
hotpot_distractor_dev,validation,5a8303c255429954d2e2ec01,
hotpot_distractor_dev,validation,5a8b7d925542995d1e6f13bd,
hotpot_distractor_dev,validation,5ab6fcf55542991d32223718,
hotpot_distractor_dev,validation,5a8313a755429954d2e2ec06,
hotpot_distractor_dev,validation,5ade747555429939a52fe8c5,
hotpot_distractor_dev,validation,5ab6f9335542991d322236fc,
hotpot_distractor_dev,validation,5a792ad055429907847277d1,
hotpot_distractor_dev,validation,5a8089535542992bc0c4a762,
hotpot_distractor_dev,validation,5a903b7255429933b8a204ae,
hotpot_distractor_dev,validation,5ae022ab554299025d62a428,
hotpot_distractor_dev,validation,5a8c7ced5542995e66a4761c,
hotpot_distractor_dev,validation,5a75140b5542996c70cfae87,
hotpot_distractor_dev,validation,5a905cea55429933b8a204f4,
hotpot_distractor_dev,validation,5ae363e85542994393b9e6a5,
hotpot_distractor_dev,validation,5a83de04554299334474609f,
hotpot_distractor_dev,validation,5a8d7f2b554299068b959d0c,
hotpot_distractor_dev,validation,5ae4f2c45542990ba0bbb1a9,
hotpot_distractor_dev,validation,5a81e097554299676cceb129,
hotpot_distractor_dev,validation,5a776a805542993735360269,
hotpot_distractor_dev,validation,5a8835dc5542994846c1ce2b,
hotpot_distractor_dev,validation,5ab83f9f5542990e739ec891,
hotpot_distractor_dev,validation,5abd69ce5542993062266c7f,
hotpot_distractor_dev,validation,5ab6087a554299110f2199be,
hotpot_distractor_dev,validation,5a78e9a2554299148911f995,
hotpot_distractor_dev,validation,5ab6988a554299710c8d1edc,
hotpot_distractor_dev,validation,5adcb6875542994ed6169bcb,
hotpot_distractor_dev,validation,5a8bb90f5542996e8ac88a02,
hotpot_distractor_dev,validation,5ac02b325542992a796decb9,
hotpot_distractor_dev,validation,5abbd2575542993f40c73bbd,
hotpot_distractor_dev,validation,5a88db445542993b751ca88a,
hotpot_distractor_dev,validation,5ac51c2855429924173fb5b5,
hotpot_distractor_dev,validation,5abd420f55429933744ab75c,
hotpot_distractor_dev,validation,5a84e21d5542997b5ce3ff7c,
hotpot_distractor_dev,validation,5a8e8af55542990e94052b3f,
hotpot_distractor_dev,validation,5a8a647b55429930ff3c0dc1,
hotpot_distractor_dev,validation,5ae51b495542993aec5ec146,
hotpot_distractor_dev,validation,5a7f54665542992097ad2f1a,
hotpot_distractor_dev,validation,5a75d9b4554299109176e5a7,
hotpot_distractor_dev,validation,5a74551555429974ef308bd9,
hotpot_distractor_dev,validation,5ae324e85542991a06ce9934,
hotpot_distractor_dev,validation,5ac3f18d554299204fd21ed3,
hotpot_distractor_dev,validation,5ae0c1be5542993d6555ec42,
hotpot_distractor_dev,validation,5a8013e45542995d8a8ddf41,
hotpot_distractor_dev,validation,5addda1b5542992200553b55,
hotpot_distractor_dev,validation,5ae35b6b5542990afbd1e116,
hotpot_distractor_dev,validation,5ae7739c5542997b22f6a775,
hotpot_distractor_dev,validation,5a726ba35542997f827839c0,
hotpot_distractor_dev,validation,5ac2d9f65542996773102631,
hotpot_distractor_dev,validation,5ae1305b55429901ffe4add6,
hotpot_distractor_dev,validation,5a907bf05542995651fb5164,
hotpot_distractor_dev,validation,5aba7c7155429955dce3ee58,
hotpot_distractor_dev,validation,5abfab8d5542997ec76fd42d,
hotpot_distractor_dev,validation,5ae05c9f55429945ae959348,
hotpot_distractor_dev,validation,5abf30185542990832d3a13f,
hotpot_distractor_dev,validation,5ae64ba755429929b0807b25,
hotpot_distractor_dev,validation,5ade4e415542992fa25da73f,
hotpot_distractor_dev,validation,5a73073d55429901807daf69,
hotpot_distractor_dev,validation,5ac1b3a75542994ab5c67dd2,
hotpot_distractor_dev,validation,5a8fa32255429918e830d299,
hotpot_distractor_dev,validation,5ac562985542993e66e823ca,
hotpot_distractor_dev,validation,5ac2927b5542996366519a17,
hotpot_distractor_dev,validation,5a729fe55542991f9a20c53b,
hotpot_distractor_dev,validation,5a72abb95542992359bc3162,
hotpot_distractor_dev,validation,5a7cd28c554299452d57ba80,
hotpot_distractor_dev,validation,5a72120e55429971e9dc923f,
hotpot_distractor_dev,validation,5ade66e1554299728e26c713,
hotpot_distractor_dev,validation,5ae47ae05542995ad6573d4f,
hotpot_distractor_dev,validation,5a8ad6805542992d82986f93,
hotpot_distractor_dev,validation,5a8f1adc554299458435d577,
hotpot_distractor_dev,validation,5a8e60ca5542995a26add4d9,
hotpot_distractor_dev,validation,5a78b386554299148911f949,
hotpot_distractor_dev,validation,5a807181554299485f5985ec,
hotpot_distractor_dev,validation,5ac10c5e554299294b219074,
hotpot_distractor_dev,validation,5a88cc8f55429938390d3fc5,
hotpot_distractor_dev,validation,5abc3d215542993a06baf8a5,
hotpot_distractor_dev,validation,5ab8ee805542991b5579f051,
hotpot_distractor_dev,validation,5adc020e55429947ff1738b4,
hotpot_distractor_dev,validation,5ab9aab555429970cfb8eb65,
hotpot_distractor_dev,validation,5abb1fd95542996cc5e49fb6,
hotpot_distractor_dev,validation,5a8a547d55429970aeb70293,
hotpot_distractor_dev,validation,5a7217f255429971e9dc9260,
hotpot_distractor_dev,validation,5a89dbec554299669944a5d6,
hotpot_distractor_dev,validation,5a89e6615542992e4fca8462,
hotpot_distractor_dev,validation,5ae361dc5542992f92d822aa,
hotpot_distractor_dev,validation,5a8e63d65542995085b37421,
hotpot_distractor_dev,validation,5a88451655429938390d3f12,
hotpot_distractor_dev,validation,5a7a05485542990198eaf04c,
hotpot_distractor_dev,validation,5ae25d2b554299495565da46,
hotpot_distractor_dev,validation,5ab8f53355429916710eb0d1,
hotpot_distractor_dev,validation,5a9042825542990a984935d6,
hotpot_distractor_dev,validation,5a7c96765542990527d554d8,
hotpot_distractor_dev,validation,5ae75c6e5542991bbc9761f8,
hotpot_distractor_dev,validation,5adf8dea5542995534e8c7e4,
hotpot_distractor_dev,validation,5ae1681b554299422ee9967c,
hotpot_distractor_dev,validation,5ade286e5542997c77aded81,
hotpot_distractor_dev,validation,5ab938db5542996be2020454,
hotpot_distractor_dev,validation,5a8cacce554299585d9e3718,
hotpot_distractor_dev,validation,5a7353795542991f29ee2d82,
hotpot_distractor_dev,validation,5a7730f255429972597f148c,
hotpot_distractor_dev,validation,5a7d07a455429907fabef0ae,
hotpot_distractor_dev,validation,5ab5eed65542997d4ad1f25c,
hotpot_distractor_dev,validation,5a8ceddb554299441c6b9f85,
hotpot_distractor_dev,validation,5ac4920d5542996feb3fe8d3,
hotpot_distractor_dev,validation,5ae40d405542996836b02c28,
hotpot_distractor_dev,validation,5ac04a265542997d642959f1,
hotpot_distractor_dev,validation,5a9084e75542990a98493667,
hotpot_distractor_dev,validation,5adff4a555429925eb1afb91,
hotpot_distractor_dev,validation,5adeb78a554299728e26c77a,
hotpot_distractor_dev,validation,5ae20c245542997283cd2367,
hotpot_distractor_dev,validation,5ab482815542990594ba9c3d,
hotpot_distractor_dev,validation,5ab2b95c5542991669774072,
hotpot_distractor_dev,validation,5ab41677554299753aec5a38,
hotpot_distractor_dev,validation,5abae1e65542996cc5e49ed2,
hotpot_distractor_dev,validation,5ab4482b55429942dd415f09,
hotpot_distractor_dev,validation,5ae6537c5542991bbc9760c1,
hotpot_distractor_dev,validation,5adc3a7055429947ff173913,
hotpot_distractor_dev,validation,5a7a5cc35542996c55b2dd7c,
hotpot_distractor_dev,validation,5ac47d7355429919431739b3,
hotpot_distractor_dev,validation,5a8b041955429971feec4604,
hotpot_distractor_dev,validation,5ae56a0d5542990ba0bbb29c,
hotpot_distractor_dev,validation,5ab6b59f5542995eadef0065,
hotpot_distractor_dev,validation,5a80ef1555429938b614225e,
hotpot_distractor_dev,validation,5a8660ba55429960ec39b684,
hotpot_distractor_dev,validation,5a7a94f155429941d65f26ca,
hotpot_distractor_dev,validation,5a78a862554299148911f8fe,
hotpot_distractor_dev,validation,5a72a51355429901807daf21,
hotpot_distractor_dev,validation,5ac417405542995c82c4acbb,
hotpot_distractor_dev,validation,5ae7a9765542994a481bbdbc,
hotpot_distractor_dev,validation,5ae496735542995dadf2435d,
hotpot_distractor_dev,validation,5ab56b3a554299637185c585,
hotpot_distractor_dev,validation,5ab72c7d55429928e1fe3830,
hotpot_distractor_dev,validation,5a8adbf55542992d82986fab,
hotpot_distractor_dev,validation,5a8a48ee55429930ff3c0d66,
hotpot_distractor_dev,validation,5a74be0b5542996c70cfadc8,
hotpot_distractor_dev,validation,5abac35055429901930fa8ae,
hotpot_distractor_dev,validation,5a8b19f45542996c9b8d5f9e,
hotpot_distractor_dev,validation,5a7f5d165542992097ad2f3c,
hotpot_distractor_dev,validation,5ac55ea55542993e66e82377,
hotpot_distractor_dev,validation,5abd0097554299700f9d7956,
hotpot_distractor_dev,validation,5ae655845542991bbc9760c3,
hotpot_distractor_dev,validation,5ade84d7554299728e26c72b,
hotpot_distractor_dev,validation,5a8c2adc554299240d9c20a9,
hotpot_distractor_dev,validation,5ae2661d554299495565da60,
hotpot_distractor_dev,validation,5ac250aa5542992f1f2b384d,
hotpot_distractor_dev,validation,5a74cfed5542993748c896ea,
hotpot_distractor_dev,validation,5a89fc665542993b751ca9de,
hotpot_distractor_dev,validation,5ae2ce505542996483e64a72,
hotpot_distractor_dev,validation,5ab98d70554299753720f82f,
hotpot_distractor_dev,validation,5ab56f7a554299637185c59a,
hotpot_distractor_dev,validation,5a83a4bc554299123d8c217f,
hotpot_distractor_dev,validation,5a84f6c55542997175ce1f36,
hotpot_distractor_dev,validation,5ac26ac15542992f1f2b38bc,
hotpot_distractor_dev,validation,5a7615fb5542992db9473727,
hotpot_distractor_dev,validation,5ade3bf75542997c77adedb8,
hotpot_distractor_dev,validation,5ae32eca5542994393b9e640,
hotpot_distractor_dev,validation,5ab514c05542991779162d72,
hotpot_distractor_dev,validation,5a8a3a355542996c9b8d5e5e,
hotpot_distractor_dev,validation,5ab5ab5d5542992aa134a37d,
hotpot_distractor_dev,validation,5ab2999a554299194fa9342f,
hotpot_distractor_dev,validation,5a7c6b86554299683c1c62ff,
hotpot_distractor_dev,validation,5ab6e865554299710c8d1fad,
hotpot_distractor_dev,validation,5adf9f6c5542992d7e9f93c2,
hotpot_distractor_dev,validation,5a7dd6cd5542995f4f4022cd,
hotpot_distractor_dev,validation,5a8f141e55429918e830d181,
hotpot_distractor_dev,validation,5a8b4d5e5542995d1e6f135c,
hotpot_distractor_dev,validation,5a778a165542995d831811a9,
hotpot_distractor_dev,validation,5ac458f8554299204fd21f2a,
hotpot_distractor_dev,validation,5ae4a2d05542995ad6573de1,
hotpot_distractor_dev,validation,5a8c42d7554299240d9c20f5,
hotpot_distractor_dev,validation,5ac2bcf55542990b17b1546e,
hotpot_distractor_dev,validation,5a7224ab55429971e9dc92dd,
hotpot_distractor_dev,validation,5ab26a4b55429970612095fc,
hotpot_distractor_dev,validation,5a80be9655429938b61421b5,
hotpot_distractor_dev,validation,5adfc97255429906c02daa41,
hotpot_distractor_dev,validation,5ab6b13b554299710c8d1f3f,
hotpot_distractor_dev,validation,5abea05f5542991f661061b6,
hotpot_distractor_dev,validation,5ae679ec5542996d980e7b75,
hotpot_distractor_dev,validation,5a7de14a5542991319bc93fc,
hotpot_distractor_dev,validation,5adf4da15542995534e8c780,
hotpot_distractor_dev,validation,5a71419f5542994082a3e70d,
hotpot_distractor_dev,validation,5a8a19c45542992e4fca8501,
hotpot_distractor_dev,validation,5adde73f5542992200553b94,
hotpot_distractor_dev,validation,5a80f793554299260e20a1e1,
hotpot_distractor_dev,validation,5a8a803b55429930ff3c0e04,
hotpot_distractor_dev,validation,5a80274e5542992e7d278dfb,
hotpot_distractor_dev,validation,5a72c9e85542991f9a20c595,
hotpot_distractor_dev,validation,5ab499a55542996a3a969f9f,
hotpot_distractor_dev,validation,5a80838d5542992bc0c4a745,
hotpot_distractor_dev,validation,5ab8750255429934fafe6dd1,
hotpot_distractor_dev,validation,5abac89d55429901930fa8b5,
hotpot_distractor_dev,validation,5a73090455429901807daf6e,
hotpot_distractor_dev,validation,5ab5d27a554299494045f073,
hotpot_distractor_dev,validation,5adc396155429944faac2479,
hotpot_distractor_dev,validation,5a89e2785542992e4fca843d,
hotpot_distractor_dev,validation,5a7f7c285542994857a76746,
hotpot_distractor_dev,validation,5a8f0796554299458435d528,
hotpot_distractor_dev,validation,5a8ce55f554299441c6b9f62,
hotpot_distractor_dev,validation,5a8e3e9b5542995085b37402,
hotpot_distractor_dev,validation,5a80e5f5554299260e20a1ae,
hotpot_distractor_dev,validation,5ae064605542993d6555eb44,
hotpot_distractor_dev,validation,5a81737155429903bc27b96f,
hotpot_distractor_dev,validation,5ae3d67f5542992f92d8238f,
hotpot_distractor_dev,validation,5abd8ee05542993062266cc8,
hotpot_distractor_dev,validation,5a89d3e15542992e4fca83d4,
hotpot_distractor_dev,validation,5ab2ed62554299166977413a,
hotpot_distractor_dev,validation,5a85e5345542991dd0999ebb,
hotpot_distractor_dev,validation,5a86f13c554299211dda2b5e,
hotpot_distractor_dev,validation,5ac562115542993e66e823bf,
hotpot_distractor_dev,validation,5ab3589455429976abd1bc93,
hotpot_distractor_dev,validation,5a7eacd855429930675135c3,
hotpot_distractor_dev,validation,5a74a8fa55429929fddd8497,
hotpot_distractor_dev,validation,5ac05fb55542997d64295a0b,
hotpot_distractor_dev,validation,5ae4606c5542996836b02c91,
hotpot_distractor_dev,validation,5a73f2035542993a88ae2ea8,
hotpot_distractor_dev,validation,5ae666d35542991bbc9760cc,
hotpot_distractor_dev,validation,5a7c54eb554299683c1c62e8,
hotpot_distractor_dev,validation,5abbd58d554299660624172f,
hotpot_distractor_dev,validation,5ac160bb5542994d76dccdfb,
hotpot_distractor_dev,validation,5a734dad5542994cef4bc522,
hotpot_distractor_dev,validation,5ab94fa25542996be2020474,
hotpot_distractor_dev,validation,5a7b2ec755429927d897bf53,
hotpot_distractor_dev,validation,5ae604ec5542996de7b71af9,
hotpot_distractor_dev,validation,5adc1af75542994650320c75,
hotpot_distractor_dev,validation,5ab298fb554299449642c922,
hotpot_distractor_dev,validation,5a812d0555429938b61422e1,
hotpot_distractor_dev,validation,5adf35935542993344016c36,
hotpot_distractor_dev,validation,5a7f669a5542994857a76729,
hotpot_distractor_dev,validation,5a7ea14655429930675135ab,
hotpot_distractor_dev,validation,5a7db1a15542995ed0d16660,
hotpot_distractor_dev,validation,5ac41ca75542991943173919,
hotpot_distractor_dev,validation,5a8cbda955429941ae14dee5,
hotpot_distractor_dev,validation,5a8463945542992ef85e23d9,
hotpot_distractor_dev,validation,5a7fa55555429969796c1b0e,
hotpot_distractor_dev,validation,5a8f91c755429918e830d26c,
hotpot_distractor_dev,validation,5ab67d2055429954757d3304,
hotpot_distractor_dev,validation,5a73583455429901807dafcf,
hotpot_distractor_dev,validation,5ae0ba1155429924de1b7156,
hotpot_distractor_dev,validation,5a8c87aa554299653c1aa0ac,
hotpot_distractor_dev,validation,5a74fd6d5542993748c8977d,
hotpot_distractor_dev,validation,5a7f00b455429930675135f1,
hotpot_distractor_dev,validation,5ae0800055429924de1b70db,
hotpot_distractor_dev,validation,5a7e782655429934daa2fc26,
hotpot_distractor_dev,validation,5a721b9055429971e9dc9277,
hotpot_distractor_dev,validation,5ac2c7ff554299657fa2904f,
hotpot_distractor_dev,validation,5a72b3335542994cef4bc3dc,
hotpot_distractor_dev,validation,5a86038455429960ec39b600,
hotpot_distractor_dev,validation,5ab7fa4f5542993667794080,
hotpot_distractor_dev,validation,5ae0a09a5542993d6555ebc9,
hotpot_distractor_dev,validation,5ae509f655429908b63264ef,
hotpot_distractor_dev,validation,5a7739f25542994aec3b7234,
hotpot_distractor_dev,validation,5adcdea85542992c1e3a2441,
hotpot_distractor_dev,validation,5a83335f5542996488c2e3ec,
hotpot_distractor_dev,validation,5a7a4f405542994f819ef1c0,
hotpot_distractor_dev,validation,5a7182b65542994082a3e85b,
hotpot_distractor_dev,validation,5ae1a8c05542997f29b3c0ec,
hotpot_distractor_dev,validation,5ade063d5542997dc7907129,
hotpot_distractor_dev,validation,5a81d51a55429903bc27b9d2,
hotpot_distractor_dev,validation,5abed44b5542990832d3a0db,
hotpot_distractor_dev,validation,5a86294e5542994775f60715,
hotpot_distractor_dev,validation,5a72a2935542991f9a20c546,
hotpot_distractor_dev,validation,5ade653f55429975fa854ebb,
hotpot_distractor_dev,validation,5a7a3cea5542994f819ef182,
hotpot_distractor_dev,validation,5ab56f3e5542992aa134a317,
hotpot_distractor_dev,validation,5ab9bc6155429970cfb8eb90,
hotpot_distractor_dev,validation,5a90ad595542990a9849368b,
hotpot_distractor_dev,validation,5adcd5005542994d58a2f6f0,
hotpot_distractor_dev,validation,5a78d16455429974737f78bb,
hotpot_distractor_dev,validation,5a77f2af5542995d83181333,
hotpot_distractor_dev,validation,5a840e8a5542992ef85e239e,
hotpot_distractor_dev,validation,5adea62e55429975fa854f3b,
hotpot_distractor_dev,validation,5a7759dd5542994aec3b729f,
hotpot_distractor_dev,validation,5ab81cff5542990e739ec827,
hotpot_distractor_dev,validation,5a7c5a87554299683c1c62eb,
hotpot_distractor_dev,validation,5abb61c0554299642a094a86,
hotpot_distractor_dev,validation,5ae499d755429970de88d9ca,
hotpot_distractor_dev,validation,5a79fac85542996c55b2dcc1,
hotpot_distractor_dev,validation,5ab9c292554299131ca423f5,
hotpot_distractor_dev,validation,5ab5e024554299494045f097,
hotpot_distractor_dev,validation,5ade2bce5542997c77aded96,
hotpot_distractor_dev,validation,5ae20c465542997283cd236a,
hotpot_distractor_dev,validation,5a8a12ae5542992d82986e92,
hotpot_distractor_dev,validation,5a7350d55542994cef4bc535,
hotpot_distractor_dev,validation,5ac4f2235542996feb3fe995,
hotpot_distractor_dev,validation,5ae13f3c5542997b2ef7d168,
hotpot_distractor_dev,validation,5ab8f4ee5542991b5579f091,
hotpot_distractor_dev,validation,5ac02c6b554299294b218f38,
hotpot_distractor_dev,validation,5a89e57f5542992e4fca845d,
hotpot_distractor_dev,validation,5a83c2e25542996488c2e4bc,
hotpot_distractor_dev,validation,5ab850b255429916710eb036,
hotpot_distractor_dev,validation,5a753ff455429916b01642bc,
hotpot_distractor_dev,validation,5a75675d5542992d0ec05f87,
hotpot_distractor_dev,validation,5a7f48e15542992e7d278ce6,
hotpot_distractor_dev,validation,5a7292385542994cef4bc342,
hotpot_distractor_dev,validation,5aba75e655429955dce3ee3c,
hotpot_distractor_dev,validation,5ac2b8085542990b17b1546b,
hotpot_distractor_dev,validation,5ae603ba5542996de7b71af4,
hotpot_distractor_dev,validation,5a8b7cb95542995d1e6f13bb,
hotpot_distractor_dev,validation,5a88e75c5542993b751ca8c7,
hotpot_distractor_dev,validation,5a83305d55429966c78a6b4a,
hotpot_distractor_dev,validation,5a78c235554299078472775d,
hotpot_distractor_dev,validation,5a7ba83f5542995eb53be981,
hotpot_distractor_dev,validation,5a7b9fac554299294a54aa2f,
hotpot_distractor_dev,validation,5adfd30c55429906c02daa53,
hotpot_distractor_dev,validation,5ab729335542993667793f5a,
hotpot_distractor_dev,validation,5a857cf35542994c784ddb1d,
hotpot_distractor_dev,validation,5abba91e554299642a094b10,
hotpot_distractor_dev,validation,5a7f90a15542995d8a8ddea5,
hotpot_distractor_dev,validation,5a83bfc8554299123d8c21a1,
hotpot_distractor_dev,validation,5a80e47d55429938b6142238,
hotpot_distractor_dev,validation,5a7dec305542995ed0d16679,
hotpot_distractor_dev,validation,5ae61dce5542992663a4f262,
hotpot_distractor_dev,validation,5a8a429955429930ff3c0d34,
hotpot_distractor_dev,validation,5addd82c5542990dbb2f7eb9,
hotpot_distractor_dev,validation,5ae527085542993aec5ec165,
hotpot_distractor_dev,validation,5adbe1b355429944faac23a0,
hotpot_distractor_dev,validation,5a750de95542993748c897ac,
hotpot_distractor_dev,validation,5abff65c5542994516f45551,
hotpot_distractor_dev,validation,5ae552bb55429908b63265d9,
hotpot_distractor_dev,validation,5ab3010455429976abd1bc15,
hotpot_distractor_dev,validation,5a84fd085542994c784ddaba,
hotpot_distractor_dev,validation,5a7f660555429969796c1a2e,
hotpot_distractor_dev,validation,5ab47e0a5542990594ba9c32,
hotpot_distractor_dev,validation,5ae554ce55429960a22e02b7,
hotpot_distractor_dev,validation,5abba664554299642a094b02,
hotpot_distractor_dev,validation,5a88ac3d554299206df2b328,
hotpot_distractor_dev,validation,5a7323ad5542994cef4bc476,
hotpot_distractor_dev,validation,5abd2eb255429933744ab750,
hotpot_distractor_dev,validation,5adddf5d5542997dc7907078,
hotpot_distractor_dev,validation,5abc553a554299700f9d7871,
hotpot_distractor_dev,validation,5a77d31c55429967ab1052c0,
hotpot_distractor_dev,validation,5adc398755429947ff173912,
hotpot_distractor_dev,validation,5ab6dbc15542995eadef00cd,
hotpot_distractor_dev,validation,5a7b59115542995eb53be923,
hotpot_distractor_dev,validation,5adc99ba5542994ed6169ba9,
hotpot_distractor_dev,validation,5a863ff0554299211dda2ac6,
hotpot_distractor_dev,validation,5ade99235542997c77adee7f,
hotpot_distractor_dev,validation,5a8843a455429938390d3f0c,
hotpot_distractor_dev,validation,5a89dfcc55429946c8d6e9f0,
hotpot_distractor_dev,validation,5ab5c6e55542997d4ad1f1db,
hotpot_distractor_dev,validation,5ae7313c5542991e8301cbbc,
hotpot_distractor_dev,validation,5ac31ad4554299741d48a1ee,
hotpot_distractor_dev,validation,5ae0f2bf5542997b2ef7d09e,
hotpot_distractor_dev,validation,5abab36455429955dce3eed1,
hotpot_distractor_dev,validation,5adf2d375542993344016c0d,
hotpot_distractor_dev,validation,5ae4c35c55429913cc2044fb,
hotpot_distractor_dev,validation,5a7280925542991f9a20c4a1,
hotpot_distractor_dev,validation,5ab6aa4c55429953192ad359,
hotpot_distractor_dev,validation,5a8bc1565542996e8ac88a0c,
hotpot_distractor_dev,validation,5a815f445542995ce29dcbec,
hotpot_distractor_dev,validation,5a8842435542994846c1ce6d,
hotpot_distractor_dev,validation,5a893fc855429951533612f0,
hotpot_distractor_dev,validation,5ab9df1f554299232ef4a239,
hotpot_distractor_dev,validation,5a7914e155429974737f7973,
hotpot_distractor_dev,validation,5add23e45542992ae4cec4a1,
hotpot_distractor_dev,validation,5a7df6e65542995f4f402353,
hotpot_distractor_dev,validation,5a803d695542996402f6a494,
hotpot_distractor_dev,validation,5a74594a55429974ef308be1,
hotpot_distractor_dev,validation,5a807f6a5542992bc0c4a737,
hotpot_distractor_dev,validation,5a820f2f554299676cceb1ff,
hotpot_distractor_dev,validation,5ae5e852554299546bf82fb8,
hotpot_distractor_dev,validation,5ab9b2c7554299743d22ebaf,
hotpot_distractor_dev,validation,5a862b0b554299211dda2a98,
hotpot_distractor_dev,validation,5a79db655542994bb94570f4,
hotpot_distractor_dev,validation,5a8796f75542996e4f308865,
hotpot_distractor_dev,validation,5ac264195542992f1f2b38a5,
hotpot_distractor_dev,validation,5ac27afa5542990b17b153b5,
hotpot_distractor_dev,validation,5ae129115542990adbacf722,
hotpot_distractor_dev,validation,5a7736bc554299373536021b,
hotpot_distractor_dev,validation,5ae306115542992decbdcdc4,
hotpot_distractor_dev,validation,5ab1ea0a554299340b52542a,
hotpot_distractor_dev,validation,5ab50e0a5542990594ba9cf0,
hotpot_distractor_dev,validation,5ab2ce27554299545a2cfa98,
hotpot_distractor_dev,validation,5ae1443855429920d5234362,
hotpot_distractor_dev,validation,5ae201465542997f29b3c1f7,
hotpot_distractor_dev,validation,5a8ceb7a554299441c6b9f7b,
hotpot_distractor_dev,validation,5add15d15542994ed6169c70,
hotpot_distractor_dev,validation,5a8aeadc55429950cd6afbe0,
hotpot_distractor_dev,validation,5a8cd6de55429941ae14df07,
hotpot_distractor_dev,validation,5a77bc9955429967ab105256,
hotpot_distractor_dev,validation,5adfff0755429925eb1afbce,
hotpot_distractor_dev,validation,5ab2771e554299340b5254d8,
hotpot_distractor_dev,validation,5a727a635542994cef4bc2c9,
hotpot_distractor_dev,validation,5abce87e5542993a06baf9a5,
hotpot_distractor_dev,validation,5a7da98e5542990b8f503a17,
hotpot_distractor_dev,validation,5ae0a5825542993d6555ebdf,
hotpot_distractor_dev,validation,5a7cff5755429907fabef09d,
hotpot_distractor_dev,validation,5abd0803554299700f9d7979,
hotpot_distractor_dev,validation,5a88e7a55542993b751ca8ca,
hotpot_distractor_dev,validation,5a773ae055429972597f14b0,
hotpot_distractor_dev,validation,5ae625935542995703ce8b2a,
hotpot_distractor_dev,validation,5ab828f25542992aa3b8c8a3,
hotpot_distractor_dev,validation,5abe832a55429965af743f29,
hotpot_distractor_dev,validation,5a778b1e55429949eeb29ee3,
hotpot_distractor_dev,validation,5a7c4a6455429907fabeef53,
hotpot_distractor_dev,validation,5a7e035d5542997cc2c474f6,
hotpot_distractor_dev,validation,5ade8ad95542992fa25da7b8,
hotpot_distractor_dev,validation,5a793d335542994bb9456fca,
hotpot_distractor_dev,validation,5ae1599155429901ffe4ae7b,
hotpot_distractor_dev,validation,5ab2beba554299166977408f,
hotpot_distractor_dev,validation,5ac3c0495542995ef918c215,
hotpot_distractor_dev,validation,5a8e2147554299068b959e67,
hotpot_distractor_dev,validation,5ab5a7f45542997d4ad1f1a5,
hotpot_distractor_dev,validation,5ac2f6b8554299677310265f,
hotpot_distractor_dev,validation,5a7509175542993748c897a3,
hotpot_distractor_dev,validation,5abcce3355429965836004a5,
hotpot_distractor_dev,validation,5add114a5542994734353826,
hotpot_distractor_dev,validation,5a73595055429901807dafd6,
hotpot_distractor_dev,validation,5ab5062f55429942dd415fd1,
hotpot_distractor_dev,validation,5adcd9fe5542990d50227d46,
hotpot_distractor_dev,validation,5a83c9e45542992ef85e2361,
hotpot_distractor_dev,validation,5a8dbc8b554299441c6ba077,
hotpot_distractor_dev,validation,5ab7209a554299110f219aba,
hotpot_distractor_dev,validation,5ab809bb5542990e739ec7f9,
hotpot_distractor_dev,validation,5ae765185542995703ce8c0f,
hotpot_distractor_dev,validation,5adfdef9554299025d62a36b,
hotpot_distractor_dev,validation,5ab98e2b5542996be202054e,
hotpot_distractor_dev,validation,5a8b058055429971feec4612,
hotpot_distractor_dev,validation,5a8f64605542992414482aaa,
hotpot_distractor_dev,validation,5a824e0b554299676cceb254,
hotpot_distractor_dev,validation,5a8b051255429971feec460e,
hotpot_distractor_dev,validation,5ac235e355429951e9e684a2,
hotpot_distractor_dev,validation,5ab32fc355429969a97a80fa,
hotpot_distractor_dev,validation,5a8e8d665542995085b3744e,
hotpot_distractor_dev,validation,5ac4f7e955429924173fb523,
hotpot_distractor_dev,validation,5aba5c625542994dbf0198f2,
hotpot_distractor_dev,validation,5a7a2dac5542990198eaf0b6,
hotpot_distractor_dev,validation,5ae26af3554299492dc91c1c,
hotpot_distractor_dev,validation,5a7f5e0455429969796c1a12,
hotpot_distractor_dev,validation,5ab73de755429928e1fe383b,
hotpot_distractor_dev,validation,5a84afdc5542991dd0999d81,
hotpot_distractor_dev,validation,5a7dc2185542990b8f503a7b,
hotpot_distractor_dev,validation,5ab48f245542990594ba9c66,
hotpot_distractor_dev,validation,5a8f43795542997ba9cb3204,
hotpot_distractor_dev,validation,5a875b755542996e4f308796,
hotpot_distractor_dev,validation,5ab31fea554299194fa9356a,
hotpot_distractor_dev,validation,5a7503945542996c70cfae76,
hotpot_distractor_dev,validation,5ae60484554299546bf8301a,
hotpot_distractor_dev,validation,5ae80f73554299540e5a5722,
hotpot_distractor_dev,validation,5ab5df4c5542997d4ad1f218,
hotpot_distractor_dev,validation,5ae165aa5542997b2ef7d1d1,
hotpot_distractor_dev,validation,5a8b027e55429950cd6afc45,
hotpot_distractor_dev,validation,5a7fd95d5542992e7d278dc5,
hotpot_distractor_dev,validation,5a7a3bed5542996c55b2dd45,
hotpot_distractor_dev,validation,5a83938c5542993344746049,
hotpot_distractor_dev,validation,5a7354e35542994cef4bc55b,
hotpot_distractor_dev,validation,5a72644b5542997f8278399a,
hotpot_distractor_dev,validation,5a7c5de155429935c91b5179,
hotpot_distractor_dev,validation,5a73672b5542991f29ee2de7,
hotpot_distractor_dev,validation,5ac4e07e5542996feb3fe95c,
hotpot_distractor_dev,validation,5a8aad0d5542992d82986f55,
hotpot_distractor_dev,validation,5ac4db1d554299076e296e1a,
hotpot_distractor_dev,validation,5a80b35c5542992bc0c4a7b8,
hotpot_distractor_dev,validation,5ab2118055429970612095b8,
hotpot_distractor_dev,validation,5adfba9555429942ec259b1e,
hotpot_distractor_dev,validation,5a7b895c5542997c3ec97206,
hotpot_distractor_dev,validation,5a72334755429971e9dc934c,
hotpot_distractor_dev,validation,5ab720685542993667793f44,
hotpot_distractor_dev,validation,5ab9339f554299131ca422bb,
hotpot_distractor_dev,validation,5ae2c509554299492dc91c68,
hotpot_distractor_dev,validation,5a8341c255429954d2e2ec6e,
hotpot_distractor_dev,validation,5a7f44a65542992e7d278cd7,
hotpot_distractor_dev,validation,5a887293554299206df2b273,
hotpot_distractor_dev,validation,5a74bdce55429929fddd84e1,
hotpot_distractor_dev,validation,5abd81ff5542993062266cb3,
hotpot_distractor_dev,validation,5a7b4d765542995eb53be8fe,
hotpot_distractor_dev,validation,5ade662155429975fa854ebd,
hotpot_distractor_dev,validation,5ae629215542995703ce8b34,
hotpot_distractor_dev,validation,5a89e0ec5542992e4fca8427,
hotpot_distractor_dev,validation,5a90945755429933b8a2056c,
hotpot_distractor_dev,validation,5a8335d95542993344745ff1,
hotpot_distractor_dev,validation,5ac1a6a85542994ab5c67db6,
hotpot_distractor_dev,validation,5a8b46925542995d1e6f133c,
hotpot_distractor_dev,validation,5ae444b55542996836b02c63,
hotpot_distractor_dev,validation,5a8ba45b554299240d9c2051,
hotpot_distractor_dev,validation,5ac3adc35542995ef918c1e2,
hotpot_distractor_dev,validation,5add74b95542992ae4cec56f,
hotpot_distractor_dev,validation,5ab6b6fd5542995eadef006b,
hotpot_distractor_dev,validation,5ae3e1e95542994393b9e78b,
hotpot_distractor_dev,validation,5abc87a8554299114383a13e,
hotpot_distractor_dev,validation,5a7ba4765542995eb53be976,
hotpot_distractor_dev,validation,5a7b1a82554299042af8f6cf,
hotpot_distractor_dev,validation,5ae37e6e5542992f92d822e0,
hotpot_distractor_dev,validation,5ae7ae9a5542993210983ef2,
hotpot_distractor_dev,validation,5ac082535542992a796ded2f,
hotpot_distractor_dev,validation,5add6f975542992200553b18,
hotpot_distractor_dev,validation,5a88d6df554299206df2b377,
hotpot_distractor_dev,validation,5ab2909a5542993be8fa994f,
hotpot_distractor_dev,validation,5ae083b75542993d6555eb85,
hotpot_distractor_dev,validation,5ae6dd745542996d980e7ca0,
hotpot_distractor_dev,validation,5a8dacf2554299068b959d91,
hotpot_distractor_dev,validation,5adcfdc555429947343537f4,
hotpot_distractor_dev,validation,5a7a616355429941d65f25f7,
hotpot_distractor_dev,validation,5a7ce7b755429909bec76872,
hotpot_distractor_dev,validation,5a8dd9d25542995a26add420,
hotpot_distractor_dev,validation,5ac4f12d55429924173fb4f6,
hotpot_distractor_dev,validation,5a8ad59355429950cd6afba4,
hotpot_distractor_dev,validation,5ae1b53b5542997283cd2255,
hotpot_distractor_dev,validation,5ae526c455429908b6326529,
hotpot_distractor_dev,validation,5a7e32905542991319bc943b,
hotpot_distractor_dev,validation,5ae8202255429952e35eaa3a,
hotpot_distractor_dev,validation,5a81df7d55429926c1cdadaa,
hotpot_distractor_dev,validation,5ac372195542995ef918c194,
hotpot_distractor_dev,validation,5a7133fa5542994082a3e660,
hotpot_distractor_dev,validation,5ae61ac355429929b0807ac6,
hotpot_distractor_dev,validation,5a78c69e55429974737f787c,
hotpot_distractor_dev,validation,5a8b86645542997f31a41d62,
hotpot_distractor_dev,validation,5a807b44554299485f59860a,
hotpot_distractor_dev,validation,5ae3ffba5542995dadf242b2,
hotpot_distractor_dev,validation,5ae0111e55429906c02daabc,
hotpot_distractor_dev,validation,5a777fd655429949eeb29e93,
hotpot_distractor_dev,validation,5ae70f4c5542991bbc9761b2,
hotpot_distractor_dev,validation,5addc7e35542997545bbbdbe,
hotpot_distractor_dev,validation,5ae73ddb554299572ea5478d,
hotpot_distractor_dev,validation,5a7c22bb554299683c1c62d3,
hotpot_distractor_dev,validation,5a74e9c255429974ef308c93,
hotpot_distractor_dev,validation,5a8dde01554299653c1aa159,
hotpot_distractor_dev,validation,5abce1af554299114383a178,
hotpot_distractor_dev,validation,5a8257fa55429940e5e1a866,
hotpot_distractor_dev,validation,5a72830e5542994cef4bc2f9,
hotpot_distractor_dev,validation,5a8de5d55542995085b3734d,
hotpot_distractor_dev,validation,5ade895955429975fa854ef5,
hotpot_distractor_dev,validation,5a7ecae055429934daa2fc6a,
hotpot_distractor_dev,validation,5adfa12c554299025d62a301,
hotpot_distractor_dev,validation,5ae5bcbd55429960a22e0324,
hotpot_distractor_dev,validation,5a899f4955429946c8d6e971,
hotpot_distractor_dev,validation,5ae14def55429901ffe4ae4a,
hotpot_distractor_dev,validation,5adf21bc5542993344016bf4,
hotpot_distractor_dev,validation,5a77e9c055429949eeb29fa6,
hotpot_distractor_dev,validation,5ac19eb35542994ab5c67da3,
hotpot_distractor_dev,validation,5a7f89c75542994857a76775,
hotpot_distractor_dev,validation,5ab6a3a3554299710c8d1f0d,
hotpot_distractor_dev,validation,5ac3295d5542995ef918c14d,
hotpot_distractor_dev,validation,5add6b595542992200553b0c,
hotpot_distractor_dev,validation,5ae212c9554299495565d9de,
hotpot_distractor_dev,validation,5adcf20f5542994ed6169c2c,
hotpot_distractor_dev,validation,5ae2ff2055429928c4239598,
hotpot_distractor_dev,validation,5ac55e835542993e66e82375,
hotpot_distractor_dev,validation,5a7b9f1f554299294a54aa2a,
hotpot_distractor_dev,validation,5ab596d95542992aa134a371,
hotpot_distractor_dev,validation,5adf32165542993344016c15,
hotpot_distractor_dev,validation,5ae20427554299234fd04397,
hotpot_distractor_dev,validation,5a7fa48c5542994857a7679a,
hotpot_distractor_dev,validation,5ab677e2554299110f219a13,
hotpot_distractor_dev,validation,5a7d2b535542995f4f402224,
hotpot_distractor_dev,validation,5ae720e9554299572ea54715,
hotpot_distractor_dev,validation,5a8393665542990548d0b1ea,
hotpot_distractor_dev,validation,5a84c01e5542991dd0999dd6,
hotpot_distractor_dev,validation,5abca6375542993a06baf946,
hotpot_distractor_dev,validation,5ae7f41c5542997ec2727701,
hotpot_distractor_dev,validation,5ac4fbe255429924173fb53b,
hotpot_distractor_dev,validation,5a7744e45542993569682d37,
hotpot_distractor_dev,validation,5ae455d45542996836b02c7b,
hotpot_distractor_dev,validation,5a8f13d55542997ba9cb31c9,
hotpot_distractor_dev,validation,5ab809195542991d3222380f,
hotpot_distractor_dev,validation,5a8ee7c95542990e94052bb1,
hotpot_distractor_dev,validation,5abea7c25542990832d3a068,
hotpot_distractor_dev,validation,5a7172105542994082a3e837,
hotpot_distractor_dev,validation,5ac3c264554299204fd21e37,
hotpot_distractor_dev,validation,5a7542425542996c70cfaecc,
hotpot_distractor_dev,validation,5a8e4e7855429917b4a5bd92,
hotpot_distractor_dev,validation,5ade89d855429975fa854ef7,
hotpot_distractor_dev,validation,5a7636fb55429976ec32bd79,
hotpot_distractor_dev,validation,5adc0d2955429947ff1738e6,
hotpot_distractor_dev,validation,5a81d1f0554299676cceb0ee,
hotpot_distractor_dev,validation,5adfa22655429942ec259ac4,
hotpot_distractor_dev,validation,5abaa32655429955dce3eeaa,
hotpot_distractor_dev,validation,5ac4f04e5542995c82c4ad81,
hotpot_distractor_dev,validation,5ab2d65e554299545a2cfabe,
hotpot_distractor_dev,validation,5ab6c1da554299710c8d1f4c,
hotpot_distractor_dev,validation,5a76c98855429972597f13d0,
hotpot_distractor_dev,validation,5ae537895542990ba0bbb234,
hotpot_distractor_dev,validation,5abc00ff5542993f40c73c41,
hotpot_distractor_dev,validation,5adcf48e5542992c1e3a24d4,
hotpot_distractor_dev,validation,5ae2d59755429928c42394ec,
hotpot_distractor_dev,validation,5a8ac87d55429970aeb7031d,
hotpot_distractor_dev,validation,5adf123f5542995ec70e8f63,
hotpot_distractor_dev,validation,5a8d8abf5542994ba4e3dca1,
hotpot_distractor_dev,validation,5ae4988655429970de88d9c1,
hotpot_distractor_dev,validation,5aba9db7554299232ef4a361,
hotpot_distractor_dev,validation,5a83c9445542992ef85e2360,
hotpot_distractor_dev,validation,5ae56a3f5542992663a4f1f4,
hotpot_distractor_dev,validation,5adf5e285542992d7e9f9323,
hotpot_distractor_dev,validation,5a839cb9554299123d8c2169,
hotpot_distractor_dev,validation,5ae04a2755429924de1b7091,
hotpot_distractor_dev,validation,5a859a0c5542992a431d1b69,
hotpot_distractor_dev,validation,5ade02d05542997545bbbe0d,
hotpot_distractor_dev,validation,5abd001d5542993a06baf9f2,
hotpot_distractor_dev,validation,5ae5a3bb55429960a22e0314,
hotpot_distractor_dev,validation,5a86ec9f55429960ec39b6d7,
hotpot_distractor_dev,validation,5a8ee3a755429917b4a5be02,
hotpot_distractor_dev,validation,5a74397055429974ef308bbe,
hotpot_distractor_dev,validation,5a82360055429903bc27ba46,
hotpot_distractor_dev,validation,5ab94bc2554299743d22eacf,
hotpot_distractor_dev,validation,5ac131575542994d76dccdb6,
hotpot_distractor_dev,validation,5a75a76b5542992db9473697,
hotpot_distractor_dev,validation,5adc2ae5554299438c868d64,
hotpot_distractor_dev,validation,5ab52bd1554299637185c4ee,
hotpot_distractor_dev,validation,5abd2af955429933744ab74b,
hotpot_distractor_dev,validation,5a7bcd68554299294a54aaf0,
hotpot_distractor_dev,validation,5a8cefc155429941ae14df55,
hotpot_distractor_dev,validation,5a76334c5542994ccc918710,
hotpot_distractor_dev,validation,5a8c5d3f554299585d9e3675,
hotpot_distractor_dev,validation,5ae02b6c55429924de1b7044,
hotpot_distractor_dev,validation,5a88982155429938390d3f81,
hotpot_distractor_dev,validation,5ade3b925542992fa25da70a,
hotpot_distractor_dev,validation,5ac23f98554299636651994b,
hotpot_distractor_dev,validation,5a7cfb2755429907fabef084,
hotpot_distractor_dev,validation,5ae471fa55429970de88d965,
hotpot_distractor_dev,validation,5abec66b5542997ec76fd360,
hotpot_distractor_dev,validation,5a8e5a635542990e94052ae4,
hotpot_distractor_dev,validation,5a80db5055429938b6142218,
hotpot_distractor_dev,validation,5ac308135542990b17b154f4,
hotpot_distractor_dev,validation,5add3aaa5542992ae4cec500,
hotpot_distractor_dev,validation,5a7622d75542994ccc9186f1,
hotpot_distractor_dev,validation,5a8f03855542997ba9cb3186,
hotpot_distractor_dev,validation,5a74be7a55429929fddd84e4,
hotpot_distractor_dev,validation,5abd580855429924427fcfb8,
hotpot_distractor_dev,validation,5a88940055429938390d3f7b,
hotpot_distractor_dev,validation,5a7bacf35542997c3ec9724b,
hotpot_distractor_dev,validation,5ab93781554299131ca422c7,
hotpot_distractor_dev,validation,5a87100655429960ec39b71e,
hotpot_distractor_dev,validation,5a80abd15542996402f6a5e0,
hotpot_distractor_dev,validation,5a7ca55b55429907fabeefe0,
hotpot_distractor_dev,validation,5a8cc602554299653c1aa11a,
hotpot_distractor_dev,validation,5ab941c2554299743d22ea88,
hotpot_distractor_dev,validation,5add47bf5542992200553a7f,
hotpot_distractor_dev,validation,5abd13b655429924427fceea,
hotpot_distractor_dev,validation,5abffa095542990832d3a1de,
hotpot_distractor_dev,validation,5a7c02c45542996dd594b880,
hotpot_distractor_dev,validation,5a74512b55429974ef308bd5,
hotpot_distractor_dev,validation,5ae7c2dc5542994a481bbdd3,
hotpot_distractor_dev,validation,5ae22895554299495565da0c,
hotpot_distractor_dev,validation,5aba67c255429955dce3ee10,
hotpot_distractor_dev,validation,5ae1fd8a5542994d89d5b2ee,
hotpot_distractor_dev,validation,5a8a6b625542996c9b8d5ed9,
hotpot_distractor_dev,validation,5a90b2175542990a984936ae,
hotpot_distractor_dev,validation,5ae14cf05542990adbacf742,
hotpot_distractor_dev,validation,5add23d05542994734353871,
hotpot_distractor_dev,validation,5a7f1ad155429934daa2fce2,
hotpot_distractor_dev,validation,5a7fb90655429969796c1b34,
hotpot_distractor_dev,validation,5ab531e55542990594ba9d24,
hotpot_distractor_dev,validation,5a886b7555429938390d3f4d,
hotpot_distractor_dev,validation,5abee4ff5542993fe9a41d7d,
hotpot_distractor_dev,validation,5adbfffb5542994650320c39,
hotpot_distractor_dev,validation,5a7b63eb55429931da12ca7e,
hotpot_distractor_dev,validation,5ab3abe9554299753aec597e,
hotpot_distractor_dev,validation,5a87144155429960ec39b72b,
hotpot_distractor_dev,validation,5ae497595542995ad6573db7,
hotpot_distractor_dev,validation,5a72a47d55429901807daf1f,
hotpot_distractor_dev,validation,5ac05e035542992a796decf7,
hotpot_distractor_dev,validation,5ac1725c5542994d76dcce2c,
hotpot_distractor_dev,validation,5adec4695542992fa25da83a,
hotpot_distractor_dev,validation,5a8a32d65542992d82986ef4,
hotpot_distractor_dev,validation,5a846c005542990548d0b2b3,
hotpot_distractor_dev,validation,5a7dbb295542990b8f503a4b,
hotpot_distractor_dev,validation,5abb8a9b5542996cc5e4a016,
hotpot_distractor_dev,validation,5a7df1095542990b8f503afe,
hotpot_distractor_dev,validation,5ae5086d55429908b63264eb,
hotpot_distractor_dev,validation,5ae48aff5542996836b02cce,
hotpot_distractor_dev,validation,5a7ca95b55429935c91b5287,
hotpot_distractor_dev,validation,5a8b465855429949d91db522,
hotpot_distractor_dev,validation,5ae7a2e255429952e35ea99e,
hotpot_distractor_dev,validation,5ab250b9554299722f9b4cd9,
hotpot_distractor_dev,validation,5add3fe05542992c1e3a2580,
hotpot_distractor_dev,validation,5a8bd2965542997f31a41dd1,
hotpot_distractor_dev,validation,5a87b6215542996e4f3088d6,
hotpot_distractor_dev,validation,5a81b2505542995ce29dcc32,
hotpot_distractor_dev,validation,5a7cce4b554299683c1c6388,
hotpot_distractor_dev,validation,5ac2cb09554299657fa29066,
hotpot_distractor_dev,validation,5ab3acc5554299233954ff7e,
hotpot_distractor_dev,validation,5a7c465a5542990527d5547f,
hotpot_distractor_dev,validation,5ac3a0b25542993915413838,
hotpot_distractor_dev,validation,5ac3ba0455429939154138f2,
hotpot_distractor_dev,validation,5ab1d6545542997061209588,
hotpot_distractor_dev,validation,5abc23c45542993a06baf896,
hotpot_distractor_dev,validation,5a7b3fc155429931da12ca3a,
hotpot_distractor_dev,validation,5adc8cb45542994d58a2f651,
hotpot_distractor_dev,validation,5a82930655429966c78a6a5e,
hotpot_distractor_dev,validation,5ae09ea05542993d6555ebc1,
hotpot_distractor_dev,validation,5a85ecf25542991dd0999ec6,
hotpot_distractor_dev,validation,5ab572ff5542992aa134a31b,
hotpot_distractor_dev,validation,5a8e16a5554299068b959e58,
hotpot_distractor_dev,validation,5a71380c5542994082a3e68b,
hotpot_distractor_dev,validation,5ae794215542997ec27276a8,
hotpot_distractor_dev,validation,5adc3d7455429944faac248a,
hotpot_distractor_dev,validation,5a75e3845542994ccc91864e,
hotpot_distractor_dev,validation,5a794119554299029c4b5f3c,
hotpot_distractor_dev,validation,5abe250f5542991f661060ef,
hotpot_distractor_dev,validation,5a84cb255542991dd0999dfa,
hotpot_distractor_dev,validation,5a881cbb55429938390d3ee7,
hotpot_distractor_dev,validation,5a80b9df5542992bc0c4a7ec,
hotpot_distractor_dev,validation,5a8c62f5554299585d9e367b,
hotpot_distractor_dev,validation,5a74a62b55429916b01641a0,
hotpot_distractor_dev,validation,5ab463da5542990594ba9c0d,
hotpot_distractor_dev,validation,5ae7b40e5542994a481bbdbd,
hotpot_distractor_dev,validation,5a8601f855429960ec39b5fd,
hotpot_distractor_dev,validation,5ae8167b55429952e35eaa06,
hotpot_distractor_dev,validation,5adddce05542992200553b70,
hotpot_distractor_dev,validation,5a8e494e5542995a26add4c8,
hotpot_distractor_dev,validation,5a8d9de2554299068b959d62,
hotpot_distractor_dev,validation,5a7e6f295542991319bc94b1,
hotpot_distractor_dev,validation,5ae3992d5542994393b9e722,
hotpot_distractor_dev,validation,5ac406c155429919431738fc,
hotpot_distractor_dev,validation,5ab1e97f554299340b525427,
hotpot_distractor_dev,validation,5a8b05c855429949d91db46a,
hotpot_distractor_dev,validation,5ae3263455429928c4239634,
hotpot_distractor_dev,validation,5ac249f55542992f1f2b3831,
hotpot_distractor_dev,validation,5a9058e655429916514e747e,
hotpot_distractor_dev,validation,5ac371aa5542995ef918c191,
hotpot_distractor_dev,validation,5ac0f7df554299012d1db667,
hotpot_distractor_dev,validation,5ade1ddf55429939a52fe827,
hotpot_distractor_dev,validation,5ab9d7e4554299232ef4a21f,
hotpot_distractor_dev,validation,5ab9180b5542991b5579f0f3,
hotpot_distractor_dev,validation,5ab85f555542992aa3b8c8ca,
hotpot_distractor_dev,validation,5a77727555429972597f1540,
hotpot_distractor_dev,validation,5ab674ee5542995eadeefff2,
hotpot_distractor_dev,validation,5a838a3d554299123d8c215d,
hotpot_distractor_dev,validation,5a8be7735542997f31a41df2,
hotpot_distractor_dev,validation,5a7b55375542995eb53be91f,
hotpot_distractor_dev,validation,5a8297c055429954d2e2eb71,
hotpot_distractor_dev,validation,5a8af11a55429950cd6afc21,
hotpot_distractor_dev,validation,5a74879255429974ef308c1d,
hotpot_distractor_dev,validation,5a84d2ea5542992a431d1aa8,
hotpot_distractor_dev,validation,5ab913205542991b5579f0e0,
hotpot_distractor_dev,validation,5adc85b855429944faac24e9,
hotpot_distractor_dev,validation,5abe79c755429976d4830b2a,
hotpot_distractor_dev,validation,5a8f541e5542992414482a53,
hotpot_distractor_dev,validation,5a71148b5542994082a3e567,
hotpot_distractor_dev,validation,5ae33f9a5542990afbd1e0f1,
hotpot_distractor_dev,validation,5abbe40555429931dba145cd,
hotpot_distractor_dev,validation,5a8756f25542994775f607dc,
hotpot_distractor_dev,validation,5ae1c2d8554299234fd042ee,
hotpot_distractor_dev,validation,5adc83c65542994d58a2f623,
hotpot_distractor_dev,validation,5ae72ca35542991e8301cb92,
hotpot_distractor_dev,validation,5a8af92c55429950cd6afc33,
hotpot_distractor_dev,validation,5abfa2255542993fe9a41e18,
hotpot_distractor_dev,validation,5abafb6d5542992ccd8e7e92,
hotpot_distractor_dev,validation,5a8340fd55429954d2e2ec6b,
hotpot_distractor_dev,validation,5a7b493855429931da12ca58,
hotpot_distractor_dev,validation,5adfd01f55429925eb1afa9f,
hotpot_distractor_dev,validation,5ae5fd395542996de7b71ab3,
hotpot_distractor_dev,validation,5ae17f1e5542990adbacf7a6,
hotpot_distractor_dev,validation,5ae222ec5542996483e648ff,
hotpot_distractor_dev,validation,5ab5d2fe554299488d4d9a3e,
hotpot_distractor_dev,validation,5a864d9e5542994775f6073d,
hotpot_distractor_dev,validation,5abd920e55429924427fd05d,
hotpot_distractor_dev,validation,5ae07c6255429924de1b70d6,
hotpot_distractor_dev,validation,5abbe188554299642a094ba0,
hotpot_distractor_dev,validation,5adf3a0d5542992d7e9f92e8,
hotpot_distractor_dev,validation,5a7d1bf65542995ed0d165f0,
hotpot_distractor_dev,validation,5ab7268b5542992aa3b8c7b1,
hotpot_distractor_dev,validation,5ae4ebeb55429908b63264bb,
hotpot_distractor_dev,validation,5a714bb35542994082a3e78f,
hotpot_distractor_dev,validation,5a836a2d554299334474600f,
hotpot_distractor_dev,validation,5ae1d1995542997283cd226c,
hotpot_distractor_dev,validation,5ab965f25542996be20204c3,
hotpot_distractor_dev,validation,5a80f499554299260e20a1d9,
hotpot_distractor_dev,validation,5adcf3e35542994ed6169c3a,
hotpot_distractor_dev,validation,5adf92f15542995534e8c7f3,
hotpot_distractor_dev,validation,5a74e6e855429974ef308c8e,
hotpot_distractor_dev,validation,5adbd60855429944faac2377,
hotpot_distractor_dev,validation,5a7c99705542990527d554de,
hotpot_distractor_dev,validation,5ae3fcfc5542995dadf2428c,
hotpot_distractor_dev,validation,5ab9618f554299743d22eb28,
hotpot_distractor_dev,validation,5adf53dc5542995534e8c791,
hotpot_distractor_dev,validation,5adfecf0554299603e4183c3,
hotpot_distractor_dev,validation,5a8662b955429960ec39b687,
hotpot_distractor_dev,validation,5a8f8e4d55429918e830d260,
hotpot_distractor_dev,validation,5a8d08ee55429941ae14df70,
hotpot_distractor_dev,validation,5ae72e5d5542991e8301cba8,
hotpot_distractor_dev,validation,5ae2979a554299495565dade,
hotpot_distractor_dev,validation,5ae764a85542997b22f6a720,
hotpot_distractor_dev,validation,5a8510a25542994c784ddaf0,
hotpot_distractor_dev,validation,5a7600275542994ccc91867a,
hotpot_distractor_dev,validation,5ae0ee2c5542993d6555eca3,
hotpot_distractor_dev,validation,5adccaca5542994d58a2f6d5,
hotpot_distractor_dev,validation,5a88a35c554299206df2b316,
hotpot_distractor_dev,validation,5a8367c1554299334474600e,
hotpot_distractor_dev,validation,5ae1f17e554299234fd04349,
hotpot_distractor_dev,validation,5a8889405542997e5c09a5f9,
hotpot_distractor_dev,validation,5a71224f5542994082a3e5c1,
hotpot_distractor_dev,validation,5ab7e3c45542995dae37e9db,
hotpot_distractor_dev,validation,5a8c8f24554299653c1aa0ba,
hotpot_distractor_dev,validation,5ae73eca5542991e8301cc37,
hotpot_distractor_dev,validation,5ab285d1554299449642c8dd,
hotpot_distractor_dev,validation,5ac11a8d5542992a796dedee,
hotpot_distractor_dev,validation,5a81b4cc5542995ce29dcc3c,
hotpot_distractor_dev,validation,5ae142c455429920d5234355,
hotpot_distractor_dev,validation,5a8651185542994775f60752,
hotpot_distractor_dev,validation,5ae80d25554299540e5a5709,
hotpot_distractor_dev,validation,5abbd12b55429931dba14577,
hotpot_distractor_dev,validation,5ac1218c55429964131be15c,
hotpot_distractor_dev,validation,5adf1c3f5542993a75d263ec,
hotpot_distractor_dev,validation,5ade03da5542997dc7907120,
hotpot_distractor_dev,validation,5ae55e6855429960a22e02d0,
hotpot_distractor_dev,validation,5a7b177b55429927d897bf35,
hotpot_distractor_dev,validation,5ab67f4c55429953192ad2d9,
hotpot_distractor_dev,validation,5a8db9b3554299068b959dde,
hotpot_distractor_dev,validation,5a88f0d455429946c8d6e8dc,
hotpot_distractor_dev,validation,5ae336495542990afbd1e0e1,
hotpot_distractor_dev,validation,5adc2f53554299438c868d6d,
hotpot_distractor_dev,validation,5ac24cea55429951e9e6853a,
hotpot_distractor_dev,validation,5ab600fb554299488d4d9a82,
hotpot_distractor_dev,validation,5a8c6d4e5542996e8ac88aa6,
hotpot_distractor_dev,validation,5ac005a15542997719eab6fc,
hotpot_distractor_dev,validation,5abdc74755429965af743e36,
hotpot_distractor_dev,validation,5a8e06785542995085b37383,
hotpot_distractor_dev,validation,5a8bf0835542995d1e6f146b,
hotpot_distractor_dev,validation,5a8f25ed5542997ba9cb31f0,
hotpot_distractor_dev,validation,5a8e024f5542995085b37375,
hotpot_distractor_dev,validation,5a8b14125542992d82986fd5,
hotpot_distractor_dev,validation,5aba6d0f55429955dce3ee19,
hotpot_distractor_dev,validation,5ab71b5c5542991d3222377e,
hotpot_distractor_dev,validation,5a8e0dbd554299068b959e3e,
hotpot_distractor_dev,validation,5ae356045542990afbd1e10d,
hotpot_distractor_dev,validation,5ae075455542993d6555eb59,
hotpot_distractor_dev,validation,5a90503755429916514e7470,
hotpot_distractor_dev,validation,5a75377c55429929fddd8514,
hotpot_distractor_dev,validation,5a7eec6f55429934daa2fc7c,
hotpot_distractor_dev,validation,5a77863555429949eeb29ec6,
hotpot_distractor_dev,validation,5ab6e8e6554299710c8d1faf,
hotpot_distractor_dev,validation,5a7d47da5542990b8f503975,
hotpot_distractor_dev,validation,5abced075542993a06baf9ac,
hotpot_distractor_dev,validation,5a71646e5542994082a3e80e,
hotpot_distractor_dev,validation,5abd9b5255429924427fd06a,
hotpot_distractor_dev,validation,5ac017f4554299012d1db5a2,
hotpot_distractor_dev,validation,5ae791cf55429952e35ea978,
hotpot_distractor_dev,validation,5ae612f3554299546bf83065,
hotpot_distractor_dev,validation,5a84eecd5542994c784dda8e,
hotpot_distractor_dev,validation,5a7eb22655429930675135cb,
hotpot_distractor_dev,validation,5a7f6f4b5542994857a76740,
hotpot_distractor_dev,validation,5aba5e2555429955dce3edf1,
hotpot_distractor_dev,validation,5ae4eb9255429908b63264ba,
hotpot_distractor_dev,validation,5ab8ffc655429934fafe6e30,
hotpot_distractor_dev,validation,5ac05c245542992a796dece5,
hotpot_distractor_dev,validation,5a8c03415542995e66a4752a,
hotpot_distractor_dev,validation,5adf715b5542992d7e9f9354,
hotpot_distractor_dev,validation,5a73520c5542994cef4bc53f,
hotpot_distractor_dev,validation,5addb0335542995b365fab5e,
hotpot_distractor_dev,validation,5a8b6eba55429950cd6afcfc,
hotpot_distractor_dev,validation,5a89e3995542992e4fca844d,
hotpot_distractor_dev,validation,5a7ce444554299683c1c63c1,
hotpot_distractor_dev,validation,5a8af56855429950cd6afc2f,
hotpot_distractor_dev,validation,5a882ffb5542994846c1ce0d,
hotpot_distractor_dev,validation,5ac3b4e0554299741d48a2ec,
hotpot_distractor_dev,validation,5ac0223f5542992a796dec9f,
hotpot_distractor_dev,validation,5ab4f8c95542990594ba9cbb,
hotpot_distractor_dev,validation,5a776cfa5542993735360274,
hotpot_distractor_dev,validation,5ae824295542997ec272772f,
hotpot_distractor_dev,validation,5a7561495542992db947364e,
hotpot_distractor_dev,validation,5ab8764155429919ba4e22fe,
hotpot_distractor_dev,validation,5a8b6ee255429950cd6afcfd,
hotpot_distractor_dev,validation,5a8031d05542996402f6a47c,
hotpot_distractor_dev,validation,5a7bf3da5542996dd594b869,
hotpot_distractor_dev,validation,5ab78e2e55429928e1fe387d,
hotpot_distractor_dev,validation,5a8f5bb45542992414482a77,
hotpot_distractor_dev,validation,5ae0f3b955429920d523424e,
hotpot_distractor_dev,validation,5a716c415542994082a3e827,
hotpot_distractor_dev,validation,5ae0945d55429906c02daadd,
hotpot_distractor_dev,validation,5ae0335655429925eb1afc28,
hotpot_distractor_dev,validation,5a819e2755429903bc27b988,
hotpot_distractor_dev,validation,5a74f7405542996c70cfae59,
hotpot_distractor_dev,validation,5ae096d755429906c02daadf,
hotpot_distractor_dev,validation,5ade1eda55429975fa854e71,
hotpot_distractor_dev,validation,5a80c01855429938b61421b8,
hotpot_distractor_dev,validation,5a87184a5542991e771816c5,
hotpot_distractor_dev,validation,5a77d12755429967ab1052b8,
hotpot_distractor_dev,validation,5a80b9ae5542992bc0c4a7eb,
hotpot_distractor_dev,validation,5a77d3f555429967ab1052c5,
hotpot_distractor_dev,validation,5ae121315542997b2ef7d0ee,
hotpot_distractor_dev,validation,5abfde655542997719eab6f2,
hotpot_distractor_dev,validation,5adc82fc554299438c868dce,
hotpot_distractor_dev,validation,5ade1f1c55429939a52fe82d,
hotpot_distractor_dev,validation,5a77a7565542995d83181249,
hotpot_distractor_dev,validation,5a8c743e5542996e8ac88ab3,
hotpot_distractor_dev,validation,5ab2af1655429929539467eb,
hotpot_distractor_dev,validation,5a7e08b55542997cc2c474fe,
hotpot_distractor_dev,validation,5a80799b5542992bc0c4a72e,
hotpot_distractor_dev,validation,5a8789115542994846c1cd9a,
hotpot_distractor_dev,validation,5a7c572655429935c91b5166,
hotpot_distractor_dev,validation,5a9051615542995651fb5136,
hotpot_distractor_dev,validation,5a7e60a855429949594199ae,
hotpot_distractor_dev,validation,5abbf64055429965836003bc,
hotpot_distractor_dev,validation,5ab8284d5542990e739ec83f,
hotpot_distractor_dev,validation,5a808cbd5542996402f6a54b,
hotpot_distractor_dev,validation,5a7a01b15542996c55b2dcd1,
hotpot_distractor_dev,validation,5ae4d7fc5542990ba0bbb16f,
hotpot_distractor_dev,validation,5a79caad5542994f819ef09f,
hotpot_distractor_dev,validation,5ae153915542990adbacf752,
hotpot_distractor_dev,validation,5a87f3cb5542994846c1ce03,
hotpot_distractor_dev,validation,5abd455c55429924427fcf5a,
hotpot_distractor_dev,validation,5a739ef955429978a71e904b,
hotpot_distractor_dev,validation,5abd889f55429924427fd046,
hotpot_distractor_dev,validation,5ac536485542996feb3fea2e,
hotpot_distractor_dev,validation,5adff45c55429925eb1afb8c,
hotpot_distractor_dev,validation,5a79e3555542994bb945712f,
hotpot_distractor_dev,validation,5ae4bbf05542995ad6573e32,
hotpot_distractor_dev,validation,5a8682755542996432c571cf,
hotpot_distractor_dev,validation,5a82f35f5542995ce29dcd14,
hotpot_distractor_dev,validation,5ae6453e55429908198fa56c,
hotpot_distractor_dev,validation,5a78a7025542990784727710,
hotpot_distractor_dev,validation,5ae37ec25542990afbd1e178,
hotpot_distractor_dev,validation,5ae55a4e5542990ba0bbb285,
hotpot_distractor_dev,validation,5ab69e4f554299710c8d1eee,
hotpot_distractor_dev,validation,5add39ca5542992ae4cec4fb,
hotpot_distractor_dev,validation,5adcfe7f5542992c1e3a24f1,
hotpot_distractor_dev,validation,5a72b2dc5542992359bc3173,
hotpot_distractor_dev,validation,5ae122465542997b2ef7d0f4,
hotpot_distractor_dev,validation,5abfce075542994516f454f7,
hotpot_distractor_dev,validation,5a8abb115542992d82986f66,
hotpot_distractor_dev,validation,5ac49a1c5542996feb3fe905,
hotpot_distractor_dev,validation,5ae1fced5542997283cd230e,
hotpot_distractor_dev,validation,5a7b1c6b55429931da12c9ca,
hotpot_distractor_dev,validation,5a807e6f5542995d8a8ddf80,
hotpot_distractor_dev,validation,5a712fca5542994082a3e641,
hotpot_distractor_dev,validation,5a771d6155429966f1a36c6d,
hotpot_distractor_dev,validation,5ae2ad6b5542996483e64a3d,
hotpot_distractor_dev,validation,5a8f137355429918e830d180,
hotpot_distractor_dev,validation,5ae4f6c755429960a22e022a,
hotpot_distractor_dev,validation,5a8dd47c5542995a26add3fa,
hotpot_distractor_dev,validation,5ab3d764554299233954ffc7,
hotpot_distractor_dev,validation,5ab30f9a554299233954fef2,
hotpot_distractor_dev,validation,5a8af0a355429950cd6afc1c,
hotpot_distractor_dev,validation,5a85018d5542997b5ce3ff98,
hotpot_distractor_dev,validation,5adc6c4c5542994650320ce0,
hotpot_distractor_dev,validation,5a73b8d655429908901be31f,
hotpot_distractor_dev,validation,5ab30ebf554299753aec592c,
hotpot_distractor_dev,validation,5ab41b8c5542996a3a969f40,
hotpot_distractor_dev,validation,5ab52cb2554299637185c4f1,
hotpot_distractor_dev,validation,5ae52ba755429908b6326538,
hotpot_distractor_dev,validation,5a88be405542997e5c09a6ab,
hotpot_distractor_dev,validation,5ae13bf1554299422ee99634,
hotpot_distractor_dev,validation,5ae785685542994a481bbd47,
hotpot_distractor_dev,validation,5abd247e5542996e802b472f,
hotpot_distractor_dev,validation,5a81ff1a554299676cceb1c2,
hotpot_distractor_dev,validation,5a890b895542995153361278,
hotpot_distractor_dev,validation,5ae31d5a5542990afbd1e0b1,
hotpot_distractor_dev,validation,5add4fd15542992200553a98,
hotpot_distractor_dev,validation,5a8f6fbf5542992414482acd,
hotpot_distractor_dev,validation,5a8841a35542994846c1ce69,
hotpot_distractor_dev,validation,5a8b3c5b55429971feec4684,
hotpot_distractor_dev,validation,5a730abe5542994cef4bc42f,
hotpot_distractor_dev,validation,5a7c76275542990527d554b4,
hotpot_distractor_dev,validation,5a8df72055429917b4a5bcf2,
hotpot_distractor_dev,validation,5ac471305542991943173998,
hotpot_distractor_dev,validation,5a79dae35542994f819ef0d3,
hotpot_distractor_dev,validation,5a85e57a5542994c784ddbb1,
hotpot_distractor_dev,validation,5a84c89a5542992a431d1a9c,
hotpot_distractor_dev,validation,5adbf3fa554299438c868ce0,
hotpot_distractor_dev,validation,5a8cacac554299585d9e3716,
hotpot_distractor_dev,validation,5ab672165542995eadeeffe0,
hotpot_distractor_dev,validation,5a7fa0d55542995d8a8dded3,
hotpot_distractor_dev,validation,5a7cb8bc554299452d57b9be,
hotpot_distractor_dev,validation,5ae4957155429970de88d9bc,
hotpot_distractor_dev,validation,5a7d052255429909bec768fd,
hotpot_distractor_dev,validation,5ab862f95542992aa3b8c8d4,
hotpot_distractor_dev,validation,5ab692b5554299710c8d1ed6,
hotpot_distractor_dev,validation,5ab87b2955429934fafe6df4,
hotpot_distractor_dev,validation,5ae82c3d55429952e35eaa75,
hotpot_distractor_dev,validation,5ae326d85542991a06ce9938,
hotpot_distractor_dev,validation,5ade03c65542990dbb2f7f2e,
hotpot_distractor_dev,validation,5add7c455542990dbb2f7e5f,
hotpot_distractor_dev,validation,5adc54085542994650320cce,
hotpot_distractor_dev,validation,5ade04465542990dbb2f7f2f,
hotpot_distractor_dev,validation,5a7384755542992d56e7e354,
hotpot_distractor_dev,validation,5a7dedb55542995f4f402317,
hotpot_distractor_dev,validation,5a77e70f5542992a6e59dfeb,
hotpot_distractor_dev,validation,5a801e68554299485f59856f,
hotpot_distractor_dev,validation,5adcd4325542994d58a2f6ed,
hotpot_distractor_dev,validation,5ae368715542991a06ce99bd,
hotpot_distractor_dev,validation,5ab9753055429970cfb8eb0b,
hotpot_distractor_dev,validation,5a8031c1554299485f598585,
hotpot_distractor_dev,validation,5ab6266555429953192ad277,
hotpot_distractor_dev,validation,5a76b56d554299373536017b,
hotpot_distractor_dev,validation,5a84be095542992a431d1a97,
hotpot_distractor_dev,validation,5ab520dd5542996a3a96a02c,
hotpot_distractor_dev,validation,5a8ce88c55429941ae14df3b,
hotpot_distractor_dev,validation,5a7647b85542992d0ec0608a,
hotpot_distractor_dev,validation,5a74702555429929fddd8428,
hotpot_distractor_dev,validation,5a73626b55429901807db01e,
hotpot_distractor_dev,validation,5ae1ab715542997f29b3c0f7,
hotpot_distractor_dev,validation,5ae1d5a3554299234fd04319,
hotpot_distractor_dev,validation,5ae1f79f5542997283cd2302,
hotpot_distractor_dev,validation,5ab7c6995542993667794005,
hotpot_distractor_dev,validation,5a8197905542995ce29dcc10,
hotpot_distractor_dev,validation,5a83cce95542996488c2e4d6,
hotpot_distractor_dev,validation,5a8019db5542992097ad2fd5,
hotpot_distractor_dev,validation,5adec7925542995534e8c70d,
hotpot_distractor_dev,validation,5ab5487b554299494045ef68,
hotpot_distractor_dev,validation,5adff1a255429925eb1afb5e,
hotpot_distractor_dev,validation,5a8cbce1554299653c1aa103,
hotpot_distractor_dev,validation,5aba9e235542994dbf019984,
hotpot_distractor_dev,validation,5a77cba65542995d831812e2,
hotpot_distractor_dev,validation,5ae27df25542992decbdcd2a,
hotpot_distractor_dev,validation,5a7309a15542992359bc320c,
hotpot_distractor_dev,validation,5ae3e0535542992e3233c496,
hotpot_distractor_dev,validation,5abc6fba554299700f9d78c7,
hotpot_distractor_dev,validation,5a75083b5542996c70cfae7e,
hotpot_distractor_dev,validation,5ade04d75542997dc7907125,
hotpot_distractor_dev,validation,5a7f567e5542992097ad2f22,
hotpot_distractor_dev,validation,5ae0ce4e554299603e41845f,
hotpot_distractor_dev,validation,5abd93115542996e802b47e0,
hotpot_distractor_dev,validation,5a734db15542994cef4bc523,
hotpot_distractor_dev,validation,5a876a4a5542993e715abf30,
hotpot_distractor_dev,validation,5a807ca5554299485f598613,
hotpot_distractor_dev,validation,5a8badef554299240d9c2080,
hotpot_distractor_dev,validation,5a771ead55429966f1a36c7c,
hotpot_distractor_dev,validation,5ae07db855429945ae95937a,
hotpot_distractor_dev,validation,5adc94dc5542990d50227cad,
hotpot_distractor_dev,validation,5a87b2fc5542996e4f3088d0,
hotpot_distractor_dev,validation,5a81108855429926c1cdace2,
hotpot_distractor_dev,validation,5ab7c24e5542995dae37e998,
hotpot_distractor_dev,validation,5ab3b42c5542992ade7c6e4f,
hotpot_distractor_dev,validation,5ac15c1c5542994ab5c67cf7,
hotpot_distractor_dev,validation,5a843b045542996488c2e518,
hotpot_distractor_dev,validation,5ac2a20055429967731025cb,
hotpot_distractor_dev,validation,5ab29624554299545a2cf9b5,
hotpot_distractor_dev,validation,5a7143625542994082a3e71e,
hotpot_distractor_dev,validation,5a76139b5542994ccc9186be,
hotpot_distractor_dev,validation,5a8ef1e35542995a26add57a,
hotpot_distractor_dev,validation,5a8f7c9a55429918e830d239,
hotpot_distractor_dev,validation,5adfc8f45542992d7e9f93d0,
hotpot_distractor_dev,validation,5ab5cdb85542997d4ad1f1e0,
hotpot_distractor_dev,validation,5a7d043755429909bec768f7,
hotpot_distractor_dev,validation,5adc597d55429947ff17392f,
hotpot_distractor_dev,validation,5abc436f5542993a06baf8c3,
hotpot_distractor_dev,validation,5ae7a6da5542994a481bbdb9,
hotpot_distractor_dev,validation,5a8ed87955429917b4a5bdd2,
hotpot_distractor_dev,validation,5a7da4865542990b8f5039ed,
hotpot_distractor_dev,validation,5a7350585542992359bc32f9,
hotpot_distractor_dev,validation,5ae54b6355429908b63265cc,
hotpot_distractor_dev,validation,5abd74c95542993062266ca2,
hotpot_distractor_dev,validation,5a79120755429974737f7966,
hotpot_distractor_dev,validation,5abd6f0855429933744ab7d5,
hotpot_distractor_dev,validation,5a8c52685542995e66a475bb,
hotpot_distractor_dev,validation,5ae3e84b5542996836b02bf0,
hotpot_distractor_dev,validation,5a7148d25542994082a3e766,
hotpot_distractor_dev,validation,5a78ad26554299148911f913,
hotpot_distractor_dev,validation,5ac0714f554299294b218fe1,
hotpot_distractor_dev,validation,5ae2a9c6554299492dc91c42,
hotpot_distractor_dev,validation,5add18345542994ed6169c7e,
hotpot_distractor_dev,validation,5a7f40de5542992e7d278cc8,
hotpot_distractor_dev,validation,5abdb10f55429965af743dc9,
hotpot_distractor_dev,validation,5ab6633b55429954757d3278,
hotpot_distractor_dev,validation,5abb2a5f5542996cc5e49fca,
hotpot_distractor_dev,validation,5a81fbc25542990a1d231f09,
hotpot_distractor_dev,validation,5abde7ba5542991f6610609e,
hotpot_distractor_dev,validation,5ab2c6d955429916697740c3,
hotpot_distractor_dev,validation,5a81fa59554299676cceb1b0,
hotpot_distractor_dev,validation,5adcdf455542994ed6169c11,
hotpot_distractor_dev,validation,5ab5d6155542997d4ad1f1fa,
hotpot_distractor_dev,validation,5ab480c45542990594ba9c36,
hotpot_distractor_dev,validation,5a7fc6e45542992e7d278d73,
hotpot_distractor_dev,validation,5ac0784e554299294b218ff6,
hotpot_distractor_dev,validation,5add56ad5542992200553abf,
hotpot_distractor_dev,validation,5ac29f58554299657fa28fe4,
hotpot_distractor_dev,validation,5ade6acf554299728e26c71a,
hotpot_distractor_dev,validation,5ac179bf5542994ab5c67d60,
hotpot_distractor_dev,validation,5a78d2b955429974737f78c0,
hotpot_distractor_dev,validation,5a84aca95542992a431d1a89,
hotpot_distractor_dev,validation,5ae5b81d5542990ba0bbb2c2,
hotpot_distractor_dev,validation,5ae762835542997b22f6a711,
hotpot_distractor_dev,validation,5ac4d717554299076e296e0e,
hotpot_distractor_dev,validation,5a83b4d35542996488c2e495,
hotpot_distractor_dev,validation,5ab5cb4f554299637185c616,
hotpot_distractor_dev,validation,5a73266d5542994cef4bc47d,
hotpot_distractor_dev,validation,5a9094ba55429933b8a2056d,
hotpot_distractor_dev,validation,5abbb42555429931dba144af,
hotpot_distractor_dev,validation,5add43335542995b365faae1,
hotpot_distractor_dev,validation,5ae7535c5542997b22f6a6d8,
hotpot_distractor_dev,validation,5ae226755542996483e64906,
hotpot_distractor_dev,validation,5ab21682554299722f9b4ca9,
hotpot_distractor_dev,validation,5ab7f22a5542991d322237d4,
hotpot_distractor_dev,validation,5a8268aa55429940e5e1a8aa,
hotpot_distractor_dev,validation,5adc8ab05542994d58a2f642,
hotpot_distractor_dev,validation,5a84bb825542991dd0999dbe,
hotpot_distractor_dev,validation,5a89a74e554299669944a562,
hotpot_distractor_dev,validation,5a9051d955429916514e7474,
hotpot_distractor_dev,validation,5add5ac95542992200553ace,
hotpot_distractor_dev,validation,5ac34fdb554299741d48a24a,
hotpot_distractor_dev,validation,5a7d26fd554299452d57bb2a,
hotpot_distractor_dev,validation,5ab5052a5542990594ba9ccf,
hotpot_distractor_dev,validation,5ab5627b5542992aa134a2ff,
hotpot_distractor_dev,validation,5a83316b5542993344745fe5,
hotpot_distractor_dev,validation,5a7cd7f055429909bec7683e,
hotpot_distractor_dev,validation,5ae6f1675542991bbc9761a1,
hotpot_distractor_dev,validation,5abf1e825542997ec76fd3cb,
hotpot_distractor_dev,validation,5ab416a25542996a3a969f28,
hotpot_distractor_dev,validation,5abb2f2f554299232ef4a3d7,
hotpot_distractor_dev,validation,5abb8e2d554299642a094aa4,
hotpot_distractor_dev,validation,5a8dae82554299068b959d99,
hotpot_distractor_dev,validation,5ac41f1d5542991943173924,
hotpot_distractor_dev,validation,5ae2aa345542996483e64a25,
hotpot_distractor_dev,validation,5a77aa8655429949eeb29f22,
hotpot_distractor_dev,validation,5ae4083755429970de88d885,
hotpot_distractor_dev,validation,5ae0847455429945ae959394,
hotpot_distractor_dev,validation,5ab761d955429928e1fe3856,
hotpot_distractor_dev,validation,5a7e801b5542997cc2c47557,
hotpot_distractor_dev,validation,5ae1e11c554299234fd04335,
hotpot_distractor_dev,validation,5ab9dd1f554299232ef4a22d,
hotpot_distractor_dev,validation,5a88341c5542994846c1ce20,
hotpot_distractor_dev,validation,5a8baf635542996e8ac889c6,
hotpot_distractor_dev,validation,5a7f1e805542993067513640,
hotpot_distractor_dev,validation,5adf67e95542993344016c72,
hotpot_distractor_dev,validation,5ae33bdc5542992f92d8225e,
hotpot_distractor_dev,validation,5abbfc2b554299642a094bc9,
hotpot_distractor_dev,validation,5ae69e6d5542996d980e7c62,
hotpot_distractor_dev,validation,5ae75e335542991e8301cc70,
hotpot_distractor_dev,validation,5ac3a2f35542993915413856,
hotpot_distractor_dev,validation,5ab4eecb55429942dd415faa,
hotpot_distractor_dev,validation,5adfeeed55429925eb1afb44,
hotpot_distractor_dev,validation,5ac00cde554299012d1db58a,
hotpot_distractor_dev,validation,5a7bd286554299683c1c62bd,
hotpot_distractor_dev,validation,5a8a38135542996c9b8d5e59,
hotpot_distractor_dev,validation,5a8b2ccf55429971feec4665,
hotpot_distractor_dev,validation,5ac509e95542994611c8b333,
hotpot_distractor_dev,validation,5a78c56455429974737f7876,
hotpot_distractor_dev,validation,5adf5c175542995ec70e8fd0,
hotpot_distractor_dev,validation,5ae786c8554299540e5a55d7,
hotpot_distractor_dev,validation,5a78abbc554299148911f90c,
hotpot_distractor_dev,validation,5ab6d9b25542995eadef00c8,
hotpot_distractor_dev,validation,5ae7cea355429952e35ea9c1,
hotpot_distractor_dev,validation,5ae470815542996836b02c9f,
hotpot_distractor_dev,validation,5ae1fd995542997283cd2313,
hotpot_distractor_dev,validation,5a793bc95542994bb9456fc3,
hotpot_distractor_dev,validation,5a8f25ba55429924144829e9,
hotpot_distractor_dev,validation,5a7f4cb055429969796c1a02,
hotpot_distractor_dev,validation,5ac2381355429951e9e684a9,
hotpot_distractor_dev,validation,5a74ee175542996c70cfae41,
hotpot_distractor_dev,validation,5a77b6535542995d83181274,
hotpot_distractor_dev,validation,5a8a39195542992d82986f04,
hotpot_distractor_dev,validation,5ab431d855429942dd415ed2,
hotpot_distractor_dev,validation,5a8efef05542997ba9cb3178,
hotpot_distractor_dev,validation,5a8aecff55429950cd6afbef,
hotpot_distractor_dev,validation,5a7243915542990c210a4086,
hotpot_distractor_dev,validation,5a73235c5542994cef4bc475,
hotpot_distractor_dev,validation,5ac285335542996773102552,
hotpot_distractor_dev,validation,5a75d9c05542992db94736f6,
hotpot_distractor_dev,validation,5ae51fa25542992663a4f11f,
hotpot_distractor_dev,validation,5a7fc03d5542992097ad2fbc,
hotpot_distractor_dev,validation,5ae1bf46554299234fd042e6,
hotpot_distractor_dev,validation,5a80a1b25542992bc0c4a78c,
hotpot_distractor_dev,validation,5a7f9cbd5542994857a7677c,
hotpot_distractor_dev,validation,5abb8ebe5542993f40c73b2d,
hotpot_distractor_dev,validation,5ab91dc555429919ba4e23b4,
hotpot_distractor_dev,validation,5ab5ec2a5542992aa134a3e3,
hotpot_distractor_dev,validation,5a80e03e55429938b614222c,
hotpot_distractor_dev,validation,5ab82d095542990e739ec853,
hotpot_distractor_dev,validation,5a89dc81554299669944a5dc,
hotpot_distractor_dev,validation,5a8effb55542997ba9cb317f,
hotpot_distractor_dev,validation,5ab3ede755429976abd1bcf4,
hotpot_distractor_dev,validation,5a7d2afb554299452d57bb41,
hotpot_distractor_dev,validation,5a8f1cfa554299458435d581,
hotpot_distractor_dev,validation,5ac2768d5542990b17b153a8,
hotpot_distractor_dev,validation,5ae4ce835542990ba0bbb14d,
hotpot_distractor_dev,validation,5a8a77fd55429930ff3c0de3,
hotpot_distractor_dev,validation,5ab1c2bf5542997061209558,
hotpot_distractor_dev,validation,5a758aff5542992d0ec05fb2,
hotpot_distractor_dev,validation,5a88d7875542993b751ca876,
hotpot_distractor_dev,validation,5ae12bcc5542997b2ef7d11a,
hotpot_distractor_dev,validation,5ac52f8e5542996feb3fea14,
hotpot_distractor_dev,validation,5a7d41425542997cc2c4743b,
hotpot_distractor_dev,validation,5ab3b7c555429969a97a8190,
hotpot_distractor_dev,validation,5a7d72bb5542990b8f50398e,
hotpot_distractor_dev,validation,5a89ec7b5542992e4fca8483,
hotpot_distractor_dev,validation,5abd8ac25542993062266cc2,
hotpot_distractor_dev,validation,5ac2610f55429951e9e68593,
hotpot_distractor_dev,validation,5a85ee635542994775f606b4,
hotpot_distractor_dev,validation,5a7a96555542990198eaf159,
hotpot_distractor_dev,validation,5ae53c9655429960a22e0290,
hotpot_distractor_dev,validation,5adf8c965542993344016cf5,
hotpot_distractor_dev,validation,5a8e39475542995085b373f1,
hotpot_distractor_dev,validation,5a74e5aa5542996c70cfae2e,
hotpot_distractor_dev,validation,5ab2a32f554299706120967b,
hotpot_distractor_dev,validation,5add1d575542992c1e3a2540,
hotpot_distractor_dev,validation,5ac3b62b554299741d48a2f6,
hotpot_distractor_dev,validation,5a832f9d5542993344745fe4,
hotpot_distractor_dev,validation,5a7a919455429941d65f26b5,
hotpot_distractor_dev,validation,5a7145d55542994082a3e73c,
hotpot_distractor_dev,validation,5abd04bd5542992ac4f381a9,
hotpot_distractor_dev,validation,5a87bc3f5542996432c57275,
hotpot_distractor_dev,validation,5ab27287554299722f9b4d2c,
hotpot_distractor_dev,validation,5ab9dd9a554299232ef4a231,
hotpot_distractor_dev,validation,5a8ed30655429917b4a5bdcd,
hotpot_distractor_dev,validation,5a8f06075542995b44241f2d,
hotpot_distractor_dev,validation,5adcea3755429947343537ca,
hotpot_distractor_dev,validation,5a8ac02d5542996c9b8d5f6f,
hotpot_distractor_dev,validation,5a7b8d4955429927d897bfeb,
hotpot_distractor_dev,validation,5ab3bb7b55429969a97a8198,
hotpot_distractor_dev,validation,5ae03cd855429924de1b7072,
hotpot_distractor_dev,validation,5aba549f554299232ef4a290,
hotpot_distractor_dev,validation,5adea95055429939a52fe931,
hotpot_distractor_dev,validation,5a808f3f5542992097ad2ffd,
hotpot_distractor_dev,validation,5a8d0e305542994ba4e3dbbe,
hotpot_distractor_dev,validation,5a8e17ce554299653c1aa169,
hotpot_distractor_dev,validation,5ab6c94c554299710c8d1f5e,
hotpot_distractor_dev,validation,5adbf81a554299438c868cfd,
hotpot_distractor_dev,validation,5a79fe3b5542994f819ef119,
hotpot_distractor_dev,validation,5adf80605542995534e8c7d2,
hotpot_distractor_dev,validation,5ab2c418554299545a2cfa67,
hotpot_distractor_dev,validation,5add2eab5542992ae4cec4da,
hotpot_distractor_dev,validation,5abd6be55542993062266c89,
hotpot_distractor_dev,validation,5ae849cc5542997ec2727798,
hotpot_distractor_dev,validation,5a7cb993554299452d57b9c2,
hotpot_distractor_dev,validation,5abfaa445542990832d3a18c,
hotpot_distractor_dev,validation,5a7f251155429934daa2fcf2,
hotpot_distractor_dev,validation,5ae13e205542997b2ef7d157,
hotpot_distractor_dev,validation,5ae08dad55429945ae9593b9,
hotpot_distractor_dev,validation,5a86eee85542994775f60787,
hotpot_distractor_dev,validation,5adc51375542996e68525300,
hotpot_distractor_dev,validation,5ac5461d5542993e66e82296,
hotpot_distractor_dev,validation,5a735c3a55429901807daff7,
hotpot_distractor_dev,validation,5a778e8755429949eeb29ef4,
hotpot_distractor_dev,validation,5ae3f33e5542991a06ce9a3d,
hotpot_distractor_dev,validation,5ab41f6b5542991751b4d671,
hotpot_distractor_dev,validation,5ac38d1f55429939154137c3,
hotpot_distractor_dev,validation,5ab9530a55429970cfb8ea62,
hotpot_distractor_dev,validation,5ab8680755429934fafe6da8,
hotpot_distractor_dev,validation,5a74e8a25542996c70cfae37,
hotpot_distractor_dev,validation,5a87bd4e5542994846c1cde0,
hotpot_distractor_dev,validation,5ab4c8735542996a3a969fcb,
hotpot_distractor_dev,validation,5a89bcc85542992e4fca83a7,
hotpot_distractor_dev,validation,5a8f9cdb554299458435d69c,
hotpot_distractor_dev,validation,5ae45adc55429970de88d93f,
hotpot_distractor_dev,validation,5a8ec02e5542995a26add501,
hotpot_distractor_dev,validation,5a8e0c595542995085b373b0,
hotpot_distractor_dev,validation,5abec90a5542994516f45438,
hotpot_distractor_dev,validation,5a7b68a75542997c3ec97153,
hotpot_distractor_dev,validation,5a7360235542991f29ee2dc7,
hotpot_distractor_dev,validation,5a775e095542994aec3b72b4,
hotpot_distractor_dev,validation,5a90206155429933b8a20481,
hotpot_distractor_dev,validation,5ae5d19155429929b08079bc,
hotpot_distractor_dev,validation,5ab3a83d5542992ade7c6e08,
hotpot_distractor_dev,validation,5a722a6855429971e9dc9320,
hotpot_distractor_dev,validation,5a77c58b55429967ab105281,
hotpot_distractor_dev,validation,5ae7473f5542991bbc9761d2,
hotpot_distractor_dev,validation,5adf8f675542995534e8c7eb,
hotpot_distractor_dev,validation,5abf0bf95542997719eab63a,
hotpot_distractor_dev,validation,5a7b9a8a554299042af8f78d,
hotpot_distractor_dev,validation,5ab439bd55429942dd415eee,
hotpot_distractor_dev,validation,5a72df275542992359bc31b3,
hotpot_distractor_dev,validation,5a8740ee5542994846c1cd35,
hotpot_distractor_dev,validation,5ae4ad3155429913cc2044cb,
hotpot_distractor_dev,validation,5ac2ab9455429967731025f0,
hotpot_distractor_dev,validation,5ae5b25d5542990ba0bbb2bb,
hotpot_distractor_dev,validation,5adfffe755429925eb1afbd1,
hotpot_distractor_dev,validation,5abdcad155429965af743e4d,
hotpot_distractor_dev,validation,5ae09b7055429906c02daae4,
hotpot_distractor_dev,validation,5ab960d6554299743d22eb21,
hotpot_distractor_dev,validation,5ac3090d5542990b17b154fc,
hotpot_distractor_dev,validation,5a7dd8cb5542995f4f4022d0,
hotpot_distractor_dev,validation,5a85b2895542994c784ddb49,
hotpot_distractor_dev,validation,5ae0ab7755429945ae959407,
hotpot_distractor_dev,validation,5a836a765542996488c2e446,
hotpot_distractor_dev,validation,5ab90e9755429934fafe6e51,
hotpot_distractor_dev,validation,5a8d6d4e554299441c6b9fdb,
hotpot_distractor_dev,validation,5ae4db9c55429908b6326492,
hotpot_distractor_dev,validation,5ae234385542992decbdcc59,
hotpot_distractor_dev,validation,5ae3eabc5542995dadf2424f,
hotpot_distractor_dev,validation,5ae123875542997b2ef7d0fa,
hotpot_distractor_dev,validation,5a8494b15542991dd0999d35,
hotpot_distractor_dev,validation,5ae2b83c5542992decbdcd7f,
hotpot_distractor_dev,validation,5ab9cfe655429970cfb8ebaf,
hotpot_distractor_dev,validation,5a8ae0ae55429950cd6afbc2,
hotpot_distractor_dev,validation,5ab2ac3d55429929539467ce,
hotpot_distractor_dev,validation,5a8ff83c55429916514e73f3,
hotpot_distractor_dev,validation,5ade0a275542997545bbbe2d,
hotpot_distractor_dev,validation,5a8834f05542994846c1ce26,
hotpot_distractor_dev,validation,5a7f35015542992e7d278c8a,
hotpot_distractor_dev,validation,5a7750a155429966f1a36cef,
hotpot_distractor_dev,validation,5ab9ba6e554299743d22ebcd,
hotpot_distractor_dev,validation,5a7db0915542990b8f503a30,
hotpot_distractor_dev,validation,5a8f0986554299458435d535,
hotpot_distractor_dev,validation,5a7a51b95542990783324f0f,
hotpot_distractor_dev,validation,5ab6973f554299110f219a25,
hotpot_distractor_dev,validation,5a8f21c755429918e830d195,
hotpot_distractor_dev,validation,5adef5fb5542993a75d263be,
hotpot_distractor_dev,validation,5a7613c15542994ccc9186bf,
hotpot_distractor_dev,validation,5adf03b35542993a75d263d3,
hotpot_distractor_dev,validation,5abc5603554299700f9d7875,
hotpot_distractor_dev,validation,5abeb6645542993fe9a41d11,
hotpot_distractor_dev,validation,5a89e85c5542992e4fca846f,
hotpot_distractor_dev,validation,5a7d6a2d5542991319bc93c6,
hotpot_distractor_dev,validation,5a835a7b554299123d8c20fc,
hotpot_distractor_dev,validation,5ac273455542992f1f2b38d4,
hotpot_distractor_dev,validation,5a87ed5b5542994846c1cdfc,
hotpot_distractor_dev,validation,5adf5fa65542993a75d264db,
hotpot_distractor_dev,validation,5ae7821b5542997ec2727678,
hotpot_distractor_dev,validation,5abd2cde5542993062266bb1,
hotpot_distractor_dev,validation,5a8c4c5f554299585d9e3651,
hotpot_distractor_dev,validation,5ab9b4a555429970cfb8eb75,
hotpot_distractor_dev,validation,5ae56c875542990ba0bbb2a2,
hotpot_distractor_dev,validation,5add1c485542992c1e3a253d,
hotpot_distractor_dev,validation,5adde2475542997545bbbdc1,
hotpot_distractor_dev,validation,5a841b215542990548d0b25b,
hotpot_distractor_dev,validation,5ae618535542995703ce8af7,
hotpot_distractor_dev,validation,5a7c703055429935c91b51aa,
hotpot_distractor_dev,validation,5a90485755429933b8a204d2,
hotpot_distractor_dev,validation,5adc393f5542996e685252e7,
hotpot_distractor_dev,validation,5a72b9155542992359bc3187,
hotpot_distractor_dev,validation,5abc0aba55429959677d6a00,
hotpot_distractor_dev,validation,5a84b9c95542997b5ce3ff35,
hotpot_distractor_dev,validation,5addcb215542997dc7907033,
hotpot_distractor_dev,validation,5ade51515542992fa25da745,
hotpot_distractor_dev,validation,5a7e513a5542994959419996,
hotpot_distractor_dev,validation,5adf51595542993344016c52,
hotpot_distractor_dev,validation,5a737e4655429908901be2cc,
hotpot_distractor_dev,validation,5ab7022f5542995eadef010e,
hotpot_distractor_dev,validation,5ac194db55429964131be23a,
hotpot_distractor_dev,validation,5a7526945542993748c897d2,
hotpot_distractor_dev,validation,5ab5b0f75542992aa134a38c,
hotpot_distractor_dev,validation,5ac42f42554299076e296d88,
hotpot_distractor_dev,validation,5a72944c5542994cef4bc351,
hotpot_distractor_dev,validation,5a8a44c65542996c9b8d5e85,
hotpot_distractor_dev,validation,5a8220db5542995ce29dccc1,
hotpot_distractor_dev,validation,5a7100435542994082a3e4a3,
hotpot_distractor_dev,validation,5a84b6e15542991dd0999daa,
hotpot_distractor_dev,validation,5a848a725542990548d0b2c7,
hotpot_distractor_dev,validation,5a8719fa55429960ec39b742,
hotpot_distractor_dev,validation,5a883c175542997e5c09a5ae,
hotpot_distractor_dev,validation,5a79f04d5542996c55b2dca7,
hotpot_distractor_dev,validation,5add4d8f5542997545bbbd25,
hotpot_distractor_dev,validation,5ae138d855429920d523432d,
hotpot_distractor_dev,validation,5ab3063e554299753aec58fe,
hotpot_distractor_dev,validation,5a83697e5542996488c2e441,
hotpot_distractor_dev,validation,5a721a7655429971e9dc9271,
hotpot_distractor_dev,validation,5ab2b5a0554299295394683c,
hotpot_distractor_dev,validation,5ae4d0ff55429913cc204511,
hotpot_distractor_dev,validation,5ae141a65542997b2ef7d18a,
hotpot_distractor_dev,validation,5a90991d5542990a9849366b,
hotpot_distractor_dev,validation,5ab2b7c1554299166977406a,
hotpot_distractor_dev,validation,5ac2570a5542992f1f2b3861,
hotpot_distractor_dev,validation,5ac434ed554299204fd21f09,
hotpot_distractor_dev,validation,5ae54e005542993aec5ec19a,
hotpot_distractor_dev,validation,5add97c15542997545bbbd80,
hotpot_distractor_dev,validation,5a8359c7554299123d8c20fb,
hotpot_distractor_dev,validation,5abe3c7555429965af743ea5,
hotpot_distractor_dev,validation,5ab7c3ed5542991d322237b2,
hotpot_distractor_dev,validation,5ac083b0554299294b21900d,
hotpot_distractor_dev,validation,5a89d2d75542992e4fca83d2,
hotpot_distractor_dev,validation,5abdbabe5542993f32c2a028,
hotpot_distractor_dev,validation,5a7f1c195542993067513633,
hotpot_distractor_dev,validation,5a7228f655429971e9dc9312,
hotpot_distractor_dev,validation,5ab682dc55429954757d3318,
hotpot_distractor_dev,validation,5ab294a6554299545a2cf9a6,
hotpot_distractor_dev,validation,5ae163b3554299422ee99678,
hotpot_distractor_dev,validation,5a849c1b5542997175ce1ef9,
hotpot_distractor_dev,validation,5ae414d855429970de88d8ec,
hotpot_distractor_dev,validation,5ab5dcb95542992aa134a3b3,
hotpot_distractor_dev,validation,5ac2c4fe554299218029db3b,
hotpot_distractor_dev,validation,5ae644c55542992663a4f27e,
hotpot_distractor_dev,validation,5a7fc8d05542992e7d278d86,
hotpot_distractor_dev,validation,5ae5621655429908b63265fc,
hotpot_distractor_dev,validation,5a72339855429971e9dc934d,
hotpot_distractor_dev,validation,5a886211554299206df2b24a,
hotpot_distractor_dev,validation,5ae1dac85542997283cd229a,
hotpot_distractor_dev,validation,5ab31adc554299233954ff0a,
hotpot_distractor_dev,validation,5a7ca33f5542990527d554ee,
hotpot_distractor_dev,validation,5a8a39b355429930ff3c0d13,
hotpot_distractor_dev,validation,5a806e01554299485f5985e5,
hotpot_distractor_dev,validation,5ab96c93554299743d22eb63,
hotpot_distractor_dev,validation,5a79c3785542994bb9457074,
hotpot_distractor_dev,validation,5ac047a3554299294b218f70,
hotpot_distractor_dev,validation,5a7b74485542997c3ec97190,
hotpot_distractor_dev,validation,5a8b20b85542996c9b8d5fb5,
hotpot_distractor_dev,validation,5abcd44655429959677d6af1,
hotpot_distractor_dev,validation,5ae2f5b955429928c423957e,
hotpot_distractor_dev,validation,5ae7eed8554299540e5a56b5,
hotpot_distractor_dev,validation,5a8e0370554299068b959e2d,
hotpot_distractor_dev,validation,5ab44a775542991779162c57,
hotpot_distractor_dev,validation,5a77dbaf5542997042120b5b,
hotpot_distractor_dev,validation,5a8481ba5542997175ce1ed4,
hotpot_distractor_dev,validation,5abed2b45542990832d3a0d0,
hotpot_distractor_dev,validation,5a790d9855429974737f7954,
hotpot_distractor_dev,validation,5ae22eae554299495565da30,
hotpot_distractor_dev,validation,5ae70c7b5542991bbc9761aa,
hotpot_distractor_dev,validation,5abae88c554299660624167e,
hotpot_distractor_dev,validation,5a8d12ca5542994ba4e3dbe2,
hotpot_distractor_dev,validation,5a7271525542997f827839d0,
hotpot_distractor_dev,validation,5a8ea7f25542995085b37468,
hotpot_distractor_dev,validation,5a821b4b5542995ce29dccab,
hotpot_distractor_dev,validation,5ac2da27554299657fa2909f,
hotpot_distractor_dev,validation,5a8771595542993e715abf46,
hotpot_distractor_dev,validation,5a8d0c74554299585d9e37a1,
hotpot_distractor_dev,validation,5abfd5c45542994516f4550e,
hotpot_distractor_dev,validation,5a7d115355429909bec76934,
hotpot_distractor_dev,validation,5a82800855429966c78a6a2f,
hotpot_distractor_dev,validation,5a8671e95542994775f60763,
hotpot_distractor_dev,validation,5ae347fb5542992e3233c368,
hotpot_distractor_dev,validation,5adf744d5542992d7e9f937e,
hotpot_distractor_dev,validation,5a773c5c55429966f1a36cbb,
hotpot_distractor_dev,validation,5a847edd554299123d8c2272,
hotpot_distractor_dev,validation,5a7d68e25542995f4f402270,
hotpot_distractor_dev,validation,5ab5b701554299637185c5e7,
hotpot_distractor_dev,validation,5ab61668554299488d4d9aa6,
hotpot_distractor_dev,validation,5a8da97c554299068b959d84,
hotpot_distractor_dev,validation,5a73ae3b55429978a71e907c,
hotpot_distractor_dev,validation,5ae00895554299025d62a3b2,
hotpot_distractor_dev,validation,5abd6db755429933744ab7d0,
hotpot_distractor_dev,validation,5a7f3361554299306751369a,
hotpot_distractor_dev,validation,5ae1cf355542997f29b3c126,
hotpot_distractor_dev,validation,5a8778d25542994846c1cd89,
hotpot_distractor_dev,validation,5abce73055429959677d6b34,
hotpot_distractor_dev,validation,5abae14b5542996606241657,
hotpot_distractor_dev,validation,5ac0c84a554299012d1db633,
hotpot_distractor_dev,validation,5ae5da8d55429929b08079d1,
hotpot_distractor_dev,validation,5a72f0e25542991f9a20c5cf,
hotpot_distractor_dev,validation,5abe9cc95542993f32c2a184,
hotpot_distractor_dev,validation,5a7502345542993748c89795,
hotpot_distractor_dev,validation,5ade0e115542995b365fabf3,
hotpot_distractor_dev,validation,5a88a23f5542997e5c09a652,
hotpot_distractor_dev,validation,5a87b93c5542996e4f3088ec,
hotpot_distractor_dev,validation,5ab23d8a55429970612095c9,
hotpot_distractor_dev,validation,5abf11d45542997719eab660,
hotpot_distractor_dev,validation,5a70eee85542994082a3e3f0,
hotpot_distractor_dev,validation,5a73250a5542991f9a20c643,
hotpot_distractor_dev,validation,5adfed5e55429942ec259b92,
hotpot_distractor_dev,validation,5a8832d355429938390d3f03,
hotpot_distractor_dev,validation,5ae4bb1255429913cc2044e7,
hotpot_distractor_dev,validation,5abe6f8455429965af743f03,
hotpot_distractor_dev,validation,5a88401c5542994846c1ce60,
hotpot_distractor_dev,validation,5a7ba11d554299294a54aa39,
hotpot_distractor_dev,validation,5a78bd515542990784727749,
hotpot_distractor_dev,validation,5abf64265542997ec76fd3eb,
hotpot_distractor_dev,validation,5a7a5ec855429941d65f25e4,
hotpot_distractor_dev,validation,5ae038e955429942ec259c4d,
hotpot_distractor_dev,validation,5a77d25555429949eeb29f6c,
hotpot_distractor_dev,validation,5ab92f1f554299753720f77b,
hotpot_distractor_dev,validation,5ac24a035542992f1f2b3832,
hotpot_distractor_dev,validation,5ae55ed15542992663a4f1ea,
hotpot_distractor_dev,validation,5a8b6d885542997f31a41d25,
hotpot_distractor_dev,validation,5a7f68365542994857a7672e,
hotpot_distractor_dev,validation,5ae1d4e8554299234fd04312,
hotpot_distractor_dev,validation,5ae504a855429908b63264df,
hotpot_distractor_dev,validation,5a8ae61955429970aeb70326,
hotpot_distractor_dev,validation,5ab8420555429919ba4e2290,
hotpot_distractor_dev,validation,5ae6316d5542996de7b71b87,
hotpot_distractor_dev,validation,5abb254c5542992ccd8e7f29,
hotpot_distractor_dev,validation,5ae0b0af55429945ae959424,
hotpot_distractor_dev,validation,5ac3bd0c554299204fd21e21,
hotpot_distractor_dev,validation,5abfad3c5542990832d3a197,
hotpot_distractor_dev,validation,5adcecbd5542992c1e3a24b7,
hotpot_distractor_dev,validation,5ae0120155429925eb1afbfb,
hotpot_distractor_dev,validation,5ae5cf0b55429929b08079aa,
hotpot_distractor_dev,validation,5a7746cf5542994aec3b7263,
hotpot_distractor_dev,validation,5a7109e95542994082a3e4fa,
hotpot_distractor_dev,validation,5ae0536755429924de1b70a6,
hotpot_distractor_dev,validation,5ae5e8dc554299546bf82fbe,
hotpot_distractor_dev,validation,5ae4f8b755429960a22e0230,
hotpot_distractor_dev,validation,5abd957a5542996e802b47eb,
hotpot_distractor_dev,validation,5ab48ec25542991779162cdc,
hotpot_distractor_dev,validation,5adca0845542994d58a2f684,
hotpot_distractor_dev,validation,5a8b2d3255429950cd6afc60,
hotpot_distractor_dev,validation,5a849c135542992a431d1a7a,
hotpot_distractor_dev,validation,5ab2f50a55429929539468cd,
hotpot_distractor_dev,validation,5a87081755429960ec39b6fe,
hotpot_distractor_dev,validation,5ac17c865542994ab5c67d6a,
hotpot_distractor_dev,validation,5a7943ea5542994bb9456fd3,
hotpot_distractor_dev,validation,5abdc18555429965af743e2b,
hotpot_distractor_dev,validation,5a8a1aea5542992e4fca8508,
hotpot_distractor_dev,validation,5a8268215542995ce29dccfb,
hotpot_distractor_dev,validation,5a714f6f5542994082a3e7b3,
hotpot_distractor_dev,validation,5abfd3ba5542994516f4550a,
hotpot_distractor_dev,validation,5abe7e1d55429976d4830b36,
hotpot_distractor_dev,validation,5abbd4425542993f40c73bcc,
hotpot_distractor_dev,validation,5ac288a95542990b17b153e5,
hotpot_distractor_dev,validation,5a89e28f5542992e4fca843e,
hotpot_distractor_dev,validation,5adfb10855429942ec259af9,
hotpot_distractor_dev,validation,5a7732dc55429972597f149b,
hotpot_distractor_dev,validation,5aba89365542994dbf019932,
hotpot_distractor_dev,validation,5a90a9a45542990a9849367e,
hotpot_distractor_dev,validation,5a7baae2554299042af8f794,
hotpot_distractor_dev,validation,5a78b5f7554299148911f95b,
hotpot_distractor_dev,validation,5ae199305542997b2ef7d20e,
hotpot_distractor_dev,validation,5ae362105542991a06ce99ae,
hotpot_distractor_dev,validation,5ab833ad5542990e739ec86f,
hotpot_distractor_dev,validation,5a84b8555542991dd0999db2,
hotpot_distractor_dev,validation,5a78c66e55429974737f787b,
hotpot_distractor_dev,validation,5ab5c8c5554299637185c60d,
hotpot_distractor_dev,validation,5ae544035542992663a4f1af,
hotpot_distractor_dev,validation,5ac3a364554299391541385d,
hotpot_distractor_dev,validation,5a77919d5542995d831811dd,
hotpot_distractor_dev,validation,5a899bf955429946c8d6e959,
hotpot_distractor_dev,validation,5adc6e035542994650320cec,
hotpot_distractor_dev,validation,5a75495a5542996c70cfaed8,
hotpot_distractor_dev,validation,5aba056255429939ce03dc55,
hotpot_distractor_dev,validation,5a7b76225542997c3ec9719c,
hotpot_distractor_dev,validation,5ac02880554299012d1db5c0,
hotpot_distractor_dev,validation,5adfcc625542992d7e9f93d3,
hotpot_distractor_dev,validation,5ae3f82a5542996836b02c01,
hotpot_distractor_dev,validation,5ae0d85d5542990adbacf67e,
hotpot_distractor_dev,validation,5ac2eb635542990b17b154a7,
hotpot_distractor_dev,validation,5a76404b5542994ccc91873d,
hotpot_distractor_dev,validation,5abf8cc35542990832d3a14e,
hotpot_distractor_dev,validation,5a86f94a5542991e7718169e,
hotpot_distractor_dev,validation,5a80ad19554299485f5986a8,
hotpot_distractor_dev,validation,5adcc7515542994ed6169bff,
hotpot_distractor_dev,validation,5adcfebe5542992c1e3a24f3,
hotpot_distractor_dev,validation,5ae364285542991a06ce99b3,
hotpot_distractor_dev,validation,5ae5fa38554299546bf82ff1,
hotpot_distractor_dev,validation,5ae564a155429960a22e02e4,
hotpot_distractor_dev,validation,5ab446875542990594ba9bea,
hotpot_distractor_dev,validation,5adfa8d0554299025d62a32c,
hotpot_distractor_dev,validation,5ac30a79554299657fa290e2,
hotpot_distractor_dev,validation,5ae3fd595542995dadf24292,
hotpot_distractor_dev,validation,5a89e20a5542992e4fca8438,
hotpot_distractor_dev,validation,5a84524a554299123d8c2203,
hotpot_distractor_dev,validation,5adcbb815542994ed6169bde,
hotpot_distractor_dev,validation,5ab4428c5542990594ba9bda,
hotpot_distractor_dev,validation,5ac14d0c5542991316484ae2,
hotpot_distractor_dev,validation,5ac3c10a554299204fd21e33,
hotpot_distractor_dev,validation,5add5f395542990dbb2f7e50,
hotpot_distractor_dev,validation,5a736e0155429901807db04f,
hotpot_distractor_dev,validation,5a734a205542992359bc32e2,
hotpot_distractor_dev,validation,5ae484f855429970de88d999,
hotpot_distractor_dev,validation,5a8d18fb5542994ba4e3dbf2,
hotpot_distractor_dev,validation,5ac2a10e554299657fa28fec,
hotpot_distractor_dev,validation,5a81e8a0554299676cceb157,
hotpot_distractor_dev,validation,5a84ee4c5542997175ce1f2b,
hotpot_distractor_dev,validation,5a8e68b15542995085b3742d,
hotpot_distractor_dev,validation,5a8e03375542995a26add458,
hotpot_distractor_dev,validation,5ab938fb554299131ca422ce,
hotpot_distractor_dev,validation,5ac4f9db55429924173fb532,
hotpot_distractor_dev,validation,5ac4f33355429924173fb507,
hotpot_distractor_dev,validation,5a8bc3ac5542995e66a47501,
hotpot_distractor_dev,validation,5ab5d43f5542997d4ad1f1f6,
hotpot_distractor_dev,validation,5a8d7e1055429941ae14dfd8,
hotpot_distractor_dev,validation,5a8db348554299068b959dc2,
hotpot_distractor_dev,validation,5a76bbe85542993735360191,
hotpot_distractor_dev,validation,5ac39f7b554299218029dbe7,
hotpot_distractor_dev,validation,5a76f45a5542994aec3b719b,
hotpot_distractor_dev,validation,5a738b855542992d56e7e363,
hotpot_distractor_dev,validation,5ae5b06e554299546bf82f2a,
hotpot_distractor_dev,validation,5a76648f5542992db9473795,
hotpot_distractor_dev,validation,5ae0593855429945ae959333,
hotpot_distractor_dev,validation,5a90492655429933b8a204d8,
hotpot_distractor_dev,validation,5a7b443c5542992d025e67ce,
hotpot_distractor_dev,validation,5a865d11554299211dda2b0d,
hotpot_distractor_dev,validation,5ae46ebc5542995dadf24331,
hotpot_distractor_dev,validation,5a7fc21455429969796c1b4b,
hotpot_distractor_dev,validation,5ae1dac95542997283cd229b,
hotpot_distractor_dev,validation,5ae48a2b55429913cc204494,
hotpot_distractor_dev,validation,5a835a265542992ef85e2281,
hotpot_distractor_dev,validation,5ae4c8f35542990ba0bbb130,
hotpot_distractor_dev,validation,5abda6b255429965af743d9a,
hotpot_distractor_dev,validation,5a8a07725542992d82986e5b,
hotpot_distractor_dev,validation,5a8911ad554299515336129c,
hotpot_distractor_dev,validation,5ade48795542992fa25da729,
hotpot_distractor_dev,validation,5ae35c945542992e3233c3bd,
hotpot_distractor_dev,validation,5abb9ad4554299642a094abe,
hotpot_distractor_dev,validation,5ae3a0be5542991a06ce9a05,
hotpot_distractor_dev,validation,5ac027005542996f0d89cb3d,
hotpot_distractor_dev,validation,5abc6d14554299700f9d78bf,
hotpot_distractor_dev,validation,5ab42b905542992339550040,
hotpot_distractor_dev,validation,5a83155c55429954d2e2ec0e,
hotpot_distractor_dev,validation,5a77b6c85542992a6e59df96,
hotpot_distractor_dev,validation,5abdf06355429976d4830a2d,
hotpot_distractor_dev,validation,5ae291bb5542996483e649f6,
hotpot_distractor_dev,validation,5ac344d6554299741d48a23f,
hotpot_distractor_dev,validation,5ac4f42b55429924173fb50d,
hotpot_distractor_dev,validation,5a75e29f5542992d0ec0600c,
hotpot_distractor_dev,validation,5ae397df5542994393b9e71f,
hotpot_distractor_dev,validation,5a825b0e55429954d2e2eb0c,
hotpot_distractor_dev,validation,5ab56b9b5542997d4ad1f113,
hotpot_distractor_dev,validation,5ae1f48d554299234fd0436b,
hotpot_distractor_dev,validation,5a8760e75542996e4f3087af,
hotpot_distractor_dev,validation,5a8f51185542992414482a3d,
hotpot_distractor_dev,validation,5ade66dd55429975fa854ebe,
hotpot_distractor_dev,validation,5ae256435542992decbdccc3,
hotpot_distractor_dev,validation,5ae1d52f554299234fd04315,
hotpot_distractor_dev,validation,5a747a3755429974ef308c09,
hotpot_distractor_dev,validation,5a7ec6f355429934daa2fc61,
hotpot_distractor_dev,validation,5ab69f9a554299710c8d1ef8,
hotpot_distractor_dev,validation,5a75e814554299109176e5c7,
hotpot_distractor_dev,validation,5ab3c53955429969a97a81b9,
hotpot_distractor_dev,validation,5ab46f4e5542991751b4d770,
hotpot_distractor_dev,validation,5ae3dfb05542992e3233c490,
hotpot_distractor_dev,validation,5ac13f425542991316484a96,
hotpot_distractor_dev,validation,5ab5d2ac5542992aa134a3a6,
hotpot_distractor_dev,validation,5ac286c055429963665199f8,
hotpot_distractor_dev,validation,5abb0b5c5542996cc5e49f79,
hotpot_distractor_dev,validation,5a90937955429933b8a20568,
hotpot_distractor_dev,validation,5a7a5ccf55429941d65f25d7,
hotpot_distractor_dev,validation,5a80d6be55429938b6142206,
hotpot_distractor_dev,validation,5ae7e8b855429952e35ea9dd,
hotpot_distractor_dev,validation,5a895f6155429946c8d6e914,
hotpot_distractor_dev,validation,5abda8d55542992ac4f382e7,
hotpot_distractor_dev,validation,5abdce1b5542993062266cfe,
hotpot_distractor_dev,validation,5ac2c338554299657fa29039,
hotpot_distractor_dev,validation,5ade64c7554299728e26c710,
hotpot_distractor_dev,validation,5a8646ec5542991e771815f2,
hotpot_distractor_dev,validation,5a89d48c554299515336132e,
hotpot_distractor_dev,validation,5a84c5545542991dd0999dee,
hotpot_distractor_dev,validation,5a8d40585542994ba4e3dc39,
hotpot_distractor_dev,validation,5abbee315542993f40c73c1d,
hotpot_distractor_dev,validation,5abbbaca55429931dba144ca,
hotpot_distractor_dev,validation,5ab520645542991779162d85,
hotpot_distractor_dev,validation,5a7f53445542992097ad2f15,
hotpot_distractor_dev,validation,5a77ad2f55429967ab105225,
hotpot_distractor_dev,validation,5a84a97f5542992a431d1a87,
hotpot_distractor_dev,validation,5ab6f7415542991d322236f4,
hotpot_distractor_dev,validation,5a8e0b7f5542995085b373ae,
hotpot_distractor_dev,validation,5a8d8f77554299068b959d3e,
hotpot_distractor_dev,validation,5ae267a35542992decbdccee,
hotpot_distractor_dev,validation,5ae721c15542996d980e7cbc,
hotpot_distractor_dev,validation,5ac2782d55429963665199cc,
hotpot_distractor_dev,validation,5a758ba75542992db9473677,
hotpot_distractor_dev,validation,5a8d77525542994ba4e3dc90,
hotpot_distractor_dev,validation,5abbfa8f55429965836003cc,
hotpot_distractor_dev,validation,5ae0ec48554299422ee9955a,
hotpot_distractor_dev,validation,5a8f7a7055429918e830d230,
hotpot_distractor_dev,validation,5ade82ba5542992fa25da7a3,
hotpot_distractor_dev,validation,5a7a48c45542994f819ef1b7,
hotpot_distractor_dev,validation,5ab2deb75542991669774118,
hotpot_distractor_dev,validation,5a823fbf55429903bc27ba54,
hotpot_distractor_dev,validation,5a8f5a185542992414482a71,
hotpot_distractor_dev,validation,5ab2b1e05542997061209685,
hotpot_distractor_dev,validation,5a828c3355429940e5e1a8f0,
hotpot_distractor_dev,validation,5ab851e35542990e739ec8c3,
hotpot_distractor_dev,validation,5a8e3ed7554299068b959e82,
hotpot_distractor_dev,validation,5a7be294554299294a54ab44,
hotpot_distractor_dev,validation,5ae04ea555429924de1b709e,
hotpot_distractor_dev,validation,5a728f3c5542992359bc30f4,
hotpot_distractor_dev,validation,5ac3959855429939154137f0,
hotpot_distractor_dev,validation,5a8782f25542996e4f308818,
hotpot_distractor_dev,validation,5ae791245542997b22f6a7a3,
hotpot_distractor_dev,validation,5ae5366e5542990ba0bbb22b,
hotpot_distractor_dev,validation,5abadcb35542996606241647,
hotpot_distractor_dev,validation,5ab7f78f5542991d322237e6,
hotpot_distractor_dev,validation,5a79178d554299029c4b5ef9,
hotpot_distractor_dev,validation,5a8c5eca554299240d9c213d,
hotpot_distractor_dev,validation,5ae5c212554299546bf82f4b,
hotpot_distractor_dev,validation,5ae736cb5542991bbc9761c2,
hotpot_distractor_dev,validation,5ab9b939554299743d22ebca,
hotpot_distractor_dev,validation,5a8463d05542990548d0b2a5,
hotpot_distractor_dev,validation,5a7da6015542995f4f40229d,
hotpot_distractor_dev,validation,5ab2f85b55429929539468dc,
hotpot_distractor_dev,validation,5a75f7db5542994ccc918670,
hotpot_distractor_dev,validation,5abfa5fb5542990832d3a183,
hotpot_distractor_dev,validation,5ae588cb55429960a22e0300,
hotpot_distractor_dev,validation,5a7ab1e955429931da12c95d,
hotpot_distractor_dev,validation,5a79c8945542994bb945709e,
hotpot_distractor_dev,validation,5ac0805f5542992a796ded29,
hotpot_distractor_dev,validation,5ab310bb554299233954fef9,
hotpot_distractor_dev,validation,5ade4801554299728e26c6ab,
hotpot_distractor_dev,validation,5aba33985542994dbf0198c3,
hotpot_distractor_dev,validation,5ac3e01d5542997ea680c969,
hotpot_distractor_dev,validation,5ab3a84b554299233954ff7b,
hotpot_distractor_dev,validation,5ab8723c55429934fafe6dbc,
hotpot_distractor_dev,validation,5a8ad2f3554299515336138d,
hotpot_distractor_dev,validation,5a83a7e15542992ef85e2347,
hotpot_distractor_dev,validation,5ab9625e55429970cfb8eaa9,
hotpot_distractor_dev,validation,5a77b1a75542992a6e59df8d,
hotpot_distractor_dev,validation,5a8612d45542996432c5719b,
hotpot_distractor_dev,validation,5a8f2fed55429918e830d1c7,
hotpot_distractor_dev,validation,5a78ce5d55429974737f78ac,
hotpot_distractor_dev,validation,5ae7f6be554299540e5a56db,
hotpot_distractor_dev,validation,5a7bc5f255429927d897c03e,
hotpot_distractor_dev,validation,5a88b513554299206df2b338,
hotpot_distractor_dev,validation,5ac0e0c75542997d64295a6e,
hotpot_distractor_dev,validation,5a7284c85542991f9a20c4c0,
hotpot_distractor_dev,validation,5a7263e05542997f82783998,
hotpot_distractor_dev,validation,5ab96bf15542996be20204d8,
hotpot_distractor_dev,validation,5addfdf65542992200553bd2,
hotpot_distractor_dev,validation,5ac06e24554299294b218fd1,
hotpot_distractor_dev,validation,5adc914d5542994ed6169b90,
hotpot_distractor_dev,validation,5addc79d5542995b365fab7b,
hotpot_distractor_dev,validation,5aba7a22554299232ef4a2e7,
hotpot_distractor_dev,validation,5ab6644655429954757d327d,
hotpot_distractor_dev,validation,5a8edb7f55429917b4a5bdeb,
hotpot_distractor_dev,validation,5a8e341c5542995085b373d6,
hotpot_distractor_dev,validation,5ab931475542991b5579f12f,
hotpot_distractor_dev,validation,5a731c205542994cef4bc45d,
hotpot_distractor_dev,validation,5a7b971255429927d897bff3,
hotpot_distractor_dev,validation,5a8ced46554299441c6b9f82,
hotpot_distractor_dev,validation,5a7c988755429935c91b524d,
hotpot_distractor_dev,validation,5ac175635542994ab5c67d4b,
hotpot_distractor_dev,validation,5a835b88554299123d8c2101,
hotpot_distractor_dev,validation,5a7a1f795542996c55b2dd1b,
hotpot_distractor_dev,validation,5abb7ff15542996cc5e4a015,
hotpot_distractor_dev,validation,5a84b5ac5542991dd0999da4,
hotpot_distractor_dev,validation,5a88a5645542997e5c09a679,
hotpot_distractor_dev,validation,5a8bba645542995e66a474e5,
hotpot_distractor_dev,validation,5a73024f5542991f9a20c5fc,
hotpot_distractor_dev,validation,5ab68a71554299710c8d1ec2,
hotpot_distractor_dev,validation,5a78f18855429974737f7915,
hotpot_distractor_dev,validation,5abb729b5542993f40c73af4,
hotpot_distractor_dev,validation,5ae490a85542995ad6573d9d,
hotpot_distractor_dev,validation,5a796bfd55429970f5fffeac,
hotpot_distractor_dev,validation,5a7c6c9d554299683c1c6302,
hotpot_distractor_dev,validation,5ac0fd56554299012d1db679,
hotpot_distractor_dev,validation,5a777ca855429949eeb29e6a,
hotpot_distractor_dev,validation,5a909a1a55429916514e7506,
hotpot_distractor_dev,validation,5a734ca85542994cef4bc51b,
hotpot_distractor_dev,validation,5a82028a554299676cceb1d6,
hotpot_distractor_dev,validation,5ac43ddf5542995c82c4ad08,
hotpot_distractor_dev,validation,5ae644cc55429908198fa568,
hotpot_distractor_dev,validation,5adfec5f55429942ec259b8d,
hotpot_distractor_dev,validation,5a749e1855429979e28829c3,
hotpot_distractor_dev,validation,5ae31ca155429928c4239608,
hotpot_distractor_dev,validation,5a79cabc5542994f819ef0a1,
hotpot_distractor_dev,validation,5a77a3a355429967ab105211,
hotpot_distractor_dev,validation,5ae55ec855429908b63265f5,
hotpot_distractor_dev,validation,5ae14b0655429920d52343a6,
hotpot_distractor_dev,validation,5a74f8235542993748c89766,
hotpot_distractor_dev,validation,5adf8a065542992d7e9f9392,
hotpot_distractor_dev,validation,5a7a0201554299029c4b5f9e,
hotpot_distractor_dev,validation,5ac322c95542995ef918c117,
hotpot_distractor_dev,validation,5abc184a5542993a06baf863,
hotpot_distractor_dev,validation,5ae798ce55429952e35ea995,
hotpot_distractor_dev,validation,5ae61e7555429929b0807adf,
hotpot_distractor_dev,validation,5a71278c5542994082a3e5e2,
hotpot_distractor_dev,validation,5ab91ef3554299753720f708,
hotpot_distractor_dev,validation,5ae3376455429928c4239688,
hotpot_distractor_dev,validation,5a8c7057554299653c1aa066,
hotpot_distractor_dev,validation,5a8e08ab5542995085b37393,
hotpot_distractor_dev,validation,5ac19ff65542994d76dcce8f,
hotpot_distractor_dev,validation,5ab88c075542991b5579efbe,
hotpot_distractor_dev,validation,5a7438ec55429979e28828b8,
hotpot_distractor_dev,validation,5a7663665542992d0ec060d3,
hotpot_distractor_dev,validation,5a737d3c55429908901be2c8,
hotpot_distractor_dev,validation,5a75e16055429976ec32bc6a,
hotpot_distractor_dev,validation,5ab46d195542991751b4d76a,
hotpot_distractor_dev,validation,5ae1d32a554299492dc91b9c,
hotpot_distractor_dev,validation,5ac4edf155429924173fb4e3,
hotpot_distractor_dev,validation,5a861ea85542994775f60700,
hotpot_distractor_dev,validation,5ae0aabc55429945ae9593fe,
hotpot_distractor_dev,validation,5a7c4e655542990527d55489,
hotpot_distractor_dev,validation,5a7e058f5542995f4f402390,
hotpot_distractor_dev,validation,5a7ef6b35542994959419a94,
hotpot_distractor_dev,validation,5adcf8155542990d50227d6a,
hotpot_distractor_dev,validation,5a778d7855429967ab1051fa,
hotpot_distractor_dev,validation,5ae26b5f5542992decbdccf8,
hotpot_distractor_dev,validation,5a8ba3ff55429971feec4744,
hotpot_distractor_dev,validation,5a85fc995542996432c5715f,
hotpot_distractor_dev,validation,5a8efb5a55429918e830d172,
hotpot_distractor_dev,validation,5a7cd66a554299452d57ba90,
hotpot_distractor_dev,validation,5ac0dcf25542996f0d89cc2c,
hotpot_distractor_dev,validation,5ab9d0b755429955dce3ed8f,
hotpot_distractor_dev,validation,5a90cb205542995651fb51fe,
hotpot_distractor_dev,validation,5ae198bf5542997b2ef7d20d,
hotpot_distractor_dev,validation,5ab36c3f55429969a97a8146,
hotpot_distractor_dev,validation,5ab278745542997061209617,
hotpot_distractor_dev,validation,5ae3dcc05542991a06ce9a33,
hotpot_distractor_dev,validation,5a75639255429916b01642f7,
hotpot_distractor_dev,validation,5a7619765542992db9473728,
hotpot_distractor_dev,validation,5ae76e615542997ec2727647,
hotpot_distractor_dev,validation,5ac3d9135542995c82c4ac4c,
hotpot_distractor_dev,validation,5a85441f5542997175ce1faa,
hotpot_distractor_dev,validation,5a82accd55429966c78a6a78,
hotpot_distractor_dev,validation,5ae1847e55429920d52343ee,
hotpot_distractor_dev,validation,5a7b581a5542992d025e6815,
hotpot_distractor_dev,validation,5a72f45a5542992359bc31e6,
hotpot_distractor_dev,validation,5a74d4f355429974ef308c79,
hotpot_distractor_dev,validation,5ab9d02155429970cfb8ebb0,
hotpot_distractor_dev,validation,5ab71a6a5542991d3222377c,
hotpot_distractor_dev,validation,5a7dab795542990b8f503a22,
hotpot_distractor_dev,validation,5a779fd95542997042120ab5,
hotpot_distractor_dev,validation,5a78d9c455429970f5fffda7,
hotpot_distractor_dev,validation,5a719bf25542994082a3e891,
hotpot_distractor_dev,validation,5adf37955542993a75d2642e,
hotpot_distractor_dev,validation,5ab70f79554299110f219aa9,
hotpot_distractor_dev,validation,5ae236b2554299495565da3e,
hotpot_distractor_dev,validation,5ae3599b5542992e3233c39d,
hotpot_distractor_dev,validation,5ae1f8235542997f29b3c1cf,
hotpot_distractor_dev,validation,5ae7bdc05542993210983f29,
hotpot_distractor_dev,validation,5a7ef49a5542994959419a91,
hotpot_distractor_dev,validation,5a8f1672554299458435d558,
hotpot_distractor_dev,validation,5a835e215542992ef85e2296,
hotpot_distractor_dev,validation,5adffc8d55429925eb1afbc6,
hotpot_distractor_dev,validation,5ae1e1e55542997f29b3c15e,
hotpot_distractor_dev,validation,5ab27f7b554299722f9b4d4f,
hotpot_distractor_dev,validation,5ae30aa05542992decbdcdd7,
hotpot_distractor_dev,validation,5ab502ae5542991779162d4c,
hotpot_distractor_dev,validation,5ac1b6845542994d76dccecb,
hotpot_distractor_dev,validation,5a7323ef5542994cef4bc477,
hotpot_distractor_dev,validation,5adcfba05542990d50227d83,
hotpot_distractor_dev,validation,5a72239a55429971e9dc92cf,
hotpot_distractor_dev,validation,5ab521575542996a3a96a02e,
hotpot_distractor_dev,validation,5ab6c4e055429953192ad386,
hotpot_distractor_dev,validation,5a7c0dab5542997c3ec972d2,
hotpot_distractor_dev,validation,5abccb235542996583600497,
hotpot_distractor_dev,validation,5a8b9cd65542997f31a41d8b,
hotpot_distractor_dev,validation,5a8ce584554299585d9e375c,
hotpot_distractor_dev,validation,5ab6c47e55429954757d3368,
hotpot_distractor_dev,validation,5a7211e655429971e9dc923c,
hotpot_distractor_dev,validation,5ae114f155429901ffe4ad5c,
hotpot_distractor_dev,validation,5ab6faec5542991d32223708,
hotpot_distractor_dev,validation,5a7f3d9b5542992e7d278cb8,
hotpot_distractor_dev,validation,5ade8f5955429975fa854f10,
hotpot_distractor_dev,validation,5a8e32d35542995a26add480,
hotpot_distractor_dev,validation,5ae0bc185542993d6555ec29,
hotpot_distractor_dev,validation,5abd0814554299700f9d797a,
hotpot_distractor_dev,validation,5ae560155542990ba0bbb293,
hotpot_distractor_dev,validation,5a8901a2554299515336125a,
hotpot_distractor_dev,validation,5ade4fcc5542997c77adeded,
hotpot_distractor_dev,validation,5a74c6a655429974ef308c5d,
hotpot_distractor_dev,validation,5a84a4e35542992a431d1a81,
hotpot_distractor_dev,validation,5adf9ea05542992d7e9f93bf,
hotpot_distractor_dev,validation,5ab2e9b4554299340b525565,
hotpot_distractor_dev,validation,5abdbf3755429933744ab818,
hotpot_distractor_dev,validation,5adf04915542995534e8c72f,
hotpot_distractor_dev,validation,5ae127ba55429920d52342d3,
hotpot_distractor_dev,validation,5a7353b35542994cef4bc54f,
hotpot_distractor_dev,validation,5abe436455429976d4830ac6,
hotpot_distractor_dev,validation,5abd72475542993062266c9a,
hotpot_distractor_dev,validation,5a7326cd5542991f29ee2d11,
hotpot_distractor_dev,validation,5ac3d7f8554299076e296cb0,
hotpot_distractor_dev,validation,5adf8ad25542993344016ce7,
hotpot_distractor_dev,validation,5ab9631a55429970cfb8eaad,
hotpot_distractor_dev,validation,5ae72ab25542991e8301cb77,
hotpot_distractor_dev,validation,5abe5ee955429976d4830b03,
hotpot_distractor_dev,validation,5a871a5e5542996432c5721e,
hotpot_distractor_dev,validation,5a7607b6554299109176e619,
hotpot_distractor_dev,validation,5a865bbf5542991e77181615,
hotpot_distractor_dev,validation,5ab878ba55429916710eb06c,
hotpot_distractor_dev,validation,5ac2f34455429921a00ab0b6,
hotpot_distractor_dev,validation,5a82626655429966c78a6a08,
hotpot_distractor_dev,validation,5a7cb84a554299683c1c6350,
hotpot_distractor_dev,validation,5a7aa07d55429941d65f2703,
hotpot_distractor_dev,validation,5ac0e74d554299294b219052,
hotpot_distractor_dev,validation,5a7b2c9155429927d897bf51,
hotpot_distractor_dev,validation,5ae7fa5a554299540e5a56e4,
hotpot_distractor_dev,validation,5a84b0705542991dd0999d86,
hotpot_distractor_dev,validation,5ae712fa554299572ea546b9,
hotpot_distractor_dev,validation,5abc3c545542993a06baf89f,
hotpot_distractor_dev,validation,5a8135cc55429903bc27b943,
hotpot_distractor_dev,validation,5a8dd5b855429917b4a5bcc6,
hotpot_distractor_dev,validation,5ab9188c5542991b5579f0f5,
hotpot_distractor_dev,validation,5ab615cf554299488d4d9aa3,
hotpot_distractor_dev,validation,5ab299d6554299449642c926,
hotpot_distractor_dev,validation,5ab801da5542990e739ec7c9,
hotpot_distractor_dev,validation,5ab83e1a55429919ba4e2280,
hotpot_distractor_dev,validation,5a70f11a5542994082a3e40b,
hotpot_distractor_dev,validation,5a7a098d5542996c55b2dce3,
hotpot_distractor_dev,validation,5ae614215542992663a4f254,
hotpot_distractor_dev,validation,5a8f6b7c5542992414482abc,
hotpot_distractor_dev,validation,5ac24ad7554299636651995a,
hotpot_distractor_dev,validation,5adc0e395542996e685252c1,
hotpot_distractor_dev,validation,5a778f515542995d831811cd,
hotpot_distractor_dev,validation,5abe67ae5542991f6610616b,
hotpot_distractor_dev,validation,5ac35a7e554299741d48a257,
hotpot_distractor_dev,validation,5abfe2a15542997d6429591c,
hotpot_distractor_dev,validation,5ae034bd55429925eb1afc2a,
hotpot_distractor_dev,validation,5adebbbd554299728e26c793,
hotpot_distractor_dev,validation,5ac0d5a1554299294b219025,
hotpot_distractor_dev,validation,5a8a5c0d554299515336137b,
hotpot_distractor_dev,validation,5abc3f505542993a06baf8b2,
hotpot_distractor_dev,validation,5add78bf5542992ae4cec57b,
hotpot_distractor_dev,validation,5ae326e95542990afbd1e0b6,
hotpot_distractor_dev,validation,5a8f536c5542992414482a4e,
hotpot_distractor_dev,validation,5ac4a5de5542995c82c4ad6e,
hotpot_distractor_dev,validation,5a77452155429972597f14e1,
hotpot_distractor_dev,validation,5a80427c5542996402f6a49f,
hotpot_distractor_dev,validation,5ab3849a55429969a97a8170,
hotpot_distractor_dev,validation,5a8b3de95542997f31a41cc3,
hotpot_distractor_dev,validation,5a843de75542992ef85e23b4,
hotpot_distractor_dev,validation,5a80ad205542992bc0c4a79d,
hotpot_distractor_dev,validation,5ae69df255429908198fa664,
hotpot_distractor_dev,validation,5ac2455e55429951e9e68512,
hotpot_distractor_dev,validation,5ac3b07055429939154138b8,
hotpot_distractor_dev,validation,5a7339c85542991f9a20c6a2,
hotpot_distractor_dev,validation,5abcef9e55429959677d6b52,
hotpot_distractor_dev,validation,5a8f122955429918e830d17f,
hotpot_distractor_dev,validation,5a7f22005542993067513656,
hotpot_distractor_dev,validation,5ae077735542993d6555eb6d,
hotpot_distractor_dev,validation,5ac0e0e25542997d64295a6f,
hotpot_distractor_dev,validation,5a7c80ab55429907fabeefa3,
hotpot_distractor_dev,validation,5abe03635542991f661060a5,
hotpot_distractor_dev,validation,5ac272f95542992f1f2b38d3,
hotpot_distractor_dev,validation,5ae3cd685542990afbd1e1de,
hotpot_distractor_dev,validation,5ae1c90e554299234fd042f7,
hotpot_distractor_dev,validation,5ab67ce2554299710c8d1ead,
hotpot_distractor_dev,validation,5a7a59d15542996c55b2dd67,
hotpot_distractor_dev,validation,5a8849ac5542996e4f308932,
hotpot_distractor_dev,validation,5a72bb045542994cef4bc3e4,
hotpot_distractor_dev,validation,5ae331fb55429928c4239670,
hotpot_distractor_dev,validation,5ae5390355429960a22e0271,
hotpot_distractor_dev,validation,5a7da9ae5542995f4f4022b1,
hotpot_distractor_dev,validation,5a8b77705542995d1e6f13aa,
hotpot_distractor_dev,validation,5a89810655429946c8d6e929,
hotpot_distractor_dev,validation,5abbd8655542992ccd8e7fba,
hotpot_distractor_dev,validation,5ac3c1805542995ef918c21f,
hotpot_distractor_dev,validation,5ab627d555429953192ad27e,
hotpot_distractor_dev,validation,5ac2ae4155429921a00ab030,
hotpot_distractor_dev,validation,5a74d9c555429929fddd84fb,
hotpot_distractor_dev,validation,5ab8829d55429934fafe6e08,
hotpot_distractor_dev,validation,5ab5b732554299494045f03c,
hotpot_distractor_dev,validation,5a751bbe5542993748c897ba,
hotpot_distractor_dev,validation,5aba11d25542994dbf0198a6,
hotpot_distractor_dev,validation,5abcfd7e5542993a06baf9df,
hotpot_distractor_dev,validation,5a8072a5554299485f5985f1,
hotpot_distractor_dev,validation,5a7507455542993748c8979d,
hotpot_distractor_dev,validation,5ade0bc55542997545bbbe30,
hotpot_distractor_dev,validation,5a7af08655429931da12c989,
hotpot_distractor_dev,validation,5a8e463a5542995a26add4b7,
hotpot_distractor_dev,validation,5ab6ecd85542991d322236cf,
hotpot_distractor_dev,validation,5ae3f0c85542995ad6573cb1,
hotpot_distractor_dev,validation,5a8319b255429940e5e1a960,
hotpot_distractor_dev,validation,5a8c2bb4554299240d9c20ac,
hotpot_distractor_dev,validation,5ae1ebf95542997283cd22f2,
hotpot_distractor_dev,validation,5ac471a5554299194317399a,
hotpot_distractor_dev,validation,5a78f8e555429970f5fffe01,
hotpot_distractor_dev,validation,5ae47dd95542995ad6573d57,
hotpot_distractor_dev,validation,5abfd83f5542997ec76fd45c,
hotpot_distractor_dev,validation,5ab8ae585542991b5579efd8,
hotpot_distractor_dev,validation,5a84bda45542992a431d1a96,
hotpot_distractor_dev,validation,5a710bb15542994082a3e50d,
hotpot_distractor_dev,validation,5a7270395542992359bc30a8,
hotpot_distractor_dev,validation,5a73d3ea5542992d56e7e3af,
hotpot_distractor_dev,validation,5a90b1635542990a984936a9,
hotpot_distractor_dev,validation,5ae1f528554299234fd04370,
hotpot_distractor_dev,validation,5a8ee02955429917b4a5bdfa,
hotpot_distractor_dev,validation,5a7d9d2b5542997cc2c47464,
hotpot_distractor_dev,validation,5ae3f1bb5542995ad6573cbe,
hotpot_distractor_dev,validation,5ac3908e554299741d48a297,
hotpot_distractor_dev,validation,5ae0e8c35542997b2ef7d064,
hotpot_distractor_dev,validation,5a8f45385542997ba9cb320a,
hotpot_distractor_dev,validation,5ab82fe155429919ba4e225a,
hotpot_distractor_dev,validation,5a89dca8554299669944a5dd,
hotpot_distractor_dev,validation,5ac0aa595542992a796ded5a,
hotpot_distractor_dev,validation,5a7e694a5542997cc2c4753d,
hotpot_distractor_dev,validation,5a889d18554299206df2b310,
hotpot_distractor_dev,validation,5ab72d925542993667793f6e,
hotpot_distractor_dev,validation,5ae031c455429924de1b7055,
hotpot_distractor_dev,validation,5a7180205542994082a3e856,
hotpot_distractor_dev,validation,5a88f2cc55429938390d3ffb,
hotpot_distractor_dev,validation,5a8a793555429930ff3c0de7,
hotpot_distractor_dev,validation,5ac4241e5542997ea680ca10,
hotpot_distractor_dev,validation,5a8db788554299653c1aa145,
hotpot_distractor_dev,validation,5ae49f2c5542995ad6573dc1,
hotpot_distractor_dev,validation,5a89217455429938390d4039,
hotpot_distractor_dev,validation,5ae402085542995dadf242ca,
hotpot_distractor_dev,validation,5ae760415542997b22f6a708,
hotpot_distractor_dev,validation,5a8f5273554299458435d5b1,
hotpot_distractor_dev,validation,5ab4234f5542991751b4d685,
hotpot_distractor_dev,validation,5a83d7535542993344746093,
hotpot_distractor_dev,validation,5a8933fe55429951533612df,
hotpot_distractor_dev,validation,5ac3d2ac554299741d48a330,
hotpot_distractor_dev,validation,5a83d0ed5542996488c2e4e7,
hotpot_distractor_dev,validation,5a8c758d5542995e66a475ff,
hotpot_distractor_dev,validation,5adcb30b5542994d58a2f69f,
hotpot_distractor_dev,validation,5a8f2cc855429918e830d1be,
hotpot_distractor_dev,validation,5adcd28c5542994d58a2f6ea,
hotpot_distractor_dev,validation,5a862c38554299211dda2a9a,
hotpot_distractor_dev,validation,5ae12d5355429920d52342eb,
hotpot_distractor_dev,validation,5ac4e476554299076e296e34,
hotpot_distractor_dev,validation,5ae13c5155429920d5234336,
hotpot_distractor_dev,validation,5a81d6cd55429903bc27b9e0,
hotpot_distractor_dev,validation,5ab624b855429953192ad26d,
hotpot_distractor_dev,validation,5ae6940e5542991bbc97613f,
hotpot_distractor_dev,validation,5a89a128554299669944a552,
hotpot_distractor_dev,validation,5a8708ba55429960ec39b701,
hotpot_distractor_dev,validation,5ade595e5542992fa25da761,
hotpot_distractor_dev,validation,5aba71be5542994dbf01990c,
hotpot_distractor_dev,validation,5a90b4fe55429916514e7525,
hotpot_distractor_dev,validation,5ab281f45542993be8fa9938,
hotpot_distractor_dev,validation,5adc9ebc5542994d58a2f681,
hotpot_distractor_dev,validation,5add750c5542990dbb2f7e53,
hotpot_distractor_dev,validation,5ab80faf55429916710eafd9,
hotpot_distractor_dev,validation,5aba7cb455429901930fa7eb,
hotpot_distractor_dev,validation,5a7e71ab55429949594199bc,
hotpot_distractor_dev,validation,5a7c34905542996dd594b8d5,
hotpot_distractor_dev,validation,5abdcaea55429965af743e4e,
hotpot_distractor_dev,validation,5a7ddfc55542995f4f4022e9,
hotpot_distractor_dev,validation,5adca8215542994ed6169bbc,
hotpot_distractor_dev,validation,5a7f9cb55542995d8a8ddec1,
hotpot_distractor_dev,validation,5ae7ad385542993210983ef0,
hotpot_distractor_dev,validation,5a8f157e554299458435d54d,
hotpot_distractor_dev,validation,5ae61bfd5542992663a4f261,
hotpot_distractor_dev,validation,5ae2c8b05542992decbdcd9d,
hotpot_distractor_dev,validation,5ab2f6bd554299166977415e,
hotpot_distractor_dev,validation,5a7744555542994aec3b725b,
hotpot_distractor_dev,validation,5a8639545542991e771815c7,
hotpot_distractor_dev,validation,5ae40a2955429970de88d8a3,
hotpot_distractor_dev,validation,5a7415cf55429979e28828a6,
hotpot_distractor_dev,validation,5abe3dc65542993f32c2a0c4,
hotpot_distractor_dev,validation,5add566b5542995b365fab14,
hotpot_distractor_dev,validation,5ab925fd554299131ca42281,
hotpot_distractor_dev,validation,5a72fc865542991f9a20c5e9,
hotpot_distractor_dev,validation,5ae22a08554299234fd0440b,
hotpot_distractor_dev,validation,5ab225565542993be8fa98bf,
hotpot_distractor_dev,validation,5a8b78f055429971feec471a,
hotpot_distractor_dev,validation,5ac5632e5542993e66e823d9,
hotpot_distractor_dev,validation,5a79186f55429907847277af,
hotpot_distractor_dev,validation,5ac39bd8554299657fa290fe,
hotpot_distractor_dev,validation,5a75fa8c55429976ec32bcda,
hotpot_distractor_dev,validation,5a7b1bb5554299042af8f6d4,
hotpot_distractor_dev,validation,5ab53ef1554299488d4d9920,
hotpot_distractor_dev,validation,5abe3e545542993f32c2a0c7,
hotpot_distractor_dev,validation,5a83108d55429966c78a6b1e,
hotpot_distractor_dev,validation,5ab3e4ee554299233954ffe1,
hotpot_distractor_dev,validation,5ab844815542992aa3b8c8af,
hotpot_distractor_dev,validation,5a79f95d5542996c55b2dcbd,
hotpot_distractor_dev,validation,5add8ec55542997545bbbd7e,
hotpot_distractor_dev,validation,5a8f6e295542992414482ac6,
hotpot_distractor_dev,validation,5ade26db5542997c77aded77,
hotpot_distractor_dev,validation,5a74167455429929fddd83dc,
hotpot_distractor_dev,validation,5a8da2b05542994ba4e3dcdc,
hotpot_distractor_dev,validation,5a8bbb8c5542995d1e6f142e,
hotpot_distractor_dev,validation,5a7115475542994082a3e56d,
hotpot_distractor_dev,validation,5a8fbfcd5542997ba9cb3316,
hotpot_distractor_dev,validation,5abfb4235542990832d3a1ca,
hotpot_distractor_dev,validation,5abd077055429965836004f4,
hotpot_distractor_dev,validation,5a7cb5f0554299452d57b9b5,
hotpot_distractor_dev,validation,5adf33b35542993a75d26420,
hotpot_distractor_dev,validation,5abf877c5542990832d3a147,
hotpot_distractor_dev,validation,5a80abec5542996402f6a5e1,
hotpot_distractor_dev,validation,5ac2a277554299657fa28ff3,
hotpot_distractor_dev,validation,5abbe20d55429931dba145c6,
hotpot_distractor_dev,validation,5ae23d945542996483e64939,
hotpot_distractor_dev,validation,5a8ba761554299240d9c2066,
hotpot_distractor_dev,validation,5a8d838955429941ae14dfe5,
hotpot_distractor_dev,validation,5a8732505542991e77181713,
hotpot_distractor_dev,validation,5ab3f24c5542992ade7c6eef,
hotpot_distractor_dev,validation,5a7f46115542994857a766d9,
hotpot_distractor_dev,validation,5add889b5542997545bbbd68,
hotpot_distractor_dev,validation,5a7bc1bf55429927d897c033,
hotpot_distractor_dev,validation,5ac42a64554299076e296d7b,
hotpot_distractor_dev,validation,5a7cf59b55429909bec768c7,
hotpot_distractor_dev,validation,5add433b5542997545bbbd02,
hotpot_distractor_dev,validation,5a846acc5542993344746117,
hotpot_distractor_dev,validation,5a7f75e95542992e7d278d09,
hotpot_distractor_dev,validation,5ab3244c554299233954ff29,
hotpot_distractor_dev,validation,5ae45cba5542991a06ce9a4a,
hotpot_distractor_dev,validation,5ade90aa554299728e26c733,
hotpot_distractor_dev,validation,5a82bb3c55429966c78a6a86,
hotpot_distractor_dev,validation,5a888a625542997e5c09a602,
hotpot_distractor_dev,validation,5ae0e183554299422ee9953f,
hotpot_distractor_dev,validation,5ae2c4d75542991a06ce98d0,
hotpot_distractor_dev,validation,5ab8b02d5542991b5579efdb,
hotpot_distractor_dev,validation,5abe4fd95542991f6610613d,
hotpot_distractor_dev,validation,5a74a26a55429979e28829d6,
hotpot_distractor_dev,validation,5ac31a73554299741d48a1e9,
hotpot_distractor_dev,validation,5a728f015542991f9a20c4e4,
hotpot_distractor_dev,validation,5a75f1a755429976ec32bcb1,
hotpot_distractor_dev,validation,5a8319a05542990548d0b178,
hotpot_distractor_dev,validation,5a80fd17554299260e20a1f1,
hotpot_distractor_dev,validation,5a72634d5542997f82783994,
hotpot_distractor_dev,validation,5a89b1de5542992e4fca8378,
hotpot_distractor_dev,validation,5a8841ee5542994846c1ce6b,
hotpot_distractor_dev,validation,5a8eabf755429917b4a5bdaa,
hotpot_distractor_dev,validation,5ae0159855429925eb1afc09,
hotpot_distractor_dev,validation,5adf74075542992d7e9f937c,
hotpot_distractor_dev,validation,5ae765bf5542995703ce8c12,
hotpot_distractor_dev,validation,5ac4e03f5542995c82c4ad75,
hotpot_distractor_dev,validation,5a7129685542994082a3e5fa,
hotpot_distractor_dev,validation,5ac1682855429964131be1d2,
hotpot_distractor_dev,validation,5ade79335542997c77adee38,
hotpot_distractor_dev,validation,5a8a1a9c5542992d82986ebb,
hotpot_distractor_dev,validation,5a7b85ac5542997c3ec971ef,
hotpot_distractor_dev,validation,5a83ab355542990548d0b218,
hotpot_distractor_dev,validation,5ade15ae5542990dbb2f7f4c,
hotpot_distractor_dev,validation,5adc985e5542990d50227cb7,
hotpot_distractor_dev,validation,5adcb0ab5542994d58a2f69a,
hotpot_distractor_dev,validation,5a8b71915542995d1e6f1393,
hotpot_distractor_dev,validation,5a8c9fc2554299653c1aa0d4,
hotpot_distractor_dev,validation,5ae7936d5542997ec27276a7,
hotpot_distractor_dev,validation,5ac4e13f554299076e296e2d,
hotpot_distractor_dev,validation,5abbda84554299642a094b5b,
hotpot_distractor_dev,validation,5ac238c555429951e9e684ab,
hotpot_distractor_dev,validation,5aba18ee5542994dbf0198b4,
hotpot_distractor_dev,validation,5abbd5a75542993f40c73bd3,
hotpot_distractor_dev,validation,5ae7620f5542997ec2727627,
hotpot_distractor_dev,validation,5a774a9855429972597f14ea,
hotpot_distractor_dev,validation,5a88a1bb5542997e5c09a64c,
hotpot_distractor_dev,validation,5ab2bc80554299194fa934d7,
hotpot_distractor_dev,validation,5ae81b2755429952e35eaa1e,
hotpot_distractor_dev,validation,5a8b97485542995d1e6f140f,
hotpot_distractor_dev,validation,5a89cde555429946c8d6e9c4,
hotpot_distractor_dev,validation,5ac13a3d5542996f0d89cc75,
hotpot_distractor_dev,validation,5ab52a255542996a3a96a048,
hotpot_distractor_dev,validation,5ae3294155429928c423963d,
hotpot_distractor_dev,validation,5a89761d5542995153361310,
hotpot_distractor_dev,validation,5ade9c9355429975fa854f1b,
hotpot_distractor_dev,validation,5abe65e25542993f32c2a101,
hotpot_distractor_dev,validation,5a7130365542994082a3e645,
hotpot_distractor_dev,validation,5ae28f43554299492dc91c2f,
hotpot_distractor_dev,validation,5ab3eac5554299753aec59ec,
hotpot_distractor_dev,validation,5abd7d0c55429924427fd010,
hotpot_distractor_dev,validation,5a8e4a7355429917b4a5bd80,
hotpot_distractor_dev,validation,5a70f9335542994082a3e46a,
hotpot_distractor_dev,validation,5ab2a292554299194fa93496,
hotpot_distractor_dev,validation,5a7f79155542995d8a8dde86,
hotpot_distractor_dev,validation,5abf12005542997719eab661,
hotpot_distractor_dev,validation,5ae5ff845542996de7b71ad0,
hotpot_distractor_dev,validation,5a87c6a75542997e5c09a56f,
hotpot_distractor_dev,validation,5adf73a45542992d7e9f9378,
hotpot_distractor_dev,validation,5ae0504055429942ec259c6a,
hotpot_distractor_dev,validation,5a7bacf2554299294a54aa8d,
hotpot_distractor_dev,validation,5a8720885542991e771816d8,
hotpot_distractor_dev,validation,5abbcfaf5542993f40c73ba9,
hotpot_distractor_dev,validation,5ac02c4a5542992a796decbd,
hotpot_distractor_dev,validation,5ae6e36155429908198fa6d3,
hotpot_distractor_dev,validation,5ae2c2c05542996483e64a4a,
hotpot_distractor_dev,validation,5a7326cb5542994cef4bc47f,
hotpot_distractor_dev,validation,5adc6ca85542994650320ce1,
hotpot_distractor_dev,validation,5a74629255429929fddd8402,
hotpot_distractor_dev,validation,5abbaf6c554299660624171c,
hotpot_distractor_dev,validation,5ae2fca555429928c423958a,
hotpot_distractor_dev,validation,5ac116595542992a796dedd1,
hotpot_distractor_dev,validation,5a89e95c5542992e4fca8474,
hotpot_distractor_dev,validation,5a7631c05542994ccc91870b,
hotpot_distractor_dev,validation,5a81b7205542990a1d231e79,
hotpot_distractor_dev,validation,5adc02905542994650320c50,
hotpot_distractor_dev,validation,5a74f63e5542993748c89758,
hotpot_distractor_dev,validation,5a8f53ad5542992414482a50,
hotpot_distractor_dev,validation,5ab2b2a7554299295394681d,
hotpot_distractor_dev,validation,5ae67fad5542991bbc976100,
hotpot_distractor_dev,validation,5ae807d25542993210984045,
hotpot_distractor_dev,validation,5abe45b855429976d4830ad0,
hotpot_distractor_dev,validation,5a81d0515542990a1d231ed4,
hotpot_distractor_dev,validation,5a8a21a455429930ff3c0caf,
hotpot_distractor_dev,validation,5a8051265542992bc0c4a6f8,
hotpot_distractor_dev,validation,5adc8c545542994734353734,
hotpot_distractor_dev,validation,5a7e49e05542991319bc9463,
hotpot_distractor_dev,validation,5a713f395542994082a3e6ea,
hotpot_distractor_dev,validation,5a8e5f1f5542995a26add4d6,
hotpot_distractor_dev,validation,5ab7f2d05542993667794064,
hotpot_distractor_dev,validation,5a793b5b55429970f5fffe82,
hotpot_distractor_dev,validation,5a8911dd554299515336129d,
hotpot_distractor_dev,validation,5ab3f8c25542992ade7c6f02,
hotpot_distractor_dev,validation,5a811667554299260e20a23d,
hotpot_distractor_dev,validation,5ab30336554299166977417c,
hotpot_distractor_dev,validation,5abbd66a5542993f40c73bd8,
hotpot_distractor_dev,validation,5ac2610455429951e9e68592,
hotpot_distractor_dev,validation,5abb01025542992ccd8e7eab,
hotpot_distractor_dev,validation,5add647a5542995b365fab26,
hotpot_distractor_dev,validation,5a8b5c8155429949d91db56d,
hotpot_distractor_dev,validation,5a90984f55429933b8a20578,
hotpot_distractor_dev,validation,5adf2ba05542993a75d26411,
hotpot_distractor_dev,validation,5a77bdcb5542997042120b0b,
hotpot_distractor_dev,validation,5a88c4175542997e5c09a6ae,
hotpot_distractor_dev,validation,5a7666095542992d0ec060db,
hotpot_distractor_dev,validation,5ac312ee5542995ef918c0ec,
hotpot_distractor_dev,validation,5a7db0a05542991319bc93f5,
hotpot_distractor_dev,validation,5a78d38455429970f5fffd94,
hotpot_distractor_dev,validation,5ac37dd6554299218029dbdb,
hotpot_distractor_dev,validation,5ab66a3555429954757d3290,
hotpot_distractor_dev,validation,5ab59ffe5542997d4ad1f193,
hotpot_distractor_dev,validation,5add7b0c5542992200553b39,
hotpot_distractor_dev,validation,5ab661ac5542995eadeeffb1,
hotpot_distractor_dev,validation,5ae601e45542992663a4f23b,
hotpot_distractor_dev,validation,5a72d7b35542991f9a20c5be,
hotpot_distractor_dev,validation,5ac2d85e55429921a00ab06b,
hotpot_distractor_dev,validation,5a80a587554299485f598676,
hotpot_distractor_dev,validation,5ae2fa1b55429928c4239583,
hotpot_distractor_dev,validation,5ac50bca55429924173fb57f,
hotpot_distractor_dev,validation,5ae143ed55429920d5234360,
hotpot_distractor_dev,validation,5ac43e0f554299076e296d8e,
hotpot_distractor_dev,validation,5a7a0e745542990783324e1d,
hotpot_distractor_dev,validation,5ac43530554299204fd21f0a,
hotpot_distractor_dev,validation,5a78e3b955429974737f78f1,
hotpot_distractor_dev,validation,5a87279b5542991e771816f7,
hotpot_distractor_dev,validation,5a8f8c6d5542997ba9cb32b1,
hotpot_distractor_dev,validation,5ab327bc554299233954ff33,
hotpot_distractor_dev,validation,5a8b56d655429949d91db557,
hotpot_distractor_dev,validation,5ac033495542996f0d89cb59,
hotpot_distractor_dev,validation,5ab6cd0e554299710c8d1f68,
hotpot_distractor_dev,validation,5a7a2ec35542990783324eae,
hotpot_distractor_dev,validation,5a7e42df5542994959419954,
hotpot_distractor_dev,validation,5a7b78c35542997c3ec971a9,
hotpot_distractor_dev,validation,5a7dafe15542991319bc93f3,
hotpot_distractor_dev,validation,5adf8c375542995534e8c7dd,
hotpot_distractor_dev,validation,5a79fbd3554299029c4b5f93,
hotpot_distractor_dev,validation,5ab8627f5542990e739ec8da,
hotpot_distractor_dev,validation,5ac2ffea55429921a00ab0cc,
hotpot_distractor_dev,validation,5ab5467e554299494045ef5e,
hotpot_distractor_dev,validation,5a7e2e3a55429934daa2fbe6,
hotpot_distractor_dev,validation,5a78f1b555429970f5fffde9,
hotpot_distractor_dev,validation,5ae269955542992decbdccf3,
hotpot_distractor_dev,validation,5ac3ce74554299204fd21e71,
hotpot_distractor_dev,validation,5abab18d55429901930fa89e,
hotpot_distractor_dev,validation,5abc3d505542993a06baf8a7,
hotpot_distractor_dev,validation,5ab67aba55429954757d32e7,
hotpot_distractor_dev,validation,5ab2be71554299166977408c,
hotpot_distractor_dev,validation,5ae531695542990ba0bbb1fb,
hotpot_distractor_dev,validation,5a738093554299623ed4abbb,
hotpot_distractor_dev,validation,5a8c2d23554299240d9c20b7,
hotpot_distractor_dev,validation,5a7b413a5542992d025e67c4,
hotpot_distractor_dev,validation,5adfda9655429925eb1afac0,
hotpot_distractor_dev,validation,5adbf44355429944faac23ce,
hotpot_distractor_dev,validation,5abb66c05542992ccd8e7f3e,
hotpot_distractor_dev,validation,5ac39df8554299741d48a2b6,
hotpot_distractor_dev,validation,5a89fc305542993b751ca9dc,
hotpot_distractor_dev,validation,5adffb4655429925eb1afbbf,
hotpot_distractor_dev,validation,5adfa6db55429942ec259ad6,
hotpot_distractor_dev,validation,5ae3e5d05542994393b9e79f,
hotpot_distractor_dev,validation,5a81ed345542995ce29dcc85,
hotpot_distractor_dev,validation,5a7f650755429969796c1a2c,
hotpot_distractor_dev,validation,5a84564c5542990548d0b288,
hotpot_distractor_dev,validation,5a7736d85542994aec3b722b,
hotpot_distractor_dev,validation,5ae492955542995ad6573daa,
hotpot_distractor_dev,validation,5a845d735542996488c2e52e,
hotpot_distractor_dev,validation,5a8a484f5542996c9b8d5e94,
hotpot_distractor_dev,validation,5a83161555429940e5e1a958,
hotpot_distractor_dev,validation,5ae60530554299546bf8301e,
hotpot_distractor_dev,validation,5a8b34705542995d1e6f130d,
hotpot_distractor_dev,validation,5a810d5255429926c1cdacd8,
hotpot_distractor_dev,validation,5a7e23655542997cc2c47528,
hotpot_distractor_dev,validation,5a836d8a554299123d8c2113,
hotpot_distractor_dev,validation,5abba3255542996cc5e4a031,
hotpot_distractor_dev,validation,5ab6f17d5542995eadef00ee,
hotpot_distractor_dev,validation,5abe34095542993f32c2a088,
hotpot_distractor_dev,validation,5a790364554299029c4b5ee6,
hotpot_distractor_dev,validation,5abd27ba5542993062266ba7,
hotpot_distractor_dev,validation,5abff0785542997d64295957,
hotpot_distractor_dev,validation,5a7e02e05542995ed0d1667c,
hotpot_distractor_dev,validation,5ab43b9d5542990594ba9bc3,
hotpot_distractor_dev,validation,5a8b6a5155429949d91db5a3,
hotpot_distractor_dev,validation,5abcc818554299658360048b,
hotpot_distractor_dev,validation,5a84af3e5542991dd0999d7c,
hotpot_distractor_dev,validation,5ae0ead25542990adbacf6c8,
hotpot_distractor_dev,validation,5a891e1e5542993b751ca913,
hotpot_distractor_dev,validation,5add2ba55542994ed6169ca8,
hotpot_distractor_dev,validation,5a75176a5542993748c897b6,
hotpot_distractor_dev,validation,5ae5c74d554299546bf82f58,
hotpot_distractor_dev,validation,5a77a7695542997042120ac4,
hotpot_distractor_dev,validation,5a851ba95542997175ce1f81,
hotpot_distractor_dev,validation,5adc02445542994650320c4e,
hotpot_distractor_dev,validation,5a7cc58f554299452d57ba45,
hotpot_distractor_dev,validation,5a8db42f5542994ba4e3dd11,
hotpot_distractor_dev,validation,5ac299b155429967731025ad,
hotpot_distractor_dev,validation,5a7312675542994cef4bc43d,
hotpot_distractor_dev,validation,5adde5155542997dc7907092,
hotpot_distractor_dev,validation,5abba8545542993f40c73b72,
hotpot_distractor_dev,validation,5a771e0b55429966f1a36c75,
hotpot_distractor_dev,validation,5add3e2b5542997545bbbcf5,
hotpot_distractor_dev,validation,5a7fcd9c5542992e7d278da9,
hotpot_distractor_dev,validation,5a7c43c65542990527d5547e,
hotpot_distractor_dev,validation,5ae6097c55429929b0807a9a,
hotpot_distractor_dev,validation,5a77322055429972597f1494,
hotpot_distractor_dev,validation,5ac24d725542996366519966,
hotpot_distractor_dev,validation,5a78ae8b5542990784727730,
hotpot_distractor_dev,validation,5a86578755429960ec39b668,
hotpot_distractor_dev,validation,5a7c7c225542996dd594b93f,
hotpot_distractor_dev,validation,5a8e4b7c5542990e94052ab7,
hotpot_distractor_dev,validation,5a81736255429903bc27b96e,
hotpot_distractor_dev,validation,5abb14a55542992ccd8e7f06,
hotpot_distractor_dev,validation,5a7c8e7955429935c91b521a,
hotpot_distractor_dev,validation,5a7e30b255429934daa2fbeb,
hotpot_distractor_dev,validation,5ac3a4ab5542993915413870,
hotpot_distractor_dev,validation,5a8ad8305542992d82986f9d,
hotpot_distractor_dev,validation,5a79caec5542994bb94570ad,
hotpot_distractor_dev,validation,5ae49a1855429970de88d9cc,
hotpot_distractor_dev,validation,5a77b13655429967ab105235,
hotpot_distractor_dev,validation,5ae7f7d85542994a481bbe52,
hotpot_distractor_dev,validation,5ab3cecd5542992ade7c6eae,
hotpot_distractor_dev,validation,5a847e0a5542990548d0b2c3,
hotpot_distractor_dev,validation,5a88364c5542994846c1ce2e,
hotpot_distractor_dev,validation,5a7eb8f655429934daa2fc50,
hotpot_distractor_dev,validation,5ae528e655429908b632652c,
hotpot_distractor_dev,validation,5abc9fb055429959677d6ac9,
hotpot_distractor_dev,validation,5a74d64055429916b0164223,
hotpot_distractor_dev,validation,5ab7484c5542992aa3b8c80d,
hotpot_distractor_dev,validation,5a7ce100554299683c1c63b5,
hotpot_distractor_dev,validation,5a909a0355429916514e7505,
hotpot_distractor_dev,validation,5a7337715542991f9a20c690,
hotpot_distractor_dev,validation,5ae73c00554299572ea5478a,
hotpot_distractor_dev,validation,5a89d8d055429946c8d6e9df,
hotpot_distractor_dev,validation,5ac507725542994611c8b32a,
hotpot_distractor_dev,validation,5ab262e2554299722f9b4cfd,
hotpot_distractor_dev,validation,5ae205fd554299234fd043a9,
hotpot_distractor_dev,validation,5a74adb455429916b01641c6,
hotpot_distractor_dev,validation,5ae30a4655429928c42395bb,
hotpot_distractor_dev,validation,5a8a416955429930ff3c0d2b,
hotpot_distractor_dev,validation,5a87c0945542996e4f30890b,
hotpot_distractor_dev,validation,5abcf46255429959677d6b6b,
hotpot_distractor_dev,validation,5ab7178f5542991d32223774,
hotpot_distractor_dev,validation,5aba454855429901930fa794,
hotpot_distractor_dev,validation,5adfa73b55429942ec259ad8,
hotpot_distractor_dev,validation,5ab3dbd8554299233954ffd6,
hotpot_distractor_dev,validation,5a7a93115542995eb53be86f,
hotpot_distractor_dev,validation,5a79f6825542996c55b2dcb4,
hotpot_distractor_dev,validation,5a7c646e55429907fabeef7c,
hotpot_distractor_dev,validation,5a7a650355429941d65f2615,
hotpot_distractor_dev,validation,5ae4903855429913cc2044a0,
hotpot_distractor_dev,validation,5ab3d1b85542992ade7c6eba,
hotpot_distractor_dev,validation,5ab8337a55429919ba4e225f,
hotpot_distractor_dev,validation,5a7bea3d5542996dd594b847,
hotpot_distractor_dev,validation,5a882d9a5542997e5c09a599,
hotpot_distractor_dev,validation,5ab602405542992aa134a401,
hotpot_distractor_dev,validation,5ab6cce1554299710c8d1f67,
hotpot_distractor_dev,validation,5a72814f5542994cef4bc2eb,
hotpot_distractor_dev,validation,5abbdb9a55429931dba145ad,
hotpot_distractor_dev,validation,5ab488bc5542990594ba9c55,
hotpot_distractor_dev,validation,5abf1a6b5542997ec76fd3c1,
hotpot_distractor_dev,validation,5a9070dd5542995b442420b5,
hotpot_distractor_dev,validation,5ab3d2595542992ade7c6ebf,
hotpot_distractor_dev,validation,5ab6c63755429953192ad38b,
hotpot_distractor_dev,validation,5a8b1a925542997f31a41c6e,
hotpot_distractor_dev,validation,5a77afcd5542997042120adf,
hotpot_distractor_dev,validation,5a8600665542994775f606ee,
hotpot_distractor_dev,validation,5ac2583b55429951e9e68565,
hotpot_distractor_dev,validation,5a8d9f35554299441c6ba018,
hotpot_distractor_dev,validation,5a8284b555429954d2e2eb5f,
hotpot_distractor_dev,validation,5ac1c7605542994ab5c67e14,
hotpot_distractor_dev,validation,5ae22670554299234fd043fc,
hotpot_distractor_dev,validation,5a810c44554299260e20a221,
hotpot_distractor_dev,validation,5a7ec7f355429934daa2fc64,
hotpot_distractor_dev,validation,5ae7257a554299572ea54731,
hotpot_distractor_dev,validation,5a755f0a5542996c70cfaee7,
hotpot_distractor_dev,validation,5adf6b405542992d7e9f9341,
hotpot_distractor_dev,validation,5ab74eb85542993667793fb8,
hotpot_distractor_dev,validation,5a76fe7b5542994aec3b71b2,
hotpot_distractor_dev,validation,5ab91b6c55429934fafe6e5f,
hotpot_distractor_dev,validation,5a83172455429954d2e2ec14,
hotpot_distractor_dev,validation,5abece075542997ec76fd36d,
hotpot_distractor_dev,validation,5a8a833855429970aeb702fe,
hotpot_distractor_dev,validation,5abface75542990832d3a196,
hotpot_distractor_dev,validation,5abd882f55429924427fd045,
hotpot_distractor_dev,validation,5ac4d314554299076e296e02,
hotpot_distractor_dev,validation,5a85bc2d5542994c784ddb70,
hotpot_distractor_dev,validation,5a88fa1c5542995153361219,
hotpot_distractor_dev,validation,5ae1e4095542997283cd22bf,
hotpot_distractor_dev,validation,5abd96fe5542992ac4f382d9,
hotpot_distractor_dev,validation,5a7c67c15542990527d55498,
hotpot_distractor_dev,validation,5ae256c35542994d89d5b3e9,
hotpot_distractor_dev,validation,5ae1c3cd554299492dc91b87,
hotpot_distractor_dev,validation,5a8a1a975542992e4fca8505,
hotpot_distractor_dev,validation,5ac160605542994ab5c67d02,
hotpot_distractor_dev,validation,5a75ac415542992d0ec05fdb,
hotpot_distractor_dev,validation,5ae5a63c5542992663a4f203,
hotpot_distractor_dev,validation,5a77d5b855429949eeb29f77,
hotpot_distractor_dev,validation,5a8c5bff554299240d9c2139,
hotpot_distractor_dev,validation,5a8a573355429970aeb7029a,
hotpot_distractor_dev,validation,5ae4ca6355429913cc204507,
hotpot_distractor_dev,validation,5a7264ed5542990c210a411a,
hotpot_distractor_dev,validation,5add2df85542992ae4cec4d6,
hotpot_distractor_dev,validation,5a77e62b5542992a6e59dfea,
hotpot_distractor_dev,validation,5ac19ba355429963665198b7,
hotpot_distractor_dev,validation,5ab32256554299233954ff22,
hotpot_distractor_dev,validation,5a728b1c5542992359bc30e0,
hotpot_distractor_dev,validation,5abec8e45542997ec76fd364,
hotpot_distractor_dev,validation,5a8753c05542994846c1cd62,
hotpot_distractor_dev,validation,5ae6638555429908198fa5ba,
hotpot_distractor_dev,validation,5a77857155429949eeb29ebf,
hotpot_distractor_dev,validation,5ae1f70c5542997f29b3c1c5,
hotpot_distractor_dev,validation,5ac10832554299012d1db687,
hotpot_distractor_dev,validation,5ae0b0ab55429945ae959423,
hotpot_distractor_dev,validation,5ab7a1f65542991d3222378f,
hotpot_distractor_dev,validation,5a7563a45542996c70cfaeec,
hotpot_distractor_dev,validation,5ae792f55542994a481bbdae,
hotpot_distractor_dev,validation,5ac3ac1855429939154138ab,
hotpot_distractor_dev,validation,5a802b595542995d8a8ddf51,
hotpot_distractor_dev,validation,5a79c1095542996c55b2dc62,
hotpot_distractor_dev,validation,5adc93a4554299438c868e01,
hotpot_distractor_dev,validation,5ab91e3255429916710eb117,
hotpot_distractor_dev,validation,5a804f01554299485f5985bf,
hotpot_distractor_dev,validation,5a7fa22b5542992097ad2fa6,
hotpot_distractor_dev,validation,5abc1ca15542993a06baf88d,
hotpot_distractor_dev,validation,5ab204795542993be8fa98ad,
hotpot_distractor_dev,validation,5addf05a5542997dc79070cd,
hotpot_distractor_dev,validation,5a79bed05542994bb9457053,
hotpot_distractor_dev,validation,5a8ffd705542995651fb5096,
hotpot_distractor_dev,validation,5a8cac04554299240d9c21ce,
hotpot_distractor_dev,validation,5ab5fcae554299110f2199ad,
hotpot_distractor_dev,validation,5a8f876e5542997ba9cb32a1,
hotpot_distractor_dev,validation,5adfb992554299603e418391,
hotpot_distractor_dev,validation,5adcc7395542990d50227d13,
hotpot_distractor_dev,validation,5ab85d6c55429919ba4e22cb,
hotpot_distractor_dev,validation,5a796c805542990784727805,
hotpot_distractor_dev,validation,5ae21154554299495565d9d4,
hotpot_distractor_dev,validation,5adcc6765542994d58a2f6c9,
hotpot_distractor_dev,validation,5abd64cb55429933744ab7ad,
hotpot_distractor_dev,validation,5ab7cc145542995dae37e9a1,
hotpot_distractor_dev,validation,5a77a14655429949eeb29f13,
hotpot_distractor_dev,validation,5ae00b9f554299025d62a3c3,
hotpot_distractor_dev,validation,5ab3acc9554299753aec5985,
hotpot_distractor_dev,validation,5a79cd395542994bb94570be,
hotpot_distractor_dev,validation,5ab236645542993be8fa98c9,
hotpot_distractor_dev,validation,5ae8027d5542993210984031,
hotpot_distractor_dev,validation,5a879dae5542996e4f308885,
hotpot_distractor_dev,validation,5a7a03225542996c55b2dcd5,
hotpot_distractor_dev,validation,5a7dc3275542997cc2c4749c,
hotpot_distractor_dev,validation,5a89f6235542993b751ca9c7,
hotpot_distractor_dev,validation,5a775cdb5542993735360244,
hotpot_distractor_dev,validation,5a8efba955429918e830d173,
hotpot_distractor_dev,validation,5ae2952a5542994d89d5b42b,
hotpot_distractor_dev,validation,5adfa97555429942ec259ae1,
hotpot_distractor_dev,validation,5a8b3d795542997f31a41cc1,
hotpot_distractor_dev,validation,5a7717635542994aec3b71e3,
hotpot_distractor_dev,validation,5a83b01c5542996488c2e489,
hotpot_distractor_dev,validation,5ab7d33d5542992aa3b8c859,
hotpot_distractor_dev,validation,5a8c6bd55542995e66a475ea,
hotpot_distractor_dev,validation,5a773c7755429972597f14b5,
hotpot_distractor_dev,validation,5ab1ec725542993be8fa9883,
hotpot_distractor_dev,validation,5ae49bb755429970de88d9d7,
hotpot_distractor_dev,validation,5ac2e9c45542990b17b154a0,
hotpot_distractor_dev,validation,5a77c0c05542995d831812a1,
hotpot_distractor_dev,validation,5a80870d5542992bc0c4a752,
hotpot_distractor_dev,validation,5a772c925542993735360208,
hotpot_distractor_dev,validation,5a8a09765542992d82986e67,
hotpot_distractor_dev,validation,5a7b220855429931da12c9e5,
hotpot_distractor_dev,validation,5ac51c2255429924173fb5b4,
hotpot_distractor_dev,validation,5ab868e755429919ba4e22e3,
hotpot_distractor_dev,validation,5ab3c7df55429969a97a81be,
hotpot_distractor_dev,validation,5a7294b65542991f9a20c509,
hotpot_distractor_dev,validation,5a8595a85542992a431d1b48,
hotpot_distractor_dev,validation,5a887771554299206df2b294,
hotpot_distractor_dev,validation,5a88b3b4554299206df2b336,
hotpot_distractor_dev,validation,5ae6fee3554299572ea54670,
hotpot_distractor_dev,validation,5ab97a315542996be2020517,
hotpot_distractor_dev,validation,5a714b645542994082a3e78b,
hotpot_distractor_dev,validation,5abd0553554299700f9d7963,
hotpot_distractor_dev,validation,5add1d435542990d50227de8,
hotpot_distractor_dev,validation,5a8a0ed55542992e4fca84e8,
hotpot_distractor_dev,validation,5ab2861b554299449642c8df,
hotpot_distractor_dev,validation,5a76394c5542994ccc918725,
hotpot_distractor_dev,validation,5adc995d5542994ed6169ba8,
hotpot_distractor_dev,validation,5abd0b9a5542996e802b46b7,
hotpot_distractor_dev,validation,5ab7948b5542995dae37e969,
hotpot_distractor_dev,validation,5a7f1d3c5542993067513639,
hotpot_distractor_dev,validation,5a8661535542994775f60758,
hotpot_distractor_dev,validation,5ab4396555429942dd415eed,
hotpot_distractor_dev,validation,5ae3776e5542992e3233c40c,
hotpot_distractor_dev,validation,5ac259585542992f1f2b3868,
hotpot_distractor_dev,validation,5a77671255429966f1a36d21,
hotpot_distractor_dev,validation,5ae1b8075542997283cd2262,
hotpot_distractor_dev,validation,5ae773eb5542997b22f6a777,
hotpot_distractor_dev,validation,5ab72b5855429928e1fe3828,
hotpot_distractor_dev,validation,5ab7b3cc55429928e1fe3893,
hotpot_distractor_dev,validation,5ab8261655429934fafe6cf1,
hotpot_distractor_dev,validation,5ab8848d55429916710eb07b,
hotpot_distractor_dev,validation,5ae26c435542994d89d5b420,
hotpot_distractor_dev,validation,5ab6c181554299110f219a5f,
hotpot_distractor_dev,validation,5ab707d65542991d32223761,
hotpot_distractor_dev,validation,5a7fa2ad5542994857a76792,
hotpot_distractor_dev,validation,5ae346365542991a06ce9985,
hotpot_distractor_dev,validation,5a8645825542991e771815eb,
hotpot_distractor_dev,validation,5a8e0d04554299068b959e3a,
hotpot_distractor_dev,validation,5a7a96b055429941d65f26d7,
hotpot_distractor_dev,validation,5abc5955554299114383a118,
hotpot_distractor_dev,validation,5ae780bf554299540e5a55d0,
hotpot_distractor_dev,validation,5ae1452c554299422ee99654,
hotpot_distractor_dev,validation,5ac3ac8255429939154138ad,
hotpot_distractor_dev,validation,5abdd30c5542991f66106052,
hotpot_distractor_dev,validation,5a7fa1b05542994857a7678e,
hotpot_distractor_dev,validation,5a88fa145542997e5c09a6e1,
hotpot_distractor_dev,validation,5ab90db455429916710eb0f2,
hotpot_distractor_dev,validation,5ab95dd8554299743d22eb13,
hotpot_distractor_dev,validation,5a7bbc59554299294a54aaa9,
hotpot_distractor_dev,validation,5a8595005542992a431d1b40,
hotpot_distractor_dev,validation,5a884adb5542996e4f308938,
hotpot_distractor_dev,validation,5ae0db8955429924de1b71a1,
hotpot_distractor_dev,validation,5ae5fc345542993aec5ec1f8,
hotpot_distractor_dev,validation,5a84800f554299123d8c2276,
hotpot_distractor_dev,validation,5ab1d2585542997061209581,
hotpot_distractor_dev,validation,5abd0077554299700f9d7954,
hotpot_distractor_dev,validation,5ae0cf8355429945ae959464,
hotpot_distractor_dev,validation,5ae63cc55542992ae0d16298,
hotpot_distractor_dev,validation,5a7d70d45542990b8f50398a,
hotpot_distractor_dev,validation,5abd578a5542993062266c5d,
hotpot_distractor_dev,validation,5ae361605542994393b9e69b,
hotpot_distractor_dev,validation,5adc46665542994650320cc8,
hotpot_distractor_dev,validation,5a87964c5542996e4f30885f,
hotpot_distractor_dev,validation,5a842f705542996488c2e4fc,
hotpot_distractor_dev,validation,5ab2929a554299449642c900,
hotpot_distractor_dev,validation,5a89d36e554299515336132a,
hotpot_distractor_dev,validation,5ae46c9d5542996836b02c9d,
hotpot_distractor_dev,validation,5ae1cf785542997f29b3c12a,
hotpot_distractor_dev,validation,5a8de4595542995085b37348,
hotpot_distractor_dev,validation,5ab7f0995542995dae37e9fb,
hotpot_distractor_dev,validation,5a7345ed5542992359bc32ce,
hotpot_distractor_dev,validation,5abf92c45542993fe9a41e07,
hotpot_distractor_dev,validation,5a8ba67755429971feec4748,
hotpot_distractor_dev,validation,5a874f20554299211dda2bd6,
hotpot_distractor_dev,validation,5abbdd6955429931dba145b5,
hotpot_distractor_dev,validation,5ae635505542992ae0d16282,
hotpot_distractor_dev,validation,5a7a3d435542996a35c17154,
hotpot_distractor_dev,validation,5a7d598d5542995f4f402262,
hotpot_distractor_dev,validation,5ae0f8a05542997b2ef7d0bc,
hotpot_distractor_dev,validation,5a7af4bb55429927d897bf1d,
hotpot_distractor_dev,validation,5a81778355429926c1cdad2e,
hotpot_distractor_dev,validation,5a77b9a35542995d83181280,
hotpot_distractor_dev,validation,5ab724b45542991d32223785,
hotpot_distractor_dev,validation,5a7c25895542997c3ec972e6,
hotpot_distractor_dev,validation,5ac415445542995c82c4acb7,
hotpot_distractor_dev,validation,5ab95a63554299743d22eb06,
hotpot_distractor_dev,validation,5ab3b50055429969a97a818c,
hotpot_distractor_dev,validation,5ae1568a55429901ffe4ae6b,
hotpot_distractor_dev,validation,5a7f10e2554299306751360b,
hotpot_distractor_dev,validation,5a7af2a455429931da12c998,
hotpot_distractor_dev,validation,5ae1810555429901ffe4aecf,
hotpot_distractor_dev,validation,5ae0ae4555429945ae959419,
hotpot_distractor_dev,validation,5abb8afe5542993f40c73b1e,
hotpot_distractor_dev,validation,5ab82e195542992aa3b8c8a8,
hotpot_distractor_dev,validation,5a8d227a554299585d9e37b1,
hotpot_distractor_dev,validation,5add60905542995b365fab1d,
hotpot_distractor_dev,validation,5a77c6e05542995d831812c7,
hotpot_distractor_dev,validation,5ae1ee6d5542997283cd22fd,
hotpot_distractor_dev,validation,5add2b865542992c1e3a2550,
hotpot_distractor_dev,validation,5ab5ee055542997d4ad1f259,
hotpot_distractor_dev,validation,5ac514d05542994611c8b372,
hotpot_distractor_dev,validation,5a8836445542997e5c09a5a5,
hotpot_distractor_dev,validation,5a8010685542992bc0c4a69a,
hotpot_distractor_dev,validation,5a728dc65542992359bc30ef,
hotpot_distractor_dev,validation,5a7c38c955429935c91b5132,
hotpot_distractor_dev,validation,5ab4378f5542991751b4d6f3,
hotpot_distractor_dev,validation,5ab4028555429976abd1bd2b,
hotpot_distractor_dev,validation,5ac2a41e55429967731025d0,
hotpot_distractor_dev,validation,5adeaec455429939a52fe952,
hotpot_distractor_dev,validation,5a7f84225542994857a76756,
hotpot_distractor_dev,validation,5addce005542997dc790703c,
hotpot_distractor_dev,validation,5a87ef2f55429938390d3eb9,
hotpot_distractor_dev,validation,5abd1b5e55429933744ab728,
hotpot_distractor_dev,validation,5a7a5ea15542994f819ef1c7,
hotpot_distractor_dev,validation,5a8d42c95542994ba4e3dc43,
hotpot_distractor_dev,validation,5abb342055429966062416e8,
hotpot_distractor_dev,validation,5ab2b630554299545a2cfa17,
hotpot_distractor_dev,validation,5a7320ac5542991f9a20c620,
hotpot_distractor_dev,validation,5a8febb555429916514e73e4,
hotpot_distractor_dev,validation,5a86481b5542996432c571b5,
hotpot_distractor_dev,validation,5a7d93945542990b8f5039b8,
hotpot_distractor_dev,validation,5ae150ab55429901ffe4ae53,
hotpot_distractor_dev,validation,5a7528e955429929fddd850e,
hotpot_distractor_dev,validation,5ae5dae2554299546bf82fa4,
hotpot_distractor_dev,validation,5ae12f105542997b2ef7d11e,
hotpot_distractor_dev,validation,5a72dcb45542992359bc31af,
hotpot_distractor_dev,validation,5ae530e355429908b6326561,
hotpot_distractor_dev,validation,5abe3abb55429965af743ea1,
hotpot_distractor_dev,validation,5a77a15b5542995d83181226,
hotpot_distractor_dev,validation,5ae409d955429970de88d89d,
hotpot_distractor_dev,validation,5ae3fe635542996836b02c07,
hotpot_distractor_dev,validation,5a7322a25542991f9a20c634,
hotpot_distractor_dev,validation,5a7324e055429901807daf8f,
hotpot_distractor_dev,validation,5addcfd65542997dc790703e,
hotpot_distractor_dev,validation,5abe92de5542993f32c2a16b,
hotpot_distractor_dev,validation,5a80f42b55429938b614226c,
hotpot_distractor_dev,validation,5ab94ade554299743d22eac7,
hotpot_distractor_dev,validation,5aba89fb5542994dbf019933,
hotpot_distractor_dev,validation,5a7651825542992d0ec060a3,
hotpot_distractor_dev,validation,5ac3c1585542995ef918c21d,
hotpot_distractor_dev,validation,5a797bd95542994bb9457016,
hotpot_distractor_dev,validation,5ade5a645542997c77adee0d,
hotpot_distractor_dev,validation,5ae36ee05542992f92d822c4,
hotpot_distractor_dev,validation,5a8b231055429949d91db4c9,
hotpot_distractor_dev,validation,5addd41b5542990dbb2f7e94,
hotpot_distractor_dev,validation,5a8a5bd355429970aeb702b9,
hotpot_distractor_dev,validation,5adbfc945542996e68525296,
hotpot_distractor_dev,validation,5adc294c5542996e685252cf,
hotpot_distractor_dev,validation,5a7351785542994cef4bc539,
hotpot_distractor_dev,validation,5adbc8e25542996e68525230,
hotpot_distractor_dev,validation,5ae0247955429925eb1afc22,
hotpot_distractor_dev,validation,5a8cdcb0554299441c6b9f33,
hotpot_distractor_dev,validation,5a888abc5542997e5c09a604,
hotpot_distractor_dev,validation,5ab9e2055542994dbf019884,
hotpot_distractor_dev,validation,5a851b0d5542997175ce1f7f,
hotpot_distractor_dev,validation,5abd0eae5542996e802b46d4,
hotpot_distractor_dev,validation,5ab930c75542996be202043a,
hotpot_distractor_dev,validation,5abc0dfe55429959677d6a05,
hotpot_distractor_dev,validation,5a82ebb855429966c78a6a9c,
hotpot_distractor_dev,validation,5a7a1d305542990783324e66,
hotpot_distractor_dev,validation,5ac290e85542992f1f2b3916,
hotpot_distractor_dev,validation,5a7b116a554299042af8f6c4,
hotpot_distractor_dev,validation,5ab553e2554299494045ef81,
hotpot_distractor_dev,validation,5ab587f85542992aa134a34d,
hotpot_distractor_dev,validation,5a732ab25542991f29ee2d25,
hotpot_distractor_dev,validation,5ac283f7554299677310254a,
hotpot_distractor_dev,validation,5a7aa5e75542992d025e66d9,
hotpot_distractor_dev,validation,5ae237cf5542992decbdcc78,
hotpot_distractor_dev,validation,5abe4a365542993f32c2a0dc,
hotpot_distractor_dev,validation,5a84f4c75542997175ce1f31,
hotpot_distractor_dev,validation,5add64e35542992200553ae8,
hotpot_distractor_dev,validation,5ac02d59554299294b218f3b,
hotpot_distractor_dev,validation,5adbe27c55429947ff173854,
hotpot_distractor_dev,validation,5a84e0a45542991dd0999e11,
hotpot_distractor_dev,validation,5ac2e97d554299657fa290c0,
hotpot_distractor_dev,validation,5a8ec3205542995a26add506,
hotpot_distractor_dev,validation,5ae39e9c5542990afbd1e195,
hotpot_distractor_dev,validation,5a8c92dd554299653c1aa0c4,
hotpot_distractor_dev,validation,5a81dbfc55429903bc27b9f2,
hotpot_distractor_dev,validation,5ab5e4e15542997d4ad1f229,
hotpot_distractor_dev,validation,5add00775542992c1e3a2503,
hotpot_distractor_dev,validation,5ae7a8d35542994a481bbdbb,
hotpot_distractor_dev,validation,5ab439f055429942dd415eef,
hotpot_distractor_dev,validation,5a8b6efd5542997f31a41d2b,
hotpot_distractor_dev,validation,5ac02d345542992a796decc0,
hotpot_distractor_dev,validation,5a892d6f55429951533612d1,
hotpot_distractor_dev,validation,5abd68d655429933744ab7c0,
hotpot_distractor_dev,validation,5ac3891f554299741d48a284,
hotpot_distractor_dev,validation,5a8135eb55429938b61422fa,
hotpot_distractor_dev,validation,5a7e355055429934daa2fbf4,
hotpot_distractor_dev,validation,5ab5d4eb5542992aa134a3aa,
hotpot_distractor_dev,validation,5a84e4bc5542997b5ce3ff81,
hotpot_distractor_dev,validation,5adfbd4655429942ec259b31,
hotpot_distractor_dev,validation,5ab85e195542992aa3b8c8c5,
hotpot_distractor_dev,validation,5ab6c65e554299710c8d1f58,
hotpot_distractor_dev,validation,5adf9b415542995ec70e904c,
hotpot_distractor_dev,validation,5a7a5aea5542996c55b2dd6f,
hotpot_distractor_dev,validation,5ae446175542995ad6573d1f,
hotpot_distractor_dev,validation,5abbd3b4554299642a094b4f,
hotpot_distractor_dev,validation,5a89875655429938390d4047,
hotpot_distractor_dev,validation,5adeab4555429975fa854f5f,
hotpot_distractor_dev,validation,5a72e4375542992359bc31bf,
hotpot_distractor_dev,validation,5add64065542995b365fab25,
hotpot_distractor_dev,validation,5ae0b4c15542993d6555ec21,
hotpot_distractor_dev,validation,5a8a42ec55429970aeb7027c,
hotpot_distractor_dev,validation,5ae113de55429901ffe4ad51,
hotpot_distractor_dev,validation,5add5f925542997545bbbd48,
hotpot_distractor_dev,validation,5a7fd1515542992e7d278db1,
hotpot_distractor_dev,validation,5a7222b155429971e9dc92c4,
hotpot_distractor_dev,validation,5abb7e4f5542996cc5e4a00b,
hotpot_distractor_dev,validation,5abcf84d55429959677d6b86,
hotpot_distractor_dev,validation,5a7d119d5542995ed0d165d5,
hotpot_distractor_dev,validation,5a8a4a4055429930ff3c0d77,
hotpot_distractor_dev,validation,5a7754d85542993735360234,
hotpot_distractor_dev,validation,5ac44813554299194317396b,
hotpot_distractor_dev,validation,5adbe447554299438c868ccd,
hotpot_distractor_dev,validation,5ae4b8fc55429913cc2044e5,
hotpot_distractor_dev,validation,5ae26fad554299495565da6f,
hotpot_distractor_dev,validation,5ab53436554299637185c504,
hotpot_distractor_dev,validation,5a7e36815542995ed0d166d4,
hotpot_distractor_dev,validation,5a906f9f5542995b442420b3,
hotpot_distractor_dev,validation,5ac0aab35542992a796ded5c,
hotpot_distractor_dev,validation,5abc8507554299700f9d78de,
hotpot_distractor_dev,validation,5ae5d82f554299546bf82f9a,
hotpot_distractor_dev,validation,5abcf51c554299700f9d7949,
hotpot_distractor_dev,validation,5a7a7dc15542994f819ef1f2,
hotpot_distractor_dev,validation,5a77984d5542992a6e59df14,
hotpot_distractor_dev,validation,5a775bab5542994aec3b72a8,
hotpot_distractor_dev,validation,5ab5574b554299488d4d994e,
hotpot_distractor_dev,validation,5a8e7c095542990e94052b22,
hotpot_distractor_dev,validation,5ac2ad5355429921a00ab02c,
hotpot_distractor_dev,validation,5a7f97c05542995d8a8ddeb0,
hotpot_distractor_dev,validation,5a84f8555542997175ce1f3a,
hotpot_distractor_dev,validation,5ab9fe1255429939ce03dc40,
hotpot_distractor_dev,validation,5a77a8b45542995d83181253,
hotpot_distractor_dev,validation,5a7296815542991f9a20c515,
hotpot_distractor_dev,validation,5ae1925a554299492dc91b48,
hotpot_distractor_dev,validation,5a90997b5542995651fb51af,
hotpot_distractor_dev,validation,5ab42e55554299753aec5a53,
hotpot_distractor_dev,validation,5a83972f5542996488c2e46d,
hotpot_distractor_dev,validation,5a7b47765542992d025e67d8,
hotpot_distractor_dev,validation,5ac0aa955542997d64295a49,
hotpot_distractor_dev,validation,5a8b3c0055429949d91db4f8,
hotpot_distractor_dev,validation,5a8361f35542996488c2e431,
hotpot_distractor_dev,validation,5ab54056554299488d4d9923,
hotpot_distractor_dev,validation,5a8a06455542992e4fca84db,
hotpot_distractor_dev,validation,5ae0b9b155429924de1b7152,
hotpot_distractor_dev,validation,5ae1384355429920d5234329,
hotpot_distractor_dev,validation,5ab946d7554299743d22eaaf,
hotpot_distractor_dev,validation,5a8d427f5542994ba4e3dc41,
hotpot_distractor_dev,validation,5a7268235542992359bc3081,
hotpot_distractor_dev,validation,5ae26905554299492dc91c17,
hotpot_distractor_dev,validation,5adcd1665542994d58a2f6e6,
hotpot_distractor_dev,validation,5adfd0d655429942ec259b4e,
hotpot_distractor_dev,validation,5a8b24f255429950cd6afc56,
hotpot_distractor_dev,validation,5a8008b95542992097ad2fcf,
hotpot_distractor_dev,validation,5ae274dd5542996483e649ad,
hotpot_distractor_dev,validation,5ac1089f554299012d1db688,
hotpot_distractor_dev,validation,5a81ad9855429903bc27b9a3,
hotpot_distractor_dev,validation,5a8ac5595542992d82986f77,
hotpot_distractor_dev,validation,5a75447b55429974ef308cbf,
hotpot_distractor_dev,validation,5a87defa5542993e715abfec,
hotpot_distractor_dev,validation,5ae12a4b55429920d52342df,
hotpot_distractor_dev,validation,5a7b68525542997c3ec97151,
hotpot_distractor_dev,validation,5ade18df5542990dbb2f7f53,
hotpot_distractor_dev,validation,5a8430335542996488c2e500,
hotpot_distractor_dev,validation,5a875fee5542996e4f3087ab,
hotpot_distractor_dev,validation,5ab3d5f355429969a97a81c5,
hotpot_distractor_dev,validation,5ae56fb85542993aec5ec1a9,
hotpot_distractor_dev,validation,5adea2435542992fa25da7e4,
hotpot_distractor_dev,validation,5a7b695f5542997c3ec97156,
hotpot_distractor_dev,validation,5ae164cf5542997b2ef7d1cd,
hotpot_distractor_dev,validation,5ac2070755429964131be2bd,
hotpot_distractor_dev,validation,5ae1892f5542997b2ef7d1f3,
hotpot_distractor_dev,validation,5ade636255429939a52fe896,
hotpot_distractor_dev,validation,5a8b128455429971feec463b,
hotpot_distractor_dev,validation,5a8affca55429971feec45e3,
hotpot_distractor_dev,validation,5ae5a8435542992663a4f208,
hotpot_distractor_dev,validation,5a8e82ff5542995a26add4e2,
hotpot_distractor_dev,validation,5ab874ba5542990e739ec904,
hotpot_distractor_dev,validation,5ae2d8fb55429928c42394fa,
hotpot_distractor_dev,validation,5ab7ba7555429928e1fe38b5,
hotpot_distractor_dev,validation,5ae1894f5542997b2ef7d1f4,
hotpot_distractor_dev,validation,5a7734ce5542993735360217,
hotpot_distractor_dev,validation,5ab55e015542992aa134a2d3,
hotpot_distractor_dev,validation,5a8bcad45542995e66a47512,
hotpot_distractor_dev,validation,5a7df25a5542990b8f503b02,
hotpot_distractor_dev,validation,5a8f6a025542992414482ab8,
hotpot_distractor_dev,validation,5ac113e2554299294b21909a,
hotpot_distractor_dev,validation,5a72224755429971e9dc92be,
hotpot_distractor_dev,validation,5a84c66a5542994c784dda45,
hotpot_distractor_dev,validation,5adc2b6255429947ff173901,
hotpot_distractor_dev,validation,5a73984355429908901be307,
hotpot_distractor_dev,validation,5a7a4f335542990198eaf11e,
hotpot_distractor_dev,validation,5a7c49dc55429935c91b514f,
hotpot_distractor_dev,validation,5a8db2105542994ba4e3dd04,
hotpot_distractor_dev,validation,5ae11bc455429901ffe4ad94,
hotpot_distractor_dev,validation,5ae48d1755429913cc204499,
hotpot_distractor_dev,validation,5ab521175542996a3a96a02d,
hotpot_distractor_dev,validation,5ae5559c55429960a22e02ba,
hotpot_distractor_dev,validation,5ae75eb15542995703ce8bf8,
hotpot_distractor_dev,validation,5ae3305c55429928c423965f,
hotpot_distractor_dev,validation,5a89dd4d554299669944a5e3,
hotpot_distractor_dev,validation,5a8f51695542992414482a3e,
hotpot_distractor_dev,validation,5adc0f8d55429947ff1738ef,
hotpot_distractor_dev,validation,5a8da70a5542994ba4e3dcea,
hotpot_distractor_dev,validation,5a8a5dd055429970aeb702c7,
hotpot_distractor_dev,validation,5a74b4e555429929fddd84c2,
hotpot_distractor_dev,validation,5ade7feb5542992fa25da799,
hotpot_distractor_dev,validation,5a7293655542991f9a20c4ff,
hotpot_distractor_dev,validation,5a832a625542990548d0b1b4,
hotpot_distractor_dev,validation,5a7f87755542994857a76769,
hotpot_distractor_dev,validation,5a7bae775542995eb53be995,
hotpot_distractor_dev,validation,5a7c6e435542996dd594b933,
hotpot_distractor_dev,validation,5ac259125542992f1f2b3867,
hotpot_distractor_dev,validation,5ab2acbc55429929539467d2,
hotpot_distractor_dev,validation,5ab54e145542992aa134a2a1,
hotpot_distractor_dev,validation,5ae47fe255429913cc204482,
hotpot_distractor_dev,validation,5a7b782455429927d897bfd7,
hotpot_distractor_dev,validation,5aba05cb55429939ce03dc56,
hotpot_distractor_dev,validation,5ae4f96755429913cc204551,
hotpot_distractor_dev,validation,5a7fb5ce5542994857a767ca,
hotpot_distractor_dev,validation,5a7336bd5542991f9a20c68c,
hotpot_distractor_dev,validation,5a77c1d95542995d831812a6,
hotpot_distractor_dev,validation,5a7723fa55429966f1a36ca0,
hotpot_distractor_dev,validation,5a8b40b055429949d91db50c,
hotpot_distractor_dev,validation,5a79ad485542994bb9457036,
hotpot_distractor_dev,validation,5a84b5f05542991dd0999da5,
hotpot_distractor_dev,validation,5ae8161555429952e35eaa04,
hotpot_distractor_dev,validation,5ae0fb8855429920d523425b,
hotpot_distractor_dev,validation,5abb17e75542996cc5e49fa2,
hotpot_distractor_dev,validation,5a7b1e22554299042af8f6e4,
hotpot_distractor_dev,validation,5ab2d28b55429916697740ee,
hotpot_distractor_dev,validation,5a7a43245542994f819ef19d,
hotpot_distractor_dev,validation,5a7d003b55429907fabef0a1,
hotpot_distractor_dev,validation,5aba9813554299232ef4a357,
hotpot_distractor_dev,validation,5ae731c4554299572ea54781,
hotpot_distractor_dev,validation,5ae78d155542994a481bbd99,
hotpot_distractor_dev,validation,5a76a2b55542993569682c6c,
hotpot_distractor_dev,validation,5ab455dc5542991779162c77,
hotpot_distractor_dev,validation,5ae63b2255429908198fa526,
hotpot_distractor_dev,validation,5a7cde68554299683c1c63ac,
hotpot_distractor_dev,validation,5a76641e5542992d0ec060d8,
hotpot_distractor_dev,validation,5ade56ed5542997c77adee04,
hotpot_distractor_dev,validation,5ade74285542992fa25da78c,
hotpot_distractor_dev,validation,5a7bbee85542997c3ec97270,
hotpot_distractor_dev,validation,5adf68ac5542993344016c79,
hotpot_distractor_dev,validation,5a81937e5542995ce29dcc08,
hotpot_distractor_dev,validation,5ae665795542991bbc9760c9,
hotpot_distractor_dev,validation,5a8cf064554299585d9e3775,
hotpot_distractor_dev,validation,5abbc7a055429931dba1451b,
hotpot_distractor_dev,validation,5a7b01645542992d025e6734,
hotpot_distractor_dev,validation,5a81456855429938b614231e,
hotpot_distractor_dev,validation,5adf72095542992d7e9f935d,
hotpot_distractor_dev,validation,5a771e3255429966f1a36c78,
hotpot_distractor_dev,validation,5a73551e5542991f29ee2d84,
hotpot_distractor_dev,validation,5a75abbb5542992d0ec05fd9,
hotpot_distractor_dev,validation,5abc219655429959677d6a1d,
hotpot_distractor_dev,validation,5abee70a5542994516f45476,
hotpot_distractor_dev,validation,5a776bd155429966f1a36d3b,
hotpot_distractor_dev,validation,5a809fe75542996402f6a5ba,
hotpot_distractor_dev,validation,5a7cefcf55429909bec768af,
hotpot_distractor_dev,validation,5adf400a5542993a75d2644e,
hotpot_distractor_dev,validation,5adfa1f9554299025d62a308,
hotpot_distractor_dev,validation,5a7797175542992a6e59df10,
hotpot_distractor_dev,validation,5ac4c16b5542997ea680cab4,
hotpot_distractor_dev,validation,5a863b87554299211dda2ab7,
hotpot_distractor_dev,validation,5a81a63c5542990a1d231e45,
hotpot_distractor_dev,validation,5a8ac38855429970aeb70300,
hotpot_distractor_dev,validation,5a7653d25542992db9473765,
hotpot_distractor_dev,validation,5ab9988b554299131ca4238e,
hotpot_distractor_dev,validation,5a88a8f4554299206df2b320,
hotpot_distractor_dev,validation,5adcc5715542990d50227d0a,
hotpot_distractor_dev,validation,5a7455eb55429979e2882908,
hotpot_distractor_dev,validation,5a88ca4e55429938390d3fc2,
hotpot_distractor_dev,validation,5a8a410655429970aeb70279,
hotpot_distractor_dev,validation,5ac2ed41554299218029db96,
hotpot_distractor_dev,validation,5abdb7ff5542993f32c2a011,
hotpot_distractor_dev,validation,5ab1e7685542993be8fa9877,
hotpot_distractor_dev,validation,5a773ec45542994aec3b7245,
hotpot_distractor_dev,validation,5adf6aca5542993344016c8d,
hotpot_distractor_dev,validation,5a70ff335542994082a3e49c,
hotpot_distractor_dev,validation,5ade25ed5542997c77aded70,
hotpot_distractor_dev,validation,5ae46b615542995dadf24327,
hotpot_distractor_dev,validation,5ae682c45542995703ce8b6f,
hotpot_distractor_dev,validation,5a7ba8fc5542995eb53be986,
hotpot_distractor_dev,validation,5a7d1868554299452d57bae2,
hotpot_distractor_dev,validation,5a87556d5542994846c1cd65,
hotpot_distractor_dev,validation,5abffafe5542997d64295988,
hotpot_distractor_dev,validation,5a8460d5554299123d8c2229,
hotpot_distractor_dev,validation,5ac2db67554299657fa290a6,
hotpot_distractor_dev,validation,5ae25c815542992decbdcccc,
hotpot_distractor_dev,validation,5adfc8cf554299603e4183ad,
hotpot_distractor_dev,validation,5ac3a7ce554299391541388f,
hotpot_distractor_dev,validation,5a8f0de35542995b44241f40,
hotpot_distractor_dev,validation,5ae37d265542994393b9e6e7,
hotpot_distractor_dev,validation,5ae66d785542996d980e7b67,
hotpot_distractor_dev,validation,5a7768cb5542993569682d88,
hotpot_distractor_dev,validation,5a8f503c5542992414482a34,
hotpot_distractor_dev,validation,5ae4e2ca55429908b63264aa,
hotpot_distractor_dev,validation,5a733b835542991f9a20c6b2,
hotpot_distractor_dev,validation,5a8b67b655429950cd6afcde,
hotpot_distractor_dev,validation,5a806aca5542996402f6a503,
hotpot_distractor_dev,validation,5a89d26b5542992e4fca83d1,
hotpot_distractor_dev,validation,5adec5055542995534e8c707,
hotpot_distractor_dev,validation,5ae2120c5542997283cd23ac,
hotpot_distractor_dev,validation,5a75c02f5542992db94736b4,
hotpot_distractor_dev,validation,5a8483b45542992a431d1a40,
hotpot_distractor_dev,validation,5ae0ff95554299422ee995b0,
hotpot_distractor_dev,validation,5ae12f16554299422ee9961f,
hotpot_distractor_dev,validation,5adc3aff5542996e685252eb,
hotpot_distractor_dev,validation,5adde99b5542992200553ba1,
hotpot_distractor_dev,validation,5a8c493e554299653c1aa020,
hotpot_distractor_dev,validation,5a728fbd5542992359bc30f8,
hotpot_distractor_dev,validation,5ae395d85542992f92d82313,
hotpot_distractor_dev,validation,5ab7ff1d5542990e739ec7b9,
hotpot_distractor_dev,validation,5a846da0554299334474611e,
hotpot_distractor_dev,validation,5a78f89055429974737f792b,
hotpot_distractor_dev,validation,5ab9788155429970cfb8eb1a,
hotpot_distractor_dev,validation,5a8534305542997b5ce3ffc4,
hotpot_distractor_dev,validation,5abbc4f955429931dba144ff,
hotpot_distractor_dev,validation,5a7af23a55429931da12c994,
hotpot_distractor_dev,validation,5a77101d5542994aec3b71d7,
hotpot_distractor_dev,validation,5a84b2995542994c784dda11,
hotpot_distractor_dev,validation,5abc7bc45542993a06baf8ef,
hotpot_distractor_dev,validation,5a75441c55429916b01642cf,
hotpot_distractor_dev,validation,5add22bc5542992ae4cec49f,
hotpot_distractor_dev,validation,5abff9905542997d64295980,
hotpot_distractor_dev,validation,5ac31602554299741d48a1bf,
hotpot_distractor_dev,validation,5ade5b835542997c77adee10,
hotpot_distractor_dev,validation,5ab811395542990e739ec80f,
hotpot_distractor_dev,validation,5ab51dbd5542996a3a96a023,
hotpot_distractor_dev,validation,5a78e86f55429974737f78fb,
hotpot_distractor_dev,validation,5a714de95542994082a3e7a8,
hotpot_distractor_dev,validation,5ae254565542992decbdccbb,
hotpot_distractor_dev,validation,5a8ad6db55429950cd6afba7,
hotpot_distractor_dev,validation,5ac55ba05542993e66e8233d,
hotpot_distractor_dev,validation,5a89bb0b5542992e4fca83a0,
hotpot_distractor_dev,validation,5abe7c515542993f32c2a128,
hotpot_distractor_dev,validation,5abdcea955429965af743e5a,
hotpot_distractor_dev,validation,5a831fc955429954d2e2ec28,
hotpot_distractor_dev,validation,5a83870f554299123d8c2149,
hotpot_distractor_dev,validation,5ab431e65542991751b4d6e2,
hotpot_distractor_dev,validation,5adf1b8a5542995534e8c750,
hotpot_distractor_dev,validation,5a7ad6045542992d025e6706,
hotpot_distractor_dev,validation,5a88f7bf5542997e5c09a6dd,
hotpot_distractor_dev,validation,5a76fda05542994aec3b71b0,
hotpot_distractor_dev,validation,5ae762985542995703ce8c04,
hotpot_distractor_dev,validation,5a7184675542994082a3e864,
hotpot_distractor_dev,validation,5abfdc185542994516f45513,
hotpot_distractor_dev,validation,5ac00584554299012d1db575,
hotpot_distractor_dev,validation,5ab5cc4a554299637185c61b,
hotpot_distractor_dev,validation,5ae0c7b055429945ae95944b,
hotpot_distractor_dev,validation,5a7391b655429978a71e902c,
hotpot_distractor_dev,validation,5a90213255429933b8a20482,
hotpot_distractor_dev,validation,5adcba885542994ed6169bd9,
hotpot_distractor_dev,validation,5a8512035542992a431d1ace,
hotpot_distractor_dev,validation,5abff00c5542994516f45537,
hotpot_distractor_dev,validation,5abd14c455429924427fceec,
hotpot_distractor_dev,validation,5ac448185542995c82c4ad1b,
hotpot_distractor_dev,validation,5a810221554299260e20a1f9,
hotpot_distractor_dev,validation,5ac4e9ab5542996feb3fe974,
hotpot_distractor_dev,validation,5ac1276c554299294b2190bc,
hotpot_distractor_dev,validation,5add7c9c5542990dbb2f7e60,
hotpot_distractor_dev,validation,5a8351fd55429954d2e2ec98,
hotpot_distractor_dev,validation,5a8318955542990548d0b177,
hotpot_distractor_dev,validation,5ab51ddf5542990594ba9d11,
hotpot_distractor_dev,validation,5abaca935542996606241610,
hotpot_distractor_dev,validation,5a7c634c55429907fabeef79,
hotpot_distractor_dev,validation,5abe9b095542991f661061ad,
hotpot_distractor_dev,validation,5a7369da55429901807db037,
hotpot_distractor_dev,validation,5a8511185542992a431d1aca,
hotpot_distractor_dev,validation,5a77ace855429967ab105223,
hotpot_distractor_dev,validation,5ab97c0255429970cfb8eb1f,
hotpot_distractor_dev,validation,5a8f08c2554299458435d530,
hotpot_distractor_dev,validation,5ade64b655429939a52fe89a,
hotpot_distractor_dev,validation,5abbeb7d554299114383a09b,
hotpot_distractor_dev,validation,5a7149595542994082a3e76f,
hotpot_distractor_dev,validation,5aba7d8655429901930fa7ec,
hotpot_distractor_dev,validation,5add65355542995b365fab27,
hotpot_distractor_dev,validation,5a75fbe855429976ec32bcde,
hotpot_distractor_dev,validation,5ade5e335542992fa25da766,
hotpot_distractor_dev,validation,5a7cc59c55429909bec767fb,
hotpot_distractor_dev,validation,5a7c8a3b55429935c91b5204,
hotpot_distractor_dev,validation,5a7f962655429969796c1ac8,
hotpot_distractor_dev,validation,5ac0c1cf5542992a796ded7c,
hotpot_distractor_dev,validation,5a82c51055429966c78a6a8d,
hotpot_distractor_dev,validation,5ae3287f5542991a06ce993b,
hotpot_distractor_dev,validation,5a7329a15542991f9a20c65f,
hotpot_distractor_dev,validation,5a71231a5542994082a3e5c4,
hotpot_distractor_dev,validation,5abc41315542993a06baf8bb,
hotpot_distractor_dev,validation,5a8622ae554299211dda2a7e,
hotpot_distractor_dev,validation,5abdc8e755429965af743e3f,
hotpot_distractor_dev,validation,5abba3cd554299642a094aee,
hotpot_distractor_dev,validation,5ae7cb9b5542994a481bbde2,
hotpot_distractor_dev,validation,5adbd1d25542994650320bf6,
hotpot_distractor_dev,validation,5ab741005542992aa3b8c800,
hotpot_distractor_dev,validation,5ab3ec51554299753aec59f1,
hotpot_distractor_dev,validation,5ae7d03b55429952e35ea9c2,
hotpot_distractor_dev,validation,5a7a06485542990198eaf04e,
hotpot_distractor_dev,validation,5a865e785542991e7718161b,
hotpot_distractor_dev,validation,5ab29b07554299194fa93440,
hotpot_distractor_dev,validation,5a8f533d5542992414482a4c,
hotpot_distractor_dev,validation,5ade04a65542997545bbbe20,
hotpot_distractor_dev,validation,5a772c395542993735360207,
hotpot_distractor_dev,validation,5ab2958a554299449642c911,
hotpot_distractor_dev,validation,5ae603a65542996de7b71af3,
hotpot_distractor_dev,validation,5add13b15542994ed6169c65,
hotpot_distractor_dev,validation,5a8f15ec554299458435d552,
hotpot_distractor_dev,validation,5abbf9b355429931dba145fe,
hotpot_distractor_dev,validation,5a75a4135542992d0ec05fcd,
hotpot_distractor_dev,validation,5abc550e554299700f9d7870,
hotpot_distractor_dev,validation,5ae152a65542990adbacf74f,
hotpot_distractor_dev,validation,5ac561315542993e66e823a9,
hotpot_distractor_dev,validation,5a82119155429926c1cdae28,
hotpot_distractor_dev,validation,5a85a37d5542997175ce1fe5,
hotpot_distractor_dev,validation,5a886c0c55429938390d3f51,
hotpot_distractor_dev,validation,5ab7fbbb5542990e739ec7b0,
hotpot_distractor_dev,validation,5abbe09d55429931dba145c0,
hotpot_distractor_dev,validation,5a7147fd5542994082a3e758,
hotpot_distractor_dev,validation,5ac26d4d55429951e9e685b7,
hotpot_distractor_dev,validation,5a7f74975542992097ad2f77,
hotpot_distractor_dev,validation,5abefbc15542990832d3a117,
hotpot_distractor_dev,validation,5ae3df6e5542992e3233c48e,
hotpot_distractor_dev,validation,5ae0bf3a55429906c02dab21,
hotpot_distractor_dev,validation,5a8e8bed5542990e94052b47,
hotpot_distractor_dev,validation,5a859a9c5542997175ce1fd6,
hotpot_distractor_dev,validation,5a721bbc55429971e9dc9279,
hotpot_distractor_dev,validation,5a75d35d5542992d0ec05ffe,
hotpot_distractor_dev,validation,5ae32c935542990afbd1e0bd,
hotpot_distractor_dev,validation,5ab43179554299233955004d,
hotpot_distractor_dev,validation,5a7cd280554299452d57ba7f,
hotpot_distractor_dev,validation,5a8f64e0554299458435d60b,
hotpot_distractor_dev,validation,5a712beb5542994082a3e61c,
hotpot_distractor_dev,validation,5ae4885e55429970de88d99d,
hotpot_distractor_dev,validation,5abbdb335542992ccd8e7fc1,
hotpot_distractor_dev,validation,5a8b2dc055429950cd6afc62,
hotpot_distractor_dev,validation,5ab91799554299753720f6ea,
hotpot_distractor_dev,validation,5ae3c0245542990afbd1e1c3,
hotpot_distractor_dev,validation,5ab846e155429919ba4e229c,
hotpot_distractor_dev,validation,5abc546b554299700f9d786c,
hotpot_distractor_dev,validation,5adfde09554299025d62a369,
hotpot_distractor_dev,validation,5ab681ea55429953192ad2e0,
hotpot_distractor_dev,validation,5a77dadd5542997042120b59,
hotpot_distractor_dev,validation,5a80abb65542996402f6a5df,
hotpot_distractor_dev,validation,5abd5b0355429933744ab789,
hotpot_distractor_dev,validation,5a8642045542991e771815e2,
hotpot_distractor_dev,validation,5aba926f55429901930fa83e,
hotpot_distractor_dev,validation,5a84a5385542990548d0b2d9,
hotpot_distractor_dev,validation,5a73b0975542992d56e7e387,
hotpot_distractor_dev,validation,5a73b55855429978a71e9086,
hotpot_distractor_dev,validation,5abb14d85542996cc5e49f92,
hotpot_distractor_dev,validation,5abaa954554299232ef4a362,
hotpot_distractor_dev,validation,5a88dc5a5542993b751ca890,
hotpot_distractor_dev,validation,5ade7fa3554299728e26c727,
hotpot_distractor_dev,validation,5ab80e1455429916710eafd7,
hotpot_distractor_dev,validation,5ae5faf555429929b0807a4c,
hotpot_distractor_dev,validation,5a745a6055429974ef308be4,
hotpot_distractor_dev,validation,5a7c78c955429935c91b51d2,
hotpot_distractor_dev,validation,5ab6a78b554299710c8d1f28,
hotpot_distractor_dev,validation,5adf38ae5542993a75d26433,
hotpot_distractor_dev,validation,5add84a15542997545bbbd5e,
hotpot_distractor_dev,validation,5a834cea5542990548d0b1c6,
hotpot_distractor_dev,validation,5a7787b655429949eeb29ed3,
hotpot_distractor_dev,validation,5ae234e85542994d89d5b395,
hotpot_distractor_dev,validation,5a899b6455429946c8d6e955,
hotpot_distractor_dev,validation,5ae6e0485542996d980e7ca6,
hotpot_distractor_dev,validation,5add016e5542992c1e3a250b,
hotpot_distractor_dev,validation,5a7d2b2b5542995ed0d1661b,
hotpot_distractor_dev,validation,5ab28b395542993be8fa9941,
hotpot_distractor_dev,validation,5ac29aa655429967731025b2,
hotpot_distractor_dev,validation,5a81018755429938b6142287,
hotpot_distractor_dev,validation,5ac3d21e554299204fd21e8b,
hotpot_distractor_dev,validation,5a7f8d755542992097ad2f9d,
hotpot_distractor_dev,validation,5a85b2ac5542991dd0999e90,
hotpot_distractor_dev,validation,5ab3bacc55429969a97a8197,
hotpot_distractor_dev,validation,5ab9dbc2554299232ef4a224,
hotpot_distractor_dev,validation,5add7a335542992200553b37,
hotpot_distractor_dev,validation,5aba74ad55429955dce3ee35,
hotpot_distractor_dev,validation,5ab288a05542993be8fa993b,
hotpot_distractor_dev,validation,5ab1d49b554299722f9b4c8e,
hotpot_distractor_dev,validation,5ab2da13554299194fa93542,
hotpot_distractor_dev,validation,5a800ddd5542992097ad2fd0,
hotpot_distractor_dev,validation,5a90a14d5542990a98493672,
hotpot_distractor_dev,validation,5ac3a76e554299741d48a2be,
hotpot_distractor_dev,validation,5ab959905542996be2020497,
hotpot_distractor_dev,validation,5a76067e55429976ec32bce9,
hotpot_distractor_dev,validation,5a8f92fb55429918e830d271,
hotpot_distractor_dev,validation,5a7ced4355429909bec76895,
hotpot_distractor_dev,validation,5a8701b3554299211dda2b9a,
hotpot_distractor_dev,validation,5a87a47c5542994846c1cdbd,
hotpot_distractor_dev,validation,5ae518655542993aec5ec139,
hotpot_distractor_dev,validation,5a77e96c5542995d8318132d,
hotpot_distractor_dev,validation,5a7d32af55429907fabef0ca,
hotpot_distractor_dev,validation,5ae76d185542997ec2727641,
hotpot_distractor_dev,validation,5ab7f1b65542991d322237d3,
hotpot_distractor_dev,validation,5adead1855429939a52fe948,
hotpot_distractor_dev,validation,5a7ccc1e55429909bec7680e,
hotpot_distractor_dev,validation,5abce7d755429959677d6b3a,
hotpot_distractor_dev,validation,5ae5ead6554299546bf82fd0,
hotpot_distractor_dev,validation,5a80b4d1554299260e20a134,
hotpot_distractor_dev,validation,5ae1e4e2554299492dc91bab,
hotpot_distractor_dev,validation,5ac1c4e85542994ab5c67e0c,
hotpot_distractor_dev,validation,5ae388ea5542994393b9e6f0,
hotpot_distractor_dev,validation,5a86b13f55429960ec39b6c3,
hotpot_distractor_dev,validation,5a78f35455429970f5fffded,
hotpot_distractor_dev,validation,5a7d2b5755429907fabef0c2,
hotpot_distractor_dev,validation,5a89a92a55429946c8d6e98c,
hotpot_distractor_dev,validation,5a77685e5542993569682d83,
hotpot_distractor_dev,validation,5a79fc8b5542994f819ef114,
hotpot_distractor_dev,validation,5abc817c5542993a06baf8fd,
hotpot_distractor_dev,validation,5a8549c65542997b5ce3ffe6,
hotpot_distractor_dev,validation,5ab487f55542990594ba9c4f,
hotpot_distractor_dev,validation,5ae406f055429970de88d874,
hotpot_distractor_dev,validation,5a8f25d755429924144829ea,
hotpot_distractor_dev,validation,5a78cc7c55429974737f789f,
hotpot_distractor_dev,validation,5ade66f055429939a52fe8a0,
hotpot_distractor_dev,validation,5ab8effd5542991b5579f062,
hotpot_distractor_dev,validation,5a737dc455429908901be2c9,
hotpot_distractor_dev,validation,5add0f635542994ed6169c56,
hotpot_distractor_dev,validation,5adfa92d55429942ec259ae0,
hotpot_distractor_dev,validation,5ab7ece25542995dae37e9f3,
hotpot_distractor_dev,validation,5a7da8065542995f4f4022a7,
hotpot_distractor_dev,validation,5a7269fa5542992359bc308d,
hotpot_distractor_dev,validation,5abc0ba05542996583600409,
hotpot_distractor_dev,validation,5ae2196b554299495565da02,
hotpot_distractor_dev,validation,5adf3c155542993a75d2643a,
hotpot_distractor_dev,validation,5ae12b6755429920d52342e4,
hotpot_distractor_dev,validation,5ae0616255429924de1b70ca,
hotpot_distractor_dev,validation,5abd830455429924427fd033,
hotpot_distractor_dev,validation,5a7e86245542991319bc94ce,
hotpot_distractor_dev,validation,5a8eed625542995085b374b9,
hotpot_distractor_dev,validation,5ac0c3275542992a796ded7d,
hotpot_distractor_dev,validation,5a776a7055429966f1a36d32,
hotpot_distractor_dev,validation,5adbd3405542994650320bf8,
hotpot_distractor_dev,validation,5a8c781c554299653c1aa083,
hotpot_distractor_dev,validation,5a72f1cf5542994cef4bc414,
hotpot_distractor_dev,validation,5ac313145542995ef918c0ed,
hotpot_distractor_dev,validation,5a7b8f66554299294a54a9f7,
hotpot_distractor_dev,validation,5adda7275542995b365fab57,
hotpot_distractor_dev,validation,5a7bf0d75542996dd594b85c,
hotpot_distractor_dev,validation,5ae4d9985542990ba0bbb175,
hotpot_distractor_dev,validation,5a758f775542992db9473682,
hotpot_distractor_dev,validation,5a8af3b155429950cd6afc2c,
hotpot_distractor_dev,validation,5a87aa135542996e4f3088b8,
hotpot_distractor_dev,validation,5ae31ee75542992decbdcdde,
hotpot_distractor_dev,validation,5ae17cd055429901ffe4aea3,
hotpot_distractor_dev,validation,5a907d1855429933b8a2052a,
hotpot_distractor_dev,validation,5ac3a049554299741d48a2ba,
hotpot_distractor_dev,validation,5ac41b9e5542995c82c4acc4,
hotpot_distractor_dev,validation,5a89cc99554299669944a5ae,
hotpot_distractor_dev,validation,5ae1ab2f554299234fd042ba,
hotpot_distractor_dev,validation,5a70f0e75542994082a3e408,
hotpot_distractor_dev,validation,5ae4094655429970de88d896,
hotpot_distractor_dev,validation,5a83ef745542996488c2e4f8,
hotpot_distractor_dev,validation,5a820897554299676cceb1f4,
hotpot_distractor_dev,validation,5a7b41b555429931da12ca3f,
hotpot_distractor_dev,validation,5a7bb52355429927d897c01a,
hotpot_distractor_dev,validation,5ab2b7405542991669774069,
hotpot_distractor_dev,validation,5a73d33e5542992d56e7e3a9,
hotpot_distractor_dev,validation,5aba8f1b55429955dce3ee85,
hotpot_distractor_dev,validation,5a8d0c1b5542994ba4e3dbb3,
hotpot_distractor_dev,validation,5abbd72d55429931dba1459e,
hotpot_distractor_dev,validation,5abd848455429924427fd03a,
hotpot_distractor_dev,validation,5a7a633a55429941d65f2609,
hotpot_distractor_dev,validation,5a81b99c5542995ce29dcc56,
hotpot_distractor_dev,validation,5a8aa5835542996c9b8d5f4e,
hotpot_distractor_dev,validation,5a88cf7e5542993b751ca85b,
hotpot_distractor_dev,validation,5ab8eabb5542991b5579f03d,
hotpot_distractor_dev,validation,5a7525405542993748c897ce,
hotpot_distractor_dev,validation,5a862f985542991e771815af,
hotpot_distractor_dev,validation,5a8a3dd55542995153361360,
hotpot_distractor_dev,validation,5ae377415542992e3233c40a,
hotpot_distractor_dev,validation,5add00805542992c1e3a2504,
hotpot_distractor_dev,validation,5aba5dfd55429955dce3edf0,
hotpot_distractor_dev,validation,5a7f63645542992e7d278cf1,
hotpot_distractor_dev,validation,5a80ddc555429938b6142224,
hotpot_distractor_dev,validation,5ade157e55429939a52fe802,
hotpot_distractor_dev,validation,5a7a06525542990198eaf04f,
hotpot_distractor_dev,validation,5ae5d008554299546bf82f7d,
hotpot_distractor_dev,validation,5ae68fb45542991bbc97612a,
hotpot_distractor_dev,validation,5ab3952e5542992ade7c6de8,
hotpot_distractor_dev,validation,5a843f305542996488c2e51d,
hotpot_distractor_dev,validation,5a8587dd5542997b5ce40000,
hotpot_distractor_dev,validation,5ae73d415542991e8301cc2b,
hotpot_distractor_dev,validation,5a7b77d95542997c3ec971a5,
hotpot_distractor_dev,validation,5a820cb355429903bc27ba2f,
hotpot_distractor_dev,validation,5abaee4f5542996cc5e49f15,
hotpot_distractor_dev,validation,5ac2dc4b55429921a00ab083,
hotpot_distractor_dev,validation,5ab5a3fb5542997d4ad1f19b,
hotpot_distractor_dev,validation,5ab295eb554299194fa93412,
hotpot_distractor_dev,validation,5ae4bc7955429913cc2044e9,
hotpot_distractor_dev,validation,5ae62c385542995703ce8b3e,
hotpot_distractor_dev,validation,5ade8b2655429975fa854eff,
hotpot_distractor_dev,validation,5a7afdc85542992d025e672e,
hotpot_distractor_dev,validation,5a7e96f655429934daa2fc39,
hotpot_distractor_dev,validation,5a8b8b3a5542995d1e6f13e5,
hotpot_distractor_dev,validation,5a7e3117554299495941991b,
hotpot_distractor_dev,validation,5adf0d2d5542993a75d263e1,
hotpot_distractor_dev,validation,5a860d09554299211dda2a53,
hotpot_distractor_dev,validation,5a86ac555542996432c571e4,
hotpot_distractor_dev,validation,5a86d7825542996432c571ec,
hotpot_distractor_dev,validation,5a762d53554299109176e6a7,
hotpot_distractor_dev,validation,5a75357c5542996c70cfaeab,
hotpot_distractor_dev,validation,5ac07fff554299294b219006,
hotpot_distractor_dev,validation,5ac2b2e2554299218029dafa,
hotpot_distractor_dev,validation,5a728f505542992359bc30f5,
hotpot_distractor_dev,validation,5ae55dda5542992663a4f1e9,
hotpot_distractor_dev,validation,5a8cfa2e554299585d9e378b,
hotpot_distractor_dev,validation,5add47085542997545bbbd13,
hotpot_distractor_dev,validation,5ae2eda355429928c4239570,
hotpot_distractor_dev,validation,5ac0e064554299012d1db64e,
hotpot_distractor_dev,validation,5ab746c8554299110f219aef,
hotpot_distractor_dev,validation,5a72bbfa5542992359bc318d,
hotpot_distractor_dev,validation,5a7fa5b05542994857a7679b,
hotpot_distractor_dev,validation,5addbf645542997dc7907014,
hotpot_distractor_dev,validation,5ac50c0355429924173fb581,
hotpot_distractor_dev,validation,5a7929c8554299029c4b5f11,
hotpot_distractor_dev,validation,5a7195a05542994082a3e881,
hotpot_distractor_dev,validation,5a8c9641554299585d9e36f5,
hotpot_distractor_dev,validation,5a7fc41455429969796c1b51,
hotpot_distractor_dev,validation,5a7131565542994082a3e64f,
hotpot_distractor_dev,validation,5ab7f0b9554299366779405d,
hotpot_distractor_dev,validation,5ac54cef5542993e66e822da,
hotpot_distractor_dev,validation,5aba725455429901930fa7cc,
hotpot_distractor_dev,validation,5a7774e155429967ab10518d,
hotpot_distractor_dev,validation,5ab680d15542995eadef0011,
hotpot_distractor_dev,validation,5a75e67d5542992db9473709,
hotpot_distractor_dev,validation,5adcf3a45542994ed6169c38,
hotpot_distractor_dev,validation,5ac1928655429964131be234,
hotpot_distractor_dev,validation,5ab5d9af554299494045f07e,
hotpot_distractor_dev,validation,5ab2d15e554299545a2cfaa6,
hotpot_distractor_dev,validation,5a72df8d5542992359bc31b4,
hotpot_distractor_dev,validation,5a8843cd5542994846c1ce75,
hotpot_distractor_dev,validation,5adf51e05542995534e8c78a,
hotpot_distractor_dev,validation,5ac274fc55429963665199c1,
hotpot_distractor_dev,validation,5a7f5f655542994857a7670b,
hotpot_distractor_dev,validation,5a7736ef55429972597f14a7,
hotpot_distractor_dev,validation,5ae52bc75542992663a4f12d,
hotpot_distractor_dev,validation,5ab5c984554299488d4d9a21,
hotpot_distractor_dev,validation,5a7d1e685542995ed0d165f7,
hotpot_distractor_dev,validation,5a7d97205542990b8f5039c7,
hotpot_distractor_dev,validation,5ae241005542994d89d5b3a4,
hotpot_distractor_dev,validation,5a7b537555429927d897bf90,
hotpot_distractor_dev,validation,5ab989f755429970cfb8eb38,
hotpot_distractor_dev,validation,5ae33a3b5542992f92d8224a,
hotpot_distractor_dev,validation,5abec12b5542997ec76fd358,
hotpot_distractor_dev,validation,5ae2c416554299492dc91c67,
hotpot_distractor_dev,validation,5a7a43f25542996a35c1716c,
hotpot_distractor_dev,validation,5a87a7235542996e4f3088a8,
hotpot_distractor_dev,validation,5a85c3225542992a431d1b95,
hotpot_distractor_dev,validation,5ab928c255429934fafe6e6e,
hotpot_distractor_dev,validation,5a7aa2a255429941d65f270e,
hotpot_distractor_dev,validation,5ab61798554299488d4d9aaa,
hotpot_distractor_dev,validation,5a7662745542992db9473786,
hotpot_distractor_dev,validation,5ae53fcb55429960a22e029e,
hotpot_distractor_dev,validation,5a7adaa35542992d025e670c,
hotpot_distractor_dev,validation,5abe407155429976d4830ab4,
hotpot_distractor_dev,validation,5ae340a85542994393b9e668,
hotpot_distractor_dev,validation,5abe36aa5542993f32c2a08f,
hotpot_distractor_dev,validation,5abbf519554299114383a0ad,
hotpot_distractor_dev,validation,5a7b1c0a55429931da12c9c9,
hotpot_distractor_dev,validation,5ae29d8a5542996483e64a0f,
hotpot_distractor_dev,validation,5ae157ed5542990adbacf75d,
hotpot_distractor_dev,validation,5ae17e4255429901ffe4aeae,
hotpot_distractor_dev,validation,5a8a2e465542996c9b8d5e32,
hotpot_distractor_dev,validation,5a8aff3d55429971feec45df,
hotpot_distractor_dev,validation,5ae6152d5542996de7b71b38,
hotpot_distractor_dev,validation,5a8eaa74554299068b959e88,
hotpot_distractor_dev,validation,5a8de02b554299068b959e13,
hotpot_distractor_dev,validation,5a8c7703554299585d9e36b9,
hotpot_distractor_dev,validation,5a72688c5542997f827839b2,
hotpot_distractor_dev,validation,5a77789d55429949eeb29e4e,
hotpot_distractor_dev,validation,5ab57fc4554299488d4d99c0,
hotpot_distractor_dev,validation,5a72a5a75542992359bc314e,
hotpot_distractor_dev,validation,5a8b2f2b5542995d1e6f12fa,
hotpot_distractor_dev,validation,5ab96ecb5542996be20204e6,
hotpot_distractor_dev,validation,5a710d155542994082a3e520,
hotpot_distractor_dev,validation,5a77388e55429966f1a36cb1,
hotpot_distractor_dev,validation,5ade0fbb5542995b365fabfb,
hotpot_distractor_dev,validation,5ab2e8ad554299340b525562,
hotpot_distractor_dev,validation,5aba971a55429955dce3ee94,
hotpot_distractor_dev,validation,5ae7f7ec554299540e5a56de,
hotpot_distractor_dev,validation,5ac557975542993e66e8231c,
hotpot_distractor_dev,validation,5a85f8665542994775f606ce,
hotpot_distractor_dev,validation,5aba72d75542994dbf019912,
hotpot_distractor_dev,validation,5ade78e255429939a52fe8d0,
hotpot_distractor_dev,validation,5a746ddc55429929fddd8423,
hotpot_distractor_dev,validation,5ae21ef35542994d89d5b35d,
hotpot_distractor_dev,validation,5a8dafbd554299068b959da0,
hotpot_distractor_dev,validation,5ae3006c55429928c423959f,
hotpot_distractor_dev,validation,5a7905ca554299148911f9c8,
hotpot_distractor_dev,validation,5ae678915542996d980e7b70,
hotpot_distractor_dev,validation,5ae195bf5542997b2ef7d207,
hotpot_distractor_dev,validation,5a733caa5542992359bc32a3,
hotpot_distractor_dev,validation,5a7ccb3655429909bec7680b,
hotpot_distractor_dev,validation,5addc2b75542997dc7907017,
hotpot_distractor_dev,validation,5a89a13c55429946c8d6e97a,
hotpot_distractor_dev,validation,5adbc9a4554299438c868caf,
hotpot_distractor_dev,validation,5a71474b5542994082a3e74f,
hotpot_distractor_dev,validation,5ae5c27b554299546bf82f4c,
hotpot_distractor_dev,validation,5ae40b2b55429970de88d8b3,
hotpot_distractor_dev,validation,5abe54585542991f66106148,
hotpot_distractor_dev,validation,5ae6529a55429929b0807b32,
hotpot_distractor_dev,validation,5a8e43455542990e94052aa1,
hotpot_distractor_dev,validation,5ae68a065542991bbc97611e,
hotpot_distractor_dev,validation,5a8b64695542997f31a41d04,
hotpot_distractor_dev,validation,5ac44b47554299194317396c,
hotpot_distractor_dev,validation,5adeda67554299728e26c7db,
hotpot_distractor_dev,validation,5abd0f4b55429933744ab6e3,
hotpot_distractor_dev,validation,5ade9c2155429939a52fe8fe,
hotpot_distractor_dev,validation,5ab900045542991b5579f0c0,
hotpot_distractor_dev,validation,5a7f0c4b5542993067513600,
hotpot_distractor_dev,validation,5ae524415542992663a4f121,
hotpot_distractor_dev,validation,5ae28c0a554299495565daaa,
hotpot_distractor_dev,validation,5ab3fc215542992339550027,
hotpot_distractor_dev,validation,5a88f180554299206df2b3cc,
hotpot_distractor_dev,validation,5a80afcf554299485f5986b9,
hotpot_distractor_dev,validation,5abc7d6d5542993a06baf8f3,
hotpot_distractor_dev,validation,5a7265a95542992359bc307a,
hotpot_distractor_dev,validation,5ab6f39c554299110f219a79,
hotpot_distractor_dev,validation,5a77414155429972597f14d7,
hotpot_distractor_dev,validation,5a8e07b25542995085b3738d,
hotpot_distractor_dev,validation,5ae72f75554299572ea5476c,
hotpot_distractor_dev,validation,5ab90a2055429916710eb0ea,
hotpot_distractor_dev,validation,5ab28120554299449642c8cc,
hotpot_distractor_dev,validation,5a8afb9955429971feec45c2,
hotpot_distractor_dev,validation,5a8080365542992097ad2fed,
hotpot_distractor_dev,validation,5a73d4385542992d56e7e3b1,
hotpot_distractor_dev,validation,5ab2e84855429929539468a6,
hotpot_distractor_dev,validation,5a81cf64554299676cceb0ed,
hotpot_distractor_dev,validation,5abbb64455429931dba144b4,
hotpot_distractor_dev,validation,5ae49b705542995ad6573dbc,
hotpot_distractor_dev,validation,5a7e279d5542995ed0d166b5,
hotpot_distractor_dev,validation,5a7dbb605542997cc2c47486,
hotpot_distractor_dev,validation,5ae1afe9554299234fd042c6,
hotpot_distractor_dev,validation,5a8ceb4955429941ae14df43,
hotpot_distractor_dev,validation,5a88082055429938390d3ed2,
hotpot_distractor_dev,validation,5ab2f53d5542991669774157,
hotpot_distractor_dev,validation,5ae8295955429952e35eaa6d,
hotpot_distractor_dev,validation,5ab6a261554299710c8d1f07,
hotpot_distractor_dev,validation,5a78d70b55429974737f78d1,
hotpot_distractor_dev,validation,5ae4bcfc55429913cc2044eb,
hotpot_distractor_dev,validation,5ae5f9b355429929b0807a4b,
hotpot_distractor_dev,validation,5a7286865542991f9a20c4cb,
hotpot_distractor_dev,validation,5a8ba60b554299240d9c205b,
hotpot_distractor_dev,validation,5a7a32225542990783324eb4,
hotpot_distractor_dev,validation,5ae0e0125542993d6555ec79,
hotpot_distractor_dev,validation,5a7c75045542990527d554b2,
hotpot_distractor_dev,validation,5add8f055542990dbb2f7e6d,
hotpot_distractor_dev,validation,5a85f2f55542997b5ce40036,
hotpot_distractor_dev,validation,5abbd4035542993f40c73bcb,
hotpot_distractor_dev,validation,5addb7b65542997545bbbdba,
hotpot_distractor_dev,validation,5a8b69f45542997f31a41d19,
hotpot_distractor_dev,validation,5ac3e68b5542997ea680c98b,
hotpot_distractor_dev,validation,5ac54f8d5542993e66e822f5,
hotpot_distractor_dev,validation,5ac3bff15542995ef918c213,
hotpot_distractor_dev,validation,5ab283d9554299449642c8d8,
hotpot_distractor_dev,validation,5a9092cc55429916514e74fd,
hotpot_distractor_dev,validation,5ab9bb8355429970cfb8eb8b,
hotpot_distractor_dev,validation,5a8a70ea55429970aeb702e4,
hotpot_distractor_dev,validation,5ae5a0765542992663a4f1fb,
hotpot_distractor_dev,validation,5a8fa89c55429918e830d29f,
hotpot_distractor_dev,validation,5a711ef85542994082a3e5ac,
hotpot_distractor_dev,validation,5a7fa97d5542994857a767a9,
hotpot_distractor_dev,validation,5a7336d05542992359bc3293,
hotpot_distractor_dev,validation,5add559e5542992ae4cec511,
hotpot_distractor_dev,validation,5ade45c75542992fa25da720,
hotpot_distractor_dev,validation,5ae47cab5542996836b02cb9,
hotpot_distractor_dev,validation,5ac2cb3e5542996773102627,
hotpot_distractor_dev,validation,5ab965bb554299743d22eb56,
hotpot_distractor_dev,validation,5a81549055429938b6142338,
hotpot_distractor_dev,validation,5ac3b40a554299741d48a2e5,
hotpot_distractor_dev,validation,5ab6e848554299710c8d1faa,
hotpot_distractor_dev,validation,5a7fb6625542994857a767cc,
hotpot_distractor_dev,validation,5ae537e45542990ba0bbb235,
hotpot_distractor_dev,validation,5a76244c554299109176e65d,
hotpot_distractor_dev,validation,5ab568af554299494045efaf,
hotpot_distractor_dev,validation,5a89a99f55429946c8d6e98f,
hotpot_distractor_dev,validation,5adbfa38554299438c868d00,
hotpot_distractor_dev,validation,5a74e93e55429974ef308c92,
hotpot_distractor_dev,validation,5a75b7475542992d0ec05feb,
hotpot_distractor_dev,validation,5ab7fd6b5542990e739ec7b5,
hotpot_distractor_dev,validation,5a769b0d5542993569682c50,
hotpot_distractor_dev,validation,5ae086d35542993d6555eb97,
hotpot_distractor_dev,validation,5a7183575542994082a3e85e,
hotpot_distractor_dev,validation,5a769b115542993569682c51,
hotpot_distractor_dev,validation,5a8f2ba155429918e830d1b9,
hotpot_distractor_dev,validation,5a729cc25542991f9a20c532,
hotpot_distractor_dev,validation,5abbf8be554299114383a0c1,
hotpot_distractor_dev,validation,5a7d27f05542995ed0d1660d,
hotpot_distractor_dev,validation,5a77666555429966f1a36d1f,
hotpot_distractor_dev,validation,5a8b24f955429949d91db4cd,
hotpot_distractor_dev,validation,5ae27b535542996483e649b6,
hotpot_distractor_dev,validation,5a7f7b365542992097ad2f80,
hotpot_distractor_dev,validation,5ae4a1ef55429970de88d9e7,
hotpot_distractor_dev,validation,5a876cd55542993e715abf36,
hotpot_distractor_dev,validation,5a7e4414554299495941995c,
hotpot_distractor_dev,validation,5ae5064e5542993aec5ec113,
hotpot_distractor_dev,validation,5a7770f855429966f1a36d4e,
hotpot_distractor_dev,validation,5ae1e80b5542997f29b3c197,
hotpot_distractor_dev,validation,5a7fc6645542992e7d278d6e,
hotpot_distractor_dev,validation,5a8331f15542993344745fe8,
hotpot_distractor_dev,validation,5ab85c8d55429934fafe6d84,
hotpot_distractor_dev,validation,5a772e465542994aec3b7209,
hotpot_distractor_dev,validation,5a8f7e785542992414482ae6,
hotpot_distractor_dev,validation,5a7def0d5542990b8f503af9,
hotpot_distractor_dev,validation,5adcde475542994d58a2f709,
hotpot_distractor_dev,validation,5ae1b44c554299234fd042cd,
hotpot_distractor_dev,validation,5a79e7b45542994f819ef0ff,
hotpot_distractor_dev,validation,5a84ac585542991dd0999d72,
hotpot_distractor_dev,validation,5ae1ce895542997f29b3c11e,
hotpot_distractor_dev,validation,5adc99cf554299438c868e0d,
hotpot_distractor_dev,validation,5a7c07e15542997c3ec972c7,
hotpot_distractor_dev,validation,5ac3a8525542993915413895,
hotpot_distractor_dev,validation,5ac3caa15542995ef918c23a,
hotpot_distractor_dev,validation,5addf0fd5542997dc79070d2,
hotpot_distractor_dev,validation,5a8f60175542992414482a90,
hotpot_distractor_dev,validation,5a87bd4e5542996432c57279,
hotpot_distractor_dev,validation,5a76f7e855429972597f1404,
hotpot_distractor_dev,validation,5ab97b27554299131ca4233c,
hotpot_distractor_dev,validation,5add7ce55542992ae4cec585,
hotpot_distractor_dev,validation,5ac3a2fa5542993915413857,
hotpot_distractor_dev,validation,5ae1fc24554299492dc91bbd,
hotpot_distractor_dev,validation,5abce2fc5542993a06baf994,
hotpot_distractor_dev,validation,5ae328f45542991a06ce993c,
hotpot_distractor_dev,validation,5a7a83b3554299042af8f652,
hotpot_distractor_dev,validation,5ab414295542996a3a969f1d,
hotpot_distractor_dev,validation,5ae184185542990adbacf7ac,
hotpot_distractor_dev,validation,5ab529b8554299637185c4e7,
hotpot_distractor_dev,validation,5ae733dc5542991e8301cbd1,
hotpot_distractor_dev,validation,5a8900c75542997e5c09a6ed,
hotpot_distractor_dev,validation,5abbf43d5542993f40c73c2f,
hotpot_distractor_dev,validation,5abb9928554299642a094ab9,
hotpot_distractor_dev,validation,5a88bedb554299206df2b35a,
hotpot_distractor_dev,validation,5a858dc85542997b5ce40002,
hotpot_distractor_dev,validation,5a8c5b635542996e8ac88a75,
hotpot_distractor_dev,validation,5ae707a25542991bbc9761a7,
hotpot_distractor_dev,validation,5a8abcab5542996c9b8d5f67,
hotpot_distractor_dev,validation,5ae622495542995703ce8b20,
hotpot_distractor_dev,validation,5ac385f8554299741d48a279,
hotpot_distractor_dev,validation,5a7739e255429972597f14ad,
hotpot_distractor_dev,validation,5ac3def75542997ea680c95f,
hotpot_distractor_dev,validation,5a78f05155429970f5fffde3,
hotpot_distractor_dev,validation,5a778a8e5542992a6e59deca,
hotpot_distractor_dev,validation,5add21555542992ae4cec496,
hotpot_distractor_dev,validation,5adff056554299603e4183cc,
hotpot_distractor_dev,validation,5ae4d1a355429913cc204513,
hotpot_distractor_dev,validation,5ab4355555429942dd415ee3,
hotpot_distractor_dev,validation,5a7bc42e554299294a54aabe,
hotpot_distractor_dev,validation,5a8bc29a5542995d1e6f1446,
hotpot_distractor_dev,validation,5a87560d5542994775f607d9,
hotpot_distractor_dev,validation,5a77372b554299373536021c,
hotpot_distractor_dev,validation,5abdf8c45542993f32c2a072,
hotpot_distractor_dev,validation,5a7128b05542994082a3e5f2,
hotpot_distractor_dev,validation,5ac3e07b5542997ea680c96c,
hotpot_distractor_dev,validation,5abd8bf95542996e802b47ba,
hotpot_distractor_dev,validation,5a875cd65542996e4f30879d,
hotpot_distractor_dev,validation,5ac3a928554299391541389f,
hotpot_distractor_dev,validation,5a84ad3a5542992a431d1a8b,
hotpot_distractor_dev,validation,5ab7de455542992aa3b8c864,
hotpot_distractor_dev,validation,5ae4cb2f55429960a22e01e8,
hotpot_distractor_dev,validation,5ae3d2715542990afbd1e1e9,
hotpot_distractor_dev,validation,5a8b42be55429949d91db515,
hotpot_distractor_dev,validation,5a8afa4d55429949d91db44c,
hotpot_distractor_dev,validation,5a7f5da85542992097ad2f3e,
hotpot_distractor_dev,validation,5a87b30c5542994846c1cdcf,
hotpot_distractor_dev,validation,5abd72d155429933744ab7e0,
hotpot_distractor_dev,validation,5a724dc25542990c210a40df,
hotpot_distractor_dev,validation,5ac24cc45542996366519963,
hotpot_distractor_dev,validation,5ae4a45b55429970de88d9ed,
hotpot_distractor_dev,validation,5ae3d5ec5542992f92d8238c,
hotpot_distractor_dev,validation,5a81b92a5542995ce29dcc52,
hotpot_distractor_dev,validation,5a732ca45542992359bc325d,
hotpot_distractor_dev,validation,5a85d6d95542996432c570fb,
hotpot_distractor_dev,validation,5a7a11c85542996a35c170b4,
hotpot_distractor_dev,validation,5abfa18f5542990832d3a176,
hotpot_distractor_dev,validation,5ae0f4645542997b2ef7d0aa,
hotpot_distractor_dev,validation,5a714dea5542994082a3e7a9,
hotpot_distractor_dev,validation,5a7cdc54554299683c1c63a5,
hotpot_distractor_dev,validation,5ab42ae95542991751b4d6c4,
hotpot_distractor_dev,validation,5ac0b1835542992a796ded65,
hotpot_distractor_dev,validation,5a73bddb55429978a71e909d,
hotpot_distractor_dev,validation,5ab3ddbc55429969a97a81dc,
hotpot_distractor_dev,validation,5ac4deff554299076e296e26,
hotpot_distractor_dev,validation,5ab73eaf5542992aa3b8c7ef,
hotpot_distractor_dev,validation,5ab92f52554299131ca422a9,
hotpot_distractor_dev,validation,5a7943c655429970f5fffe89,
hotpot_distractor_dev,validation,5a860baa554299211dda2a4c,
hotpot_distractor_dev,validation,5a731a635542994cef4bc458,
hotpot_distractor_dev,validation,5ab953a45542996be202047f,
hotpot_distractor_dev,validation,5ae26c795542992decbdccfb,
hotpot_distractor_dev,validation,5a8fb65d5542997ba9cb32fa,
hotpot_distractor_dev,validation,5a7ef18c55429934daa2fc84,
hotpot_distractor_dev,validation,5a75e67f55429976ec32bc8b,
hotpot_distractor_dev,validation,5a81967a55429926c1cdad44,
hotpot_distractor_dev,validation,5ae0fd9655429920d5234264,
hotpot_distractor_dev,validation,5a7a103b5542990783324e27,
hotpot_distractor_dev,validation,5aba510f5542994dbf0198d6,
hotpot_distractor_dev,validation,5a7602d8554299109176e5fb,
hotpot_distractor_dev,validation,5adcca7f5542994ed6169c06,
hotpot_distractor_dev,validation,5a73471a5542991f9a20c6d7,
hotpot_distractor_dev,validation,5ae64b015542992ae0d162bc,
hotpot_distractor_dev,validation,5a7380e855429905862fe041,
hotpot_distractor_dev,validation,5ac21ac05542991316484bee,
hotpot_distractor_dev,validation,5ae7247b5542992ae0d163c1,
hotpot_distractor_dev,validation,5ae446825542995ad6573d21,
hotpot_distractor_dev,validation,5ae6c7b35542992ae0d1639c,
hotpot_distractor_dev,validation,5a84c0885542994c784dda28,
hotpot_distractor_dev,validation,5a84be845542991dd0999dcf,
hotpot_distractor_dev,validation,5adf03765542995534e8c72b,
hotpot_distractor_dev,validation,5ae35b035542992e3233c3ae,
hotpot_distractor_dev,validation,5adebc9b554299728e26c79d,
hotpot_distractor_dev,validation,5a7b22f8554299042af8f6ff,
hotpot_distractor_dev,validation,5ae0432a55429924de1b7081,
hotpot_distractor_dev,validation,5ab55455554299488d4d993b,
hotpot_distractor_dev,validation,5ae676915542995703ce8b66,
hotpot_distractor_dev,validation,5a7782b95542995d8318117f,
hotpot_distractor_dev,validation,5a81e8ea5542995ce29dcc73,
hotpot_distractor_dev,validation,5a879fe05542996e4f30888a,
hotpot_distractor_dev,validation,5adffd4755429906c02daa9b,
hotpot_distractor_dev,validation,5abcf1ce554299700f9d7930,
hotpot_distractor_dev,validation,5ac13d5c5542996f0d89cc78,
hotpot_distractor_dev,validation,5a7aa9425542992d025e66e4,
hotpot_distractor_dev,validation,5a8241a855429940e5e1a819,
hotpot_distractor_dev,validation,5ab29caa554299545a2cf9d3,
hotpot_distractor_dev,validation,5a7a33a35542994f819ef14c,
hotpot_distractor_dev,validation,5ae4dd0955429960a22e0201,
hotpot_distractor_dev,validation,5aba7d7d554299232ef4a303,
hotpot_distractor_dev,validation,5ab2c0de5542992953946870,
hotpot_distractor_dev,validation,5a8459aa5542996488c2e51e,
hotpot_distractor_dev,validation,5a7481d755429974ef308c12,
hotpot_distractor_dev,validation,5ac31bbd554299741d48a1f9,
hotpot_distractor_dev,validation,5a7780e855429949eeb29e9f,
hotpot_distractor_dev,validation,5a7c9ead5542990527d554e4,
hotpot_distractor_dev,validation,5ab2eff05542991669774140,
hotpot_distractor_dev,validation,5ab67c0055429954757d32f6,
hotpot_distractor_dev,validation,5ae0198455429942ec259c1e,
hotpot_distractor_dev,validation,5a75da235542992db94736f9,
hotpot_distractor_dev,validation,5ae532e955429908b632656f,
hotpot_distractor_dev,validation,5a73aeb855429908901be311,
hotpot_distractor_dev,validation,5abaccd1554299660624161b,
hotpot_distractor_dev,validation,5a7f6fd75542992e7d278cfa,
hotpot_distractor_dev,validation,5a75b7bd5542992d0ec05fec,
hotpot_distractor_dev,validation,5abd7aba55429924427fcfed,
hotpot_distractor_dev,validation,5ae4c7c65542990ba0bbb12b,
hotpot_distractor_dev,validation,5ab6d04c554299710c8d1f70,
hotpot_distractor_dev,validation,5a8b768655429949d91db5a9,
hotpot_distractor_dev,validation,5ae1c214554299234fd042ed,
hotpot_distractor_dev,validation,5abdb4a755429965af743df0,
hotpot_distractor_dev,validation,5a81df4b55429903bc27b9f8,
hotpot_distractor_dev,validation,5ae3f6775542991a06ce9a3f,
hotpot_distractor_dev,validation,5abc7bf5554299114383a129,
hotpot_distractor_dev,validation,5ae26197554299495565da51,
hotpot_distractor_dev,validation,5a8391f55542996488c2e45c,
hotpot_distractor_dev,validation,5a8a367a55429930ff3c0d03,
hotpot_distractor_dev,validation,5adf41a45542993a75d26456,
hotpot_distractor_dev,validation,5a8e92b55542995085b37458,
hotpot_distractor_dev,validation,5ac029655542992a796decb3,
hotpot_distractor_dev,validation,5ade09a15542995b365fabdf,
hotpot_distractor_dev,validation,5abae1725542996cc5e49ece,
hotpot_distractor_dev,validation,5a7ca74c55429907fabeefe9,
hotpot_distractor_dev,validation,5a82ffef55429954d2e2ebf2,
hotpot_distractor_dev,validation,5a8da0b85542994ba4e3dcd3,
hotpot_distractor_dev,validation,5a8193275542995ce29dcc07,
hotpot_distractor_dev,validation,5a861c0d5542994775f606f7,
hotpot_distractor_dev,validation,5a863114554299211dda2aa5,
hotpot_distractor_dev,validation,5ae37ca55542992f92d822d5,
hotpot_distractor_dev,validation,5ae6196d5542995703ce8afd,
hotpot_distractor_dev,validation,5ae4b5935542995ad6573e27,
hotpot_distractor_dev,validation,5abffdec554299012d1db55d,
hotpot_distractor_dev,validation,5a86458b5542991e771815ec,
hotpot_distractor_dev,validation,5a8a59c955429930ff3c0da6,
hotpot_distractor_dev,validation,5a81d69055429903bc27b9de,
hotpot_distractor_dev,validation,5a7299465542992359bc3131,
hotpot_distractor_dev,validation,5a8af1e255429950cd6afc28,
hotpot_distractor_dev,validation,5a773ec355429966f1a36ccb,
hotpot_distractor_dev,validation,5a7da6c25542995ed0d16652,
hotpot_distractor_dev,validation,5ab1e75f554299340b525422,
hotpot_distractor_dev,validation,5a7a99db55429941d65f26ea,
hotpot_distractor_dev,validation,5adbd68155429947ff173842,
hotpot_distractor_dev,validation,5a78f3d255429970f5fffdf1,
hotpot_distractor_dev,validation,5a8c51f0554299240d9c2111,
hotpot_distractor_dev,validation,5a808afb5542992bc0c4a76b,
hotpot_distractor_dev,validation,5a84a7f95542992a431d1a85,
hotpot_distractor_dev,validation,5ab5f372554299488d4d9a60,
hotpot_distractor_dev,validation,5aba916c55429901930fa83b,
hotpot_distractor_dev,validation,5ae5669755429960a22e02ec,
hotpot_distractor_dev,validation,5ab5cd0d554299488d4d9a30,
hotpot_distractor_dev,validation,5ae6c2285542995703ce8b9a,
hotpot_distractor_dev,validation,5a843cf35542996488c2e51b,
hotpot_distractor_dev,validation,5a76db3555429972597f13e7,
hotpot_distractor_dev,validation,5a74524455429979e28828f6,
hotpot_distractor_dev,validation,5ac531ea5542994611c8b419,
hotpot_distractor_dev,validation,5ab2fccb5542991669774176,
hotpot_distractor_dev,validation,5a7618d85542994ccc9186cf,
hotpot_distractor_dev,validation,5a8d75f35542994ba4e3dc8b,
hotpot_distractor_dev,validation,5a7790ed5542992a6e59defb,
hotpot_distractor_dev,validation,5a8c7623554299653c1aa07a,
hotpot_distractor_dev,validation,5abcd77755429965836004ce,
hotpot_distractor_dev,validation,5abe0e4e55429976d4830a62,
hotpot_distractor_dev,validation,5ab6fc8a5542991d32223714,
hotpot_distractor_dev,validation,5add9bfa5542990dbb2f7e85,
hotpot_distractor_dev,validation,5adfc06d55429906c02daa2a,
hotpot_distractor_dev,validation,5ac298805542990b17b15429,
hotpot_distractor_dev,validation,5a8089dc5542992bc0c4a765,
hotpot_distractor_dev,validation,5ae4e29855429908b63264a9,
hotpot_distractor_dev,validation,5a8e942b5542995085b3745c,
hotpot_distractor_dev,validation,5abaf0e055429966062416a3,
hotpot_distractor_dev,validation,5aba3bb855429955dce3ede7,
hotpot_distractor_dev,validation,5a81e107554299676cceb12a,
hotpot_distractor_dev,validation,5ae2133e554299495565d9e3,
hotpot_distractor_dev,validation,5a738a5955429908901be2f6,
hotpot_distractor_dev,validation,5a7f354b5542992e7d278c8c,
hotpot_distractor_dev,validation,5a8656ca554299211dda2afc,
hotpot_distractor_dev,validation,5ae6c0f35542991bbc97616f,
hotpot_distractor_dev,validation,5a776f8555429972597f1534,
hotpot_distractor_dev,validation,5a81db0b5542990a1d231ee2,
hotpot_distractor_dev,validation,5ab90d8955429916710eb0f1,
hotpot_distractor_dev,validation,5aba8d4655429901930fa82b,
hotpot_distractor_dev,validation,5a8f15d2554299458435d551,
hotpot_distractor_dev,validation,5add352b5542990dbb2f7dc4,
hotpot_distractor_dev,validation,5a8249b85542990a1d231f8f,
hotpot_distractor_dev,validation,5ae4a91d5542995ad6573e09,
hotpot_distractor_dev,validation,5ab57022554299637185c59e,
hotpot_distractor_dev,validation,5a7fc5c25542992e7d278d6a,
hotpot_distractor_dev,validation,5a7300b85542994cef4bc41a,
hotpot_distractor_dev,validation,5abffda6554299012d1db55b,
hotpot_distractor_dev,validation,5ab9b7d555429970cfb8eb7a,
hotpot_distractor_dev,validation,5a70f4695542994082a3e435,
hotpot_distractor_dev,validation,5a82ffe755429940e5e1a949,
hotpot_distractor_dev,validation,5a7b5aff55429931da12ca6d,
hotpot_distractor_dev,validation,5a78e49855429974737f78f3,
hotpot_distractor_dev,validation,5a7bcc0f554299042af8f7e2,
hotpot_distractor_dev,validation,5ac29a835542990b17b1542f,
hotpot_distractor_dev,validation,5abd245555429924427fcf0f,
hotpot_distractor_dev,validation,5adcd7325542994d58a2f6f6,
hotpot_distractor_dev,validation,5a74994a55429974ef308c2e,
hotpot_distractor_dev,validation,5a90b7f355429916514e752d,
hotpot_distractor_dev,validation,5adfc11e55429942ec259b3a,
hotpot_distractor_dev,validation,5ae8242455429952e35eaa54,
hotpot_distractor_dev,validation,5ac3d1d9554299204fd21e8a,
hotpot_distractor_dev,validation,5a7724715542994aec3b71fd,
hotpot_distractor_dev,validation,5a862da855429960ec39b640,
hotpot_distractor_dev,validation,5a7f677455429969796c1a37,
hotpot_distractor_dev,validation,5a72429355429971e9dc9375,
hotpot_distractor_dev,validation,5a73cf5e55429978a71e909f,
hotpot_distractor_dev,validation,5ab916e155429919ba4e23a4,
hotpot_distractor_dev,validation,5abae1055542996cc5e49ec9,
hotpot_distractor_dev,validation,5addd5965542997dc7907047,
hotpot_distractor_dev,validation,5ae547f85542990ba0bbb254,
hotpot_distractor_dev,validation,5a75321555429916b0164290,
hotpot_distractor_dev,validation,5ab2d61155429916697740ff,
hotpot_distractor_dev,validation,5ab29bdc554299545a2cf9d1,
hotpot_distractor_dev,validation,5ab4da5b55429942dd415f96,
hotpot_distractor_dev,validation,5a76d15e55429966f1a36bfa,
hotpot_distractor_dev,validation,5ab29486554299545a2cf9a4,
hotpot_distractor_dev,validation,5ac282875542996773102546,
hotpot_distractor_dev,validation,5a7ee0d05542994959419a88,
hotpot_distractor_dev,validation,5a823fc055429940e5e1a810,
hotpot_distractor_dev,validation,5ae322b75542994393b9e622,
hotpot_distractor_dev,validation,5ac173d85542994d76dcce37,
hotpot_distractor_dev,validation,5a7b57155542992d025e680f,
hotpot_distractor_dev,validation,5a7f3c8f55429930675136c9,
hotpot_distractor_dev,validation,5a8333115542993344745feb,
hotpot_distractor_dev,validation,5adf8ade5542993344016ce8,
hotpot_distractor_dev,validation,5ab850795542990e739ec8bd,
hotpot_distractor_dev,validation,5adcf37e5542994ed6169c37,
hotpot_distractor_dev,validation,5a7cdd1c554299683c1c63a8,
hotpot_distractor_dev,validation,5a8b8a745542995d1e6f13e4,
hotpot_distractor_dev,validation,5ac325495542995ef918c12e,
hotpot_distractor_dev,validation,5adf29f05542993344016c09,
hotpot_distractor_dev,validation,5abd605155429924427fcfc9,
hotpot_distractor_dev,validation,5a8a4b9955429930ff3c0d88,
hotpot_distractor_dev,validation,5aded1595542995ec70e8f29,
hotpot_distractor_dev,validation,5a7eb9f355429934daa2fc53,
hotpot_distractor_dev,validation,5a7f96a95542995d8a8ddead,
hotpot_distractor_dev,validation,5ab92e3c554299753720f777,
hotpot_distractor_dev,validation,5abc2e1c554299700f9d7806,
hotpot_distractor_dev,validation,5adc7f4a5542994650320d28,
hotpot_distractor_dev,validation,5ae083e855429924de1b70fb,
hotpot_distractor_dev,validation,5a7755c65542993569682d54,
hotpot_distractor_dev,validation,5adf36c55542993344016c3e,
hotpot_distractor_dev,validation,5ae140f95542997b2ef7d182,
hotpot_distractor_dev,validation,5ab5820e554299488d4d99c3,
hotpot_distractor_dev,validation,5abaaf9355429955dce3eecb,
hotpot_distractor_dev,validation,5ac19bf55542994ab5c67d97,
hotpot_distractor_dev,validation,5a8dab16554299068b959d89,
hotpot_distractor_dev,validation,5ab29cef554299449642c936,
hotpot_distractor_dev,validation,5ae7b001554299540e5a5645,
hotpot_distractor_dev,validation,5ab5e13c5542992aa134a3bf,
hotpot_distractor_dev,validation,5a88ba465542993e715ac089,
hotpot_distractor_dev,validation,5a7efa7a55429930675135ea,
hotpot_distractor_dev,validation,5ab82d345542990e739ec854,
hotpot_distractor_dev,validation,5ac3dc9e5542997ea680c950,
hotpot_distractor_dev,validation,5a81d92f554299676cceb0f9,
hotpot_distractor_dev,validation,5a710a1e5542994082a3e4fd,
hotpot_distractor_dev,validation,5a8f55f9554299458435d5bd,
hotpot_distractor_dev,validation,5abc089b5542993f40c73c57,
hotpot_distractor_dev,validation,5a74ae6a55429916b01641c9,
hotpot_distractor_dev,validation,5a7380b955429908901be2d4,
hotpot_distractor_dev,validation,5ab2b61d5542991669774065,
hotpot_distractor_dev,validation,5ac2f79e5542996773102661,
hotpot_distractor_dev,validation,5adea8cf55429939a52fe92d,
hotpot_distractor_dev,validation,5a84e1095542997175ce1f25,
hotpot_distractor_dev,validation,5ae29d92554299492dc91c36,
hotpot_distractor_dev,validation,5a7e1cd955429965cec5ea76,
hotpot_distractor_dev,validation,5ac4a7615542996feb3fe92a,
hotpot_distractor_dev,validation,5ade4da055429939a52fe878,
hotpot_distractor_dev,validation,5a7cd8da55429909bec76845,
hotpot_distractor_dev,validation,5a89019a5542995153361259,
hotpot_distractor_dev,validation,5a7518cb55429916b0164259,
hotpot_distractor_dev,validation,5ae3b30f5542994393b9e74f,
hotpot_distractor_dev,validation,5ab5cedf554299488d4d9a34,
hotpot_distractor_dev,validation,5abc0ac455429959677d6a01,
hotpot_distractor_dev,validation,5a8c8828554299653c1aa0ae,
hotpot_distractor_dev,validation,5a84bbb35542991dd0999dc0,
hotpot_distractor_dev,validation,5a7cf3d655429909bec768bf,
hotpot_distractor_dev,validation,5ac1620855429964131be1bc,
hotpot_distractor_dev,validation,5a7148005542994082a3e759,
hotpot_distractor_dev,validation,5a87868c5542996e4f308828,
hotpot_distractor_dev,validation,5a8a5c9855429970aeb702be,
hotpot_distractor_dev,validation,5ae0f73d55429920d5234252,
hotpot_distractor_dev,validation,5a84ed765542994c784dda8b,
hotpot_distractor_dev,validation,5ab42a2b5542996a3a969f5a,
hotpot_distractor_dev,validation,5adfee9c55429906c02daa8a,
hotpot_distractor_dev,validation,5ab29842554299194fa93420,
hotpot_distractor_dev,validation,5ac0b8395542996f0d89cc21,
hotpot_distractor_dev,validation,5ac3a10b5542995ef918c1c3,
hotpot_distractor_dev,validation,5abfea825542994516f45527,
hotpot_distractor_dev,validation,5a77baac5542992a6e59dfa2,
hotpot_distractor_dev,validation,5abdf7055542993f32c2a06c,
hotpot_distractor_dev,validation,5a900b575542995b44242099,
hotpot_distractor_dev,validation,5ac38ce255429939154137c2,
hotpot_distractor_dev,validation,5ac0c5805542992a796ded80,
hotpot_distractor_dev,validation,5ae3dce45542994393b9e783,
hotpot_distractor_dev,validation,5ae32e1a55429928c423964e,
hotpot_distractor_dev,validation,5ac45cfd554299076e296db5,
hotpot_distractor_dev,validation,5ab472a35542991779162c98,
hotpot_distractor_dev,validation,5ac23f5255429951e9e684d8,
hotpot_distractor_dev,validation,5ae6dba85542996d980e7c9b,
hotpot_distractor_dev,validation,5a8f47785542997ba9cb3217,
hotpot_distractor_dev,validation,5a8ba07d5542996e8ac88985,
hotpot_distractor_dev,validation,5a746a4455429974ef308bf6,
hotpot_distractor_dev,validation,5a75642c5542996c70cfaeed,
hotpot_distractor_dev,validation,5a845b2d5542996488c2e520,
hotpot_distractor_dev,validation,5a74c1c05542996c70cfadd8,
hotpot_distractor_dev,validation,5a8c6ebd5542996e8ac88aa9,
hotpot_distractor_dev,validation,5ab430f655429942dd415eca,
hotpot_distractor_dev,validation,5a7cfea2554299452d57babe,
hotpot_distractor_dev,validation,5a7bc0755542995eb53be9a5,
hotpot_distractor_dev,validation,5abfdfcb5542997d642958fe,
hotpot_distractor_dev,validation,5ac4a94a5542996feb3fe92b,
hotpot_distractor_dev,validation,5ab2082f554299722f9b4c9f,
hotpot_distractor_dev,validation,5ade61fd554299728e26c704,
hotpot_distractor_dev,validation,5a8e482c5542995a26add4c3,
hotpot_distractor_dev,validation,5ae537a855429960a22e0266,
hotpot_distractor_dev,validation,5ab5895f554299637185c5c2,
hotpot_distractor_dev,validation,5adcc975554299473435379f,
hotpot_distractor_dev,validation,5a829fab55429954d2e2eb83,
hotpot_distractor_dev,validation,5a90970d5542995651fb51a5,
hotpot_distractor_dev,validation,5ae1dadf5542997f29b3c14f,
hotpot_distractor_dev,validation,5ab819065542995dae37ea3c,
hotpot_distractor_dev,validation,5ab5fddb554299110f2199af,
hotpot_distractor_dev,validation,5ab3f6b9554299753aec5a03,
hotpot_distractor_dev,validation,5ae1bc7b554299234fd042df,
hotpot_distractor_dev,validation,5ac07327554299012d1db5f2,
hotpot_distractor_dev,validation,5a8e612b5542995085b3741b,
hotpot_distractor_dev,validation,5a72ac8a5542992359bc3164,
hotpot_distractor_dev,validation,5a826d2f5542995ce29dcd05,
hotpot_distractor_dev,validation,5abea85f5542990832d3a070,
hotpot_distractor_dev,validation,5ae66d515542992ae0d16346,
hotpot_distractor_dev,validation,5ac1b95655429963665198fd,
hotpot_distractor_dev,validation,5ac3e1075542995c82c4ac78,
hotpot_distractor_dev,validation,5adebc51554299728e26c799,
hotpot_distractor_dev,validation,5a8ce851554299441c6b9f6c,
hotpot_distractor_dev,validation,5a78ce79554299029c4b5ea1,
hotpot_distractor_dev,validation,5a8a03985542992e4fca84d6,
hotpot_distractor_dev,validation,5ac5630e5542993e66e823d5,
hotpot_distractor_dev,validation,5a7dbf4e5542990b8f503a68,
hotpot_distractor_dev,validation,5ac324ad5542995ef918c127,
hotpot_distractor_dev,validation,5a8888e35542997e5c09a5f6,
hotpot_distractor_dev,validation,5ae72fd95542991e8301cbb4,
hotpot_distractor_dev,validation,5abc3f725542993a06baf8b3,
hotpot_distractor_dev,validation,5ab3c270554299233954ff9e,
hotpot_distractor_dev,validation,5a746abf55429929fddd8417,
hotpot_distractor_dev,validation,5ac42c6d5542997ea680ca1a,
hotpot_distractor_dev,validation,5a7a69365542996c55b2dd9b,
hotpot_distractor_dev,validation,5a737fff554299623ed4abb9,
hotpot_distractor_dev,validation,5ab3b2fb554299753aec59af,
hotpot_distractor_dev,validation,5ab6654455429954757d3281,
hotpot_distractor_dev,validation,5a7385c45542992d56e7e359,
hotpot_distractor_dev,validation,5ae71d2d554299572ea546f7,
hotpot_distractor_dev,validation,5a836ce55542993344746012,
hotpot_distractor_dev,validation,5ade0cc85542990dbb2f7f37,
hotpot_distractor_dev,validation,5a802fb8554299485f598582,
hotpot_distractor_dev,validation,5ac3e22d5542997ea680c976,
hotpot_distractor_dev,validation,5ac2ca84554299218029db55,
hotpot_distractor_dev,validation,5add695a5542992ae4cec557,
hotpot_distractor_dev,validation,5ae71c4c554299572ea546ee,
hotpot_distractor_dev,validation,5ae16bce5542997b2ef7d1e8,
hotpot_distractor_dev,validation,5adbfb3f55429947ff17388a,
hotpot_distractor_dev,validation,5a79a26d554299029c4b5f63,
hotpot_distractor_dev,validation,5ab9405c554299743d22ea7c,
hotpot_distractor_dev,validation,5ade6fcd55429975fa854ecf,
hotpot_distractor_dev,validation,5ac275e755429921a00aaf81,
hotpot_distractor_dev,validation,5a8cd291554299441c6b9f14,
hotpot_distractor_dev,validation,5a72aec45542994cef4bc3d7,
hotpot_distractor_dev,validation,5a745a2955429929fddd83f8,
hotpot_distractor_dev,validation,5a737ef85542992d56e7e336,
hotpot_distractor_dev,validation,5ac43c7b5542997ea680ca34,
hotpot_distractor_dev,validation,5a7f66f155429969796c1a33,
hotpot_distractor_dev,validation,5a8b99a45542997f31a41d7f,
hotpot_distractor_dev,validation,5a851cc85542997b5ce3ffa3,
hotpot_distractor_dev,validation,5ab678f455429954757d32d3,
hotpot_distractor_dev,validation,5ac0a18a5542992a796ded41,
hotpot_distractor_dev,validation,5a7b88b45542997c3ec97201,
hotpot_distractor_dev,validation,5ab8524f5542990e739ec8c4,
hotpot_distractor_dev,validation,5a8fa4a5554299458435d6a3,
hotpot_distractor_dev,validation,5ac0d9a35542992a796ded90,
hotpot_distractor_dev,validation,5a72f7df5542991f9a20c5d7,
hotpot_distractor_dev,validation,5a8f43555542992414482a21,
hotpot_distractor_dev,validation,5abe48675542991f66106119,
hotpot_distractor_dev,validation,5ae0b8bb55429924de1b7145,
hotpot_distractor_dev,validation,5a793ea55542994bb9456fce,
hotpot_distractor_dev,validation,5ab682f85542995eadef001f,
hotpot_distractor_dev,validation,5abdc0ad55429933744ab81b,
hotpot_distractor_dev,validation,5adcf2b55542992c1e3a24cd,
hotpot_distractor_dev,validation,5a7571835542992db9473669,
hotpot_distractor_dev,validation,5abe9c1a5542993f32c2a183,
hotpot_distractor_dev,validation,5ab90d2755429916710eb0f0,
hotpot_distractor_dev,validation,5ac16c2b5542994d76dcce19,
hotpot_distractor_dev,validation,5a7b48b15542995eb53be8eb,
hotpot_distractor_dev,validation,5abe84a95542991f6610619b,
hotpot_distractor_dev,validation,5a7e43c9554299495941995a,
hotpot_distractor_dev,validation,5ae151985542990adbacf74d,
hotpot_distractor_dev,validation,5a81ee385542995ce29dcc88,
hotpot_distractor_dev,validation,5a8c301d554299240d9c20cb,
hotpot_distractor_dev,validation,5aba749855429955dce3ee34,
hotpot_distractor_dev,validation,5abb291355429939ce03dd9e,
hotpot_distractor_dev,validation,5a80297f5542992e7d278e08,
hotpot_distractor_dev,validation,5ae5f82a554299546bf82feb,
hotpot_distractor_dev,validation,5ae088525542993d6555eba1,
hotpot_distractor_dev,validation,5adec53655429975fa854f87,
hotpot_distractor_dev,validation,5ae2c4b8554299495565db31,
hotpot_distractor_dev,validation,5ae328df55429928c423963c,
hotpot_distractor_dev,validation,5ae71bee554299572ea546ea,
hotpot_distractor_dev,validation,5ab57759554299637185c5a5,
hotpot_distractor_dev,validation,5ae724ec5542995703ce8bd8,
hotpot_distractor_dev,validation,5abbdaac5542992ccd8e7fc0,
hotpot_distractor_dev,validation,5abf1ad15542997ec76fd3c2,
hotpot_distractor_dev,validation,5a81141855429938b61422ad,
hotpot_distractor_dev,validation,5ab2f4c95542991669774155,
hotpot_distractor_dev,validation,5ae5429355429908b63265c5,
hotpot_distractor_dev,validation,5ac3e5de554299204fd21ebc,
hotpot_distractor_dev,validation,5adf81105542992d7e9f9388,
hotpot_distractor_dev,validation,5adcfb5f5542990d50227d81,
hotpot_distractor_dev,validation,5a750ccc5542993748c897a8,
hotpot_distractor_dev,validation,5a7103b35542994082a3e4c0,
hotpot_distractor_dev,validation,5ae688065542996d980e7beb,
hotpot_distractor_dev,validation,5a8ba0855542995d1e6f1427,
hotpot_distractor_dev,validation,5ae2f97555429928c4239582,
hotpot_distractor_dev,validation,5ac3a7f75542993915413890,
hotpot_distractor_dev,validation,5a8f5b6f554299458435d5e7,
hotpot_distractor_dev,validation,5add53fe5542992200553ab1,
hotpot_distractor_dev,validation,5a8b3e985542995d1e6f131c,
hotpot_distractor_dev,validation,5ae25e835542992decbdccd1,
hotpot_distractor_dev,validation,5a74d7685542996c70cfae0a,
hotpot_distractor_dev,validation,5a866fa855429960ec39b6a5,
hotpot_distractor_dev,validation,5adde8a05542997dc79070a4,
hotpot_distractor_dev,validation,5a9087ac5542990a98493668,
hotpot_distractor_dev,validation,5a840a9e5542992ef85e2397,
hotpot_distractor_dev,validation,5ae791a55542994a481bbdaa,
hotpot_distractor_dev,validation,5ae357745542992f92d8229b,
hotpot_distractor_dev,validation,5a823b355542990a1d231f6e,
hotpot_distractor_dev,validation,5a7effeb5542994959419aa0,
hotpot_distractor_dev,validation,5a81a2055542990a1d231e2d,
hotpot_distractor_dev,validation,5ade6eb65542992fa25da782,
hotpot_distractor_dev,validation,5adc6a3b55429947ff173953,
hotpot_distractor_dev,validation,5ac3b8b8554299741d48a301,
hotpot_distractor_dev,validation,5ae320f855429928c4239620,
hotpot_distractor_dev,validation,5a8bd49d5542997f31a41dd7,
hotpot_distractor_dev,validation,5ae0ba9055429924de1b715c,
hotpot_distractor_dev,validation,5a74b4dc55429979e2882a00,
hotpot_distractor_dev,validation,5ab5f75e554299637185c64b,
hotpot_distractor_dev,validation,5ae0fe8855429945ae959495,
hotpot_distractor_dev,validation,5ae3c1515542992f92d8236a,
hotpot_distractor_dev,validation,5a77b6325542997042120af7,
hotpot_distractor_dev,validation,5a7750de55429966f1a36cf0,
hotpot_distractor_dev,validation,5a7cc700554299452d57ba4e,
hotpot_distractor_dev,validation,5ac39d22554299391541381f,
hotpot_distractor_dev,validation,5a81c90a5542990a1d231eb4,
hotpot_distractor_dev,validation,5abd332e5542993062266bdd,
hotpot_distractor_dev,validation,5ae641f65542992ae0d162a3,
hotpot_distractor_dev,validation,5a7912f655429974737f796c,
hotpot_distractor_dev,validation,5a765fe85542992d0ec060c5,
hotpot_distractor_dev,validation,5abd82dc5542993062266cb6,
hotpot_distractor_dev,validation,5ae10572554299422ee995cd,
hotpot_distractor_dev,validation,5ac4c0fc5542997ea680cab1,
hotpot_distractor_dev,validation,5a88644455429938390d3f3f,
hotpot_distractor_dev,validation,5ac2716f5542992f1f2b38cb,
hotpot_distractor_dev,validation,5ae0aaf35542993d6555ec02,
hotpot_distractor_dev,validation,5ab56555554299494045ef97,
hotpot_distractor_dev,validation,5a83b1e75542990548d0b220,
hotpot_distractor_dev,validation,5abd02605542992ac4f381a2,
hotpot_distractor_dev,validation,5ae701b2554299572ea54680,
hotpot_distractor_dev,validation,5a7b2a2255429927d897bf4c,
hotpot_distractor_dev,validation,5a8f979255429918e830d288,
hotpot_distractor_dev,validation,5a810006554299260e20a1f6,
hotpot_distractor_dev,validation,5a90740a5542990a98493658,
hotpot_distractor_dev,validation,5ac261265542992f1f2b3896,
hotpot_distractor_dev,validation,5a809e9f5542996402f6a5b1,
hotpot_distractor_dev,validation,5a8fb0be5542997ba9cb32ed,
hotpot_distractor_dev,validation,5ab6f222554299110f219a78,
hotpot_distractor_dev,validation,5a7a562355429941d65f25ba,
hotpot_distractor_dev,validation,5addfe1c5542995b365fabaf,
hotpot_distractor_dev,validation,5ade28cf5542997c77aded85,
hotpot_distractor_dev,validation,5a7720d05542993569682cde,
hotpot_distractor_dev,validation,5a7cb2ed5542990527d55505,
hotpot_distractor_dev,validation,5ae2e8e05542991a06ce98fb,
hotpot_distractor_dev,validation,5ae358c05542990afbd1e10f,
hotpot_distractor_dev,validation,5ab9e477554299232ef4a25d,
hotpot_distractor_dev,validation,5abb07e95542992ccd8e7ec4,
hotpot_distractor_dev,validation,5a75e06155429976ec32bc60,
hotpot_distractor_dev,validation,5ab8e70b5542991b5579f031,
hotpot_distractor_dev,validation,5ae3a3835542990afbd1e19c,
hotpot_distractor_dev,validation,5a8c620c554299240d9c2141,
hotpot_distractor_dev,validation,5a871e265542991e771816d1,
hotpot_distractor_dev,validation,5ab7af9d5542993667793fe9,
hotpot_distractor_dev,validation,5a8aed1755429950cd6afbf1,
hotpot_distractor_dev,validation,5ac46a8b5542991943173980,
hotpot_distractor_dev,validation,5a77731955429972597f1541,
hotpot_distractor_dev,validation,5abc17555542993a06baf858,
hotpot_distractor_dev,validation,5a7f8b8c5542995d8a8ddea1,
hotpot_distractor_dev,validation,5a8fab8c5542995b4424208a,
hotpot_distractor_dev,validation,5a7e1f5655429965cec5ea81,
hotpot_distractor_dev,validation,5ae7fd085542993210984007,
hotpot_distractor_dev,validation,5adff34555429942ec259baa,
hotpot_distractor_dev,validation,5a7a7e9f5542994f819ef1f4,
hotpot_distractor_dev,validation,5ae1054055429920d5234284,
hotpot_distractor_dev,validation,5ae3281a5542991a06ce9939,
hotpot_distractor_dev,validation,5a7365b155429901807db02a,
hotpot_distractor_dev,validation,5a8835245542994846c1ce27,
hotpot_distractor_dev,validation,5a7dc7895542995ed0d16673,
hotpot_distractor_dev,validation,5abb03325542992ccd8e7eae,
hotpot_distractor_dev,validation,5a82f05255429966c78a6aa2,
hotpot_distractor_dev,validation,5ab524595542996a3a96a034,
hotpot_distractor_dev,validation,5abdff775542993f32c2a082,
hotpot_distractor_dev,validation,5ab997ad554299131ca4238c,
hotpot_distractor_dev,validation,5a73987c55429978a71e9039,
hotpot_distractor_dev,validation,5a901d6c5542995651fb50bd,
hotpot_distractor_dev,validation,5ae237ac554299492dc91be1,
hotpot_distractor_dev,validation,5a7f18a35542994959419aa6,
hotpot_distractor_dev,validation,5a79f37a5542996a35c17045,
hotpot_distractor_dev,validation,5a792f3e554299029c4b5f20,
hotpot_distractor_dev,validation,5ae7cb575542997ec27276ea,
hotpot_distractor_dev,validation,5ab2a308554299340b52553b,
hotpot_distractor_dev,validation,5a7e72dd55429949594199bf,
hotpot_distractor_dev,validation,5a8f84505542992414482aef,
hotpot_distractor_dev,validation,5abc030e554299642a094bdc,
hotpot_distractor_dev,validation,5add6cf45542992ae4cec55f,
hotpot_distractor_dev,validation,5ae7e9af5542994a481bbe0e,
hotpot_distractor_dev,validation,5a88651b55429938390d3f45,
hotpot_distractor_dev,validation,5a74f3f55542993748c8974b,
hotpot_distractor_dev,validation,5a8f608d5542992414482a94,
hotpot_distractor_dev,validation,5a831fcc55429940e5e1a96a,
hotpot_distractor_dev,validation,5ac1a4ed5542994d76dcce90,
hotpot_distractor_dev,validation,5a874ec35542994846c1cd57,
hotpot_distractor_dev,validation,5ae07e5b55429945ae959381,
hotpot_distractor_dev,validation,5a7137dc5542994082a3e68a,
hotpot_distractor_dev,validation,5a89fea655429970aeb701eb,
hotpot_distractor_dev,validation,5ae234005542994d89d5b392,
hotpot_distractor_dev,validation,5ab4ec2755429942dd415fa6,
hotpot_distractor_dev,validation,5a72d3525542991f9a20c5ab,
hotpot_distractor_dev,validation,5ae1d1a55542997f29b3c138,
hotpot_distractor_dev,validation,5a8b397955429971feec4674,
hotpot_distractor_dev,validation,5ab84de95542990e739ec8b4,
hotpot_distractor_dev,validation,5adbdc8a55429944faac238e,
hotpot_distractor_dev,validation,5a88981c554299206df2b307,
hotpot_distractor_dev,validation,5ac2943a55429921a00aafce,
hotpot_distractor_dev,validation,5a89ddf25542992e4fca83ff,
hotpot_distractor_dev,validation,5ae18ae6554299234fd04289,
hotpot_distractor_dev,validation,5adfb4b8554299603e418381,
hotpot_distractor_dev,validation,5a8b7dab5542997f31a41d4c,
hotpot_distractor_dev,validation,5ae361d15542990afbd1e126,
hotpot_distractor_dev,validation,5a804032554299485f5985a0,
hotpot_distractor_dev,validation,5a7d215255429909bec76979,
hotpot_distractor_dev,validation,5ae203d6554299234fd04394,
hotpot_distractor_dev,validation,5adea61155429939a52fe922,
hotpot_distractor_dev,validation,5ab6e6c7554299710c8d1fa4,
hotpot_distractor_dev,validation,5ae16d9655429920d52343ce,
hotpot_distractor_dev,validation,5ae28058554299495565da90,
hotpot_distractor_dev,validation,5a827e8455429940e5e1a8dd,
hotpot_distractor_dev,validation,5adcb7eb5542994ed6169bd0,
hotpot_distractor_dev,validation,5a76f22055429972597f13fa,
hotpot_distractor_dev,validation,5ac281e355429963665199eb,
hotpot_distractor_dev,validation,5abdd0f15542991f6610604d,
hotpot_distractor_dev,validation,5add1eed5542992ae4cec485,
hotpot_distractor_dev,validation,5adc126f5542996e685252c5,
hotpot_distractor_dev,validation,5a7d1765554299452d57bade,
hotpot_distractor_dev,validation,5a7cdf89554299683c1c63b0,
hotpot_distractor_dev,validation,5a8f5be9554299458435d5ed,
hotpot_distractor_dev,validation,5ae4b55455429913cc2044db,
hotpot_distractor_dev,validation,5a89e98955429946c8d6ea0c,
hotpot_distractor_dev,validation,5a8a03245542992e4fca84d5,
hotpot_distractor_dev,validation,5ae4be5455429960a22e019c,
hotpot_distractor_dev,validation,5add44c25542997545bbbd0a,
hotpot_distractor_dev,validation,5a72a6d855429901807daf27,
hotpot_distractor_dev,validation,5ade949b5542997c77adee63,
hotpot_distractor_dev,validation,5adc0644554299438c868d08,
hotpot_distractor_dev,validation,5a8d5ec2554299585d9e37c4,
hotpot_distractor_dev,validation,5adf5daf5542995534e8c79d,
hotpot_distractor_dev,validation,5ae64ad25542995703ce8b4f,
hotpot_distractor_dev,validation,5abba4b4554299642a094af3,
hotpot_distractor_dev,validation,5a801e845542992097ad2fd9,
hotpot_distractor_dev,validation,5ae39f405542991a06ce9a02,
hotpot_distractor_dev,validation,5ae2e0fd55429928c4239524,
hotpot_distractor_dev,validation,5ac0d732554299294b219030,
hotpot_distractor_dev,validation,5ae54bbd5542990ba0bbb262,
hotpot_distractor_dev,validation,5a8637415542994775f60724,
hotpot_distractor_dev,validation,5a7621bb554299109176e650,
hotpot_distractor_dev,validation,5ac3a47f554299391541386d,
hotpot_distractor_dev,validation,5a89b8f0554299669944a580,
hotpot_distractor_dev,validation,5ab870ee5542990e739ec8f6,
hotpot_distractor_dev,validation,5ac15f6c5542994d76dccdf3,
hotpot_distractor_dev,validation,5a8c6342554299240d9c214a,
hotpot_distractor_dev,validation,5adcbc645542994d58a2f6b6,
hotpot_distractor_dev,validation,5aba7fd055429955dce3ee5e,
hotpot_distractor_dev,validation,5ac270e05542992f1f2b38c9,
hotpot_distractor_dev,validation,5ab64cfa55429953192ad2b7,
hotpot_distractor_dev,validation,5ac39844554299741d48a2ac,
hotpot_distractor_dev,validation,5a8b84875542995d1e6f13d7,
hotpot_distractor_dev,validation,5a8bd2f95542997f31a41dd2,
hotpot_distractor_dev,validation,5a7f39d055429934daa2fd2a,
hotpot_distractor_dev,validation,5a7a49d85542994f819ef1bc,
hotpot_distractor_dev,validation,5abd573c55429924427fcfb7,
hotpot_distractor_dev,validation,5addffa75542992200553bdc,
hotpot_distractor_dev,validation,5ab613985542992aa134a418,
hotpot_distractor_dev,validation,5ac09d265542992a796ded39,
hotpot_distractor_dev,validation,5a904b0c5542995651fb510e,
hotpot_distractor_dev,validation,5abda6e955429965af743d9b,
hotpot_distractor_dev,validation,5abcee275542993a06baf9af,
hotpot_distractor_dev,validation,5a8484495542997175ce1ee8,
hotpot_distractor_dev,validation,5ab852c05542990e739ec8c5,
hotpot_distractor_dev,validation,5ac3a0db554299391541383a,
hotpot_distractor_dev,validation,5a8cea40554299441c6b9f76,
hotpot_distractor_dev,validation,5ac3d68f554299076e296ca6,
hotpot_distractor_dev,validation,5ab969ca55429970cfb8eac9,
hotpot_distractor_dev,validation,5ac1a6bf5542991316484b8d,
hotpot_distractor_dev,validation,5a8f4d895542992414482a2d,
hotpot_distractor_dev,validation,5a84de255542991dd0999e06,
hotpot_distractor_dev,validation,5adf3feb5542993a75d2644c,
hotpot_distractor_dev,validation,5ab3c48755429969a97a81b8,
hotpot_distractor_dev,validation,5a83093c55429966c78a6b01,
hotpot_distractor_dev,validation,5ae5fb2d554299546bf82ff5,
hotpot_distractor_dev,validation,5add24375542992c1e3a2542,
hotpot_distractor_dev,validation,5ac3ba1855429939154138f3,
hotpot_distractor_dev,validation,5ab46a0f5542990594ba9c1b,
hotpot_distractor_dev,validation,5a7f40055542992e7d278cc0,
hotpot_distractor_dev,validation,5a865e8a55429960ec39b67a,
hotpot_distractor_dev,validation,5abb326055429966062416e7,
hotpot_distractor_dev,validation,5ab545d3554299494045ef5c,
hotpot_distractor_dev,validation,5a74cfc75542996c70cfadfe,
hotpot_distractor_dev,validation,5ae0b82855429906c02daaff,
hotpot_distractor_dev,validation,5ae1a7c8554299234fd042b0,
hotpot_distractor_dev,validation,5a7c99d555429935c91b5254,
hotpot_distractor_dev,validation,5a8b7ca65542997f31a41d49,
hotpot_distractor_dev,validation,5a86141f5542996432c571a5,
hotpot_distractor_dev,validation,5abe87cb5542993f32c2a156,
hotpot_distractor_dev,validation,5a78eff155429974737f790a,
hotpot_distractor_dev,validation,5a8b84905542997f31a41d5d,
hotpot_distractor_dev,validation,5abecdf45542997719eab5d4,
hotpot_distractor_dev,validation,5abbf8bc5542993f40c73c35,
hotpot_distractor_dev,validation,5abace6b5542996cc5e49e99,
hotpot_distractor_dev,validation,5adfb790554299603e418389,
hotpot_distractor_dev,validation,5ac11ee45542997d64295a7d,
hotpot_distractor_dev,validation,5a7e1b7155429965cec5ea6c,
hotpot_distractor_dev,validation,5a89f58f5542992e4fca84af,
hotpot_distractor_dev,validation,5add2dae5542992c1e3a2558,
hotpot_distractor_dev,validation,5abce1fa5542993a06baf993,
hotpot_distractor_dev,validation,5a89e47f5542992e4fca8457,
hotpot_distractor_dev,validation,5ae658855542992ae0d162e3,
hotpot_distractor_dev,validation,5ae69cfe55429908198fa65f,
hotpot_distractor_dev,validation,5a7e689f55429934daa2fc1c,
hotpot_distractor_dev,validation,5a886364554299206df2b24b,
hotpot_distractor_dev,validation,5a7a70b355429941d65f2647,
hotpot_distractor_dev,validation,5a7335b55542992359bc3290,
hotpot_distractor_dev,validation,5a78b3f7554299148911f94c,
hotpot_distractor_dev,validation,5a80a25d5542995d8a8ddfb7,
hotpot_distractor_dev,validation,5a8f25175542997ba9cb31ea,
hotpot_distractor_dev,validation,5adeacf955429975fa854f66,
hotpot_distractor_dev,validation,5ab28156554299449642c8ce,
hotpot_distractor_dev,validation,5a84d71c5542997b5ce3ff75,
hotpot_distractor_dev,validation,5a810506554299260e20a202,
hotpot_distractor_dev,validation,5ab5279d5542996a3a96a03f,
hotpot_distractor_dev,validation,5ae1cb04554299234fd042fd,
hotpot_distractor_dev,validation,5a90b3c65542990a984936b7,
hotpot_distractor_dev,validation,5a8dff3f5542995085b37370,
hotpot_distractor_dev,validation,5ab3fa095542992ade7c6f0a,
hotpot_distractor_dev,validation,5a76a8bb5542993569682c76,
hotpot_distractor_dev,validation,5ae1f2f3554299234fd0435a,
hotpot_distractor_dev,validation,5ab42f3c55429942dd415ebc,
hotpot_distractor_dev,validation,5ab726415542993667793f52,
hotpot_distractor_dev,validation,5a77767a55429967ab10519b,
hotpot_distractor_dev,validation,5a89f90a5542992e4fca84be,
hotpot_distractor_dev,validation,5ab48a7c5542991751b4d7ab,
hotpot_distractor_dev,validation,5a7e02b75542997cc2c474f3,
hotpot_distractor_dev,validation,5a773e3955429972597f14c9,
hotpot_distractor_dev,validation,5ae0036a55429942ec259bdf,
hotpot_distractor_dev,validation,5a8bd4d65542997f31a41dd8,
hotpot_distractor_dev,validation,5ab87fa255429934fafe6e00,
hotpot_distractor_dev,validation,5abeab375542990832d3a091,
hotpot_distractor_dev,validation,5a793f505542994bb9456fd1,
hotpot_distractor_dev,validation,5a7d1d825542995ed0d165f5,
hotpot_distractor_dev,validation,5ae5be86554299546bf82f40,
hotpot_distractor_dev,validation,5a8208ee5542990a1d231f1e,
hotpot_distractor_dev,validation,5ab73b2e5542993667793f9b,
hotpot_distractor_dev,validation,5adc8d4f554299473435373d,
hotpot_distractor_dev,validation,5abac27855429966062415ff,
hotpot_distractor_dev,validation,5ae4869755429970de88d99a,
hotpot_distractor_dev,validation,5ae202f2554299234fd0438d,
hotpot_distractor_dev,validation,5a84c6df5542997b5ce3ff61,
hotpot_distractor_dev,validation,5ac292175542996366519a14,
hotpot_distractor_dev,validation,5a77a4fd5542997042120abc,
hotpot_distractor_dev,validation,5a85fb5e5542994775f606df,
hotpot_distractor_dev,validation,5a908aaa55429933b8a20545,
hotpot_distractor_dev,validation,5ae74fb95542991e8301cc57,
hotpot_distractor_dev,validation,5ae7b271554299540e5a564d,
hotpot_distractor_dev,validation,5ab514dc5542990594ba9cfa,
hotpot_distractor_dev,validation,5abb93275542993f40c73b3c,
hotpot_distractor_dev,validation,5ac02835554299294b218f2e,
hotpot_distractor_dev,validation,5ae5df84554299546bf82fa8,
hotpot_distractor_dev,validation,5ae7db435542993210983f9a,
hotpot_distractor_dev,validation,5a7c827e55429907fabeefa7,
hotpot_distractor_dev,validation,5a7d2c8d5542995ed0d16624,
hotpot_distractor_dev,validation,5ac017945542997d642959bc,
hotpot_distractor_dev,validation,5a739d8755429978a71e9048,
hotpot_distractor_dev,validation,5ac300905542996773102682,
hotpot_distractor_dev,validation,5a713b325542994082a3e6b5,
hotpot_distractor_dev,validation,5a808c215542995d8a8ddf90,
hotpot_distractor_dev,validation,5a81028b55429938b614228a,
hotpot_distractor_dev,validation,5a860642554299211dda2a3e,
hotpot_distractor_dev,validation,5a90362f55429933b8a2049d,
hotpot_distractor_dev,validation,5a829a7055429966c78a6a66,
hotpot_distractor_dev,validation,5a7fd7a25542992e7d278dc3,
hotpot_distractor_dev,validation,5a716f575542994082a3e82f,
hotpot_distractor_dev,validation,5a8ec6fd55429917b4a5bdc1,
hotpot_distractor_dev,validation,5a7f7ca25542994857a76747,
hotpot_distractor_dev,validation,5ab5c263554299488d4d9a18,
hotpot_distractor_dev,validation,5ac19ff35542991316484b61,
hotpot_distractor_dev,validation,5a7570a65542996c70cfaefd,
hotpot_distractor_dev,validation,5a8a57fe55429930ff3c0da0,
hotpot_distractor_dev,validation,5ac3ade05542995ef918c1e3,
hotpot_distractor_dev,validation,5a7f2d3e5542993067513675,
hotpot_distractor_dev,validation,5a7723ce55429966f1a36c9f,
hotpot_distractor_dev,validation,5ab21c3b554299722f9b4cb4,
hotpot_distractor_dev,validation,5ab492155542991779162ce3,
hotpot_distractor_dev,validation,5a7568805542992db9473658,
hotpot_distractor_dev,validation,5ae67fba5542996d980e7b9a,
hotpot_distractor_dev,validation,5adc905e5542994d58a2f662,
hotpot_distractor_dev,validation,5abe49765542991f6610611f,
hotpot_distractor_dev,validation,5ab8494d55429916710eb016,
hotpot_distractor_dev,validation,5a74872655429979e2882978,
hotpot_distractor_dev,validation,5a79b525554299029c4b5f67,
hotpot_distractor_dev,validation,5ae7940c55429952e35ea984,
hotpot_distractor_dev,validation,5a8712095542991e771816af,
hotpot_distractor_dev,validation,5ac38c0755429939154137bb,
hotpot_distractor_dev,validation,5ab529005542996a3a96a045,
hotpot_distractor_dev,validation,5a8787305542996e4f30882d,
hotpot_distractor_dev,validation,5a894bea55429946c8d6e910,
hotpot_distractor_dev,validation,5a7b1c745542992d025e6777,
hotpot_distractor_dev,validation,5a79b495554299148911fa3b,
hotpot_distractor_dev,validation,5aba3e3355429901930fa78c,
hotpot_distractor_dev,validation,5a8307c055429966c78a6af9,
hotpot_distractor_dev,validation,5abbb116554299642a094b1d,
hotpot_distractor_dev,validation,5aba52e655429939ce03dc94,
hotpot_distractor_dev,validation,5a7a3edd5542990783324ed9,
hotpot_distractor_dev,validation,5a870a8e55429960ec39b707,
hotpot_distractor_dev,validation,5ab736a65542992aa3b8c7db,
hotpot_distractor_dev,validation,5ae3ff2d5542995dadf242a9,
hotpot_distractor_dev,validation,5ae5415055429908b63265b7,
hotpot_distractor_dev,validation,5ac413ca5542997ea680c9e9,
hotpot_distractor_dev,validation,5a7322165542994cef4bc470,
hotpot_distractor_dev,validation,5a828a7b55429954d2e2eb69,
hotpot_distractor_dev,validation,5ab2421555429970612095cc,
hotpot_distractor_dev,validation,5ab28a87554299449642c8ec,
hotpot_distractor_dev,validation,5a85f5115542991dd0999ed9,
hotpot_distractor_dev,validation,5a73677455429901807db030,
hotpot_distractor_dev,validation,5a7380e055429908901be2d6,
hotpot_distractor_dev,validation,5a7a10755542996a35c170b1,
hotpot_distractor_dev,validation,5abce85755429959677d6b3e,
hotpot_distractor_dev,validation,5a807ceb554299485f598616,
hotpot_distractor_dev,validation,5a77137455429972597f142a,
hotpot_distractor_dev,validation,5ae3368b5542991a06ce995b,
hotpot_distractor_dev,validation,5a84b6ed5542994c784dda18,
hotpot_distractor_dev,validation,5adccdab5542994d58a2f6db,
hotpot_distractor_dev,validation,5a8ac4dd5542992d82986f76,
hotpot_distractor_dev,validation,5a79d8ec5542996c55b2dc7e,
hotpot_distractor_dev,validation,5ab2f88755429976abd1bbe0,
hotpot_distractor_dev,validation,5ae610e55542995703ce8ae1,
hotpot_distractor_dev,validation,5abbfbcf55429965836003cf,
hotpot_distractor_dev,validation,5a736f7c5542991f29ee2e18,
hotpot_distractor_dev,validation,5a727ca45542994cef4bc2d8,
hotpot_distractor_dev,validation,5a7587705542992db9473674,
hotpot_distractor_dev,validation,5ab915ad55429919ba4e239c,
hotpot_distractor_dev,validation,5a9080275542995651fb5175,
hotpot_distractor_dev,validation,5a778b345542992a6e59decf,
hotpot_distractor_dev,validation,5ac3b9c5554299657fa2911b,
hotpot_distractor_dev,validation,5ab2d3c5554299295394687a,
hotpot_distractor_dev,validation,5a81a2705542990a1d231e30,
hotpot_distractor_dev,validation,5a7dbc175542995ed0d1666b,
hotpot_distractor_dev,validation,5a84a5dc5542992a431d1a82,
hotpot_distractor_dev,validation,5ab3357d554299166977419d,
hotpot_distractor_dev,validation,5abd4c6d5542993062266c47,
hotpot_distractor_dev,validation,5ae1af14554299234fd042c4,
hotpot_distractor_dev,validation,5a88f7855542993b751ca8da,
hotpot_distractor_dev,validation,5adf0e7c5542992d7e9f9297,
hotpot_distractor_dev,validation,5a77d2d25542992a6e59dfe2,
hotpot_distractor_dev,validation,5a7c90125542990527d554d1,
hotpot_distractor_dev,validation,5adefcf15542995ec70e8f4c,
hotpot_distractor_dev,validation,5a73f4f75542993a88ae2ebc,
hotpot_distractor_dev,validation,5ae1e8ab5542997283cd22ca,
hotpot_distractor_dev,validation,5ae1408a55429901ffe4ae2a,
hotpot_distractor_dev,validation,5a7b23d355429931da12c9f1,
hotpot_distractor_dev,validation,5a81adfc55429903bc27b9a4,
hotpot_distractor_dev,validation,5a7716ee55429937353601cc,
hotpot_distractor_dev,validation,5a8fa20555429918e830d298,
hotpot_distractor_dev,validation,5ae095f055429924de1b7103,
hotpot_distractor_dev,validation,5ab72a035542993667793f5c,
hotpot_distractor_dev,validation,5a8a09ff5542992d82986e6b,
hotpot_distractor_dev,validation,5ab822ef55429916710eafff,
hotpot_distractor_dev,validation,5abd724b55429924427fcfd9,
hotpot_distractor_dev,validation,5a8b7d7d5542997f31a41d4b,
hotpot_distractor_dev,validation,5ae4be5c5542995ad6573e3a,
hotpot_distractor_dev,validation,5add3acb5542990dbb2f7ddc,
hotpot_distractor_dev,validation,5abb23655542992ccd8e7f25,
hotpot_distractor_dev,validation,5ae4a0ca5542995ad6573dcb,
hotpot_distractor_dev,validation,5ae535bc55429960a22e0260,
hotpot_distractor_dev,validation,5a8d9573554299068b959d51,
hotpot_distractor_dev,validation,5ade279e5542992fa25da6fa,
hotpot_distractor_dev,validation,5a7f19eb55429934daa2fcdb,
hotpot_distractor_dev,validation,5ade3af855429939a52fe867,
hotpot_distractor_dev,validation,5adfecd755429942ec259b90,
hotpot_distractor_dev,validation,5a7fc5875542992e7d278d67,
hotpot_distractor_dev,validation,5ab428915542991751b4d6b2,
hotpot_distractor_dev,validation,5ae71f06554299572ea54708,
hotpot_distractor_dev,validation,5ae12aa6554299422ee99617,
hotpot_distractor_dev,validation,5a89a82c5542993b751ca973,
hotpot_distractor_dev,validation,5a829c1d55429966c78a6a67,
hotpot_distractor_dev,validation,5a7125165542994082a3e5d0,
hotpot_distractor_dev,validation,5a79ecd05542996c55b2dca1,
hotpot_distractor_dev,validation,5a8edb5c55429917b4a5bde9,
hotpot_distractor_dev,validation,5ac0cfb45542997d64295a58,
hotpot_distractor_dev,validation,5abcffc2554299700f9d7951,
hotpot_distractor_dev,validation,5ae634355542995703ce8b41,
hotpot_distractor_dev,validation,5a832ad55542990548d0b1b5,
hotpot_distractor_dev,validation,5a903b7f55429933b8a204af,
hotpot_distractor_dev,validation,5a74b66a55429929fddd84cb,
hotpot_distractor_dev,validation,5ac3aa3655429939154138a2,
hotpot_distractor_dev,validation,5a7471f655429979e2882955,
hotpot_distractor_dev,validation,5ae628fd5542995703ce8b33,
hotpot_distractor_dev,validation,5ab2a1f35542997061209677,
hotpot_distractor_dev,validation,5a84edf65542994c784dda8d,
hotpot_distractor_dev,validation,5a7ae2f2554299042af8f6aa,
hotpot_distractor_dev,validation,5adbcc085542996e6852523c,
hotpot_distractor_dev,validation,5ae127c9554299422ee99612,
hotpot_distractor_dev,validation,5a7c17c95542990527d5544d,
hotpot_distractor_dev,validation,5ae4d2a55542990ba0bbb161,
hotpot_distractor_dev,validation,5ae200655542994d89d5b2f4,
hotpot_distractor_dev,validation,5a72ba1a5542992359bc318b,
hotpot_distractor_dev,validation,5ae489ab5542995ad6573d62,
hotpot_distractor_dev,validation,5a8563c05542997b5ce3fff4,
hotpot_distractor_dev,validation,5ae3b1ba5542992f92d82343,
hotpot_distractor_dev,validation,5ab29426554299545a2cf99f,
hotpot_distractor_dev,validation,5a8d40715542994ba4e3dc3a,
hotpot_distractor_dev,validation,5adfc35755429906c02daa30,
hotpot_distractor_dev,validation,5a7f7e3a5542992097ad2f89,
hotpot_distractor_dev,validation,5a86ea445542994775f60780,
hotpot_distractor_dev,validation,5ab56200554299494045ef88,
hotpot_distractor_dev,validation,5ae0380955429925eb1afc2e,
hotpot_distractor_dev,validation,5ab875bd55429916710eb062,
hotpot_distractor_dev,validation,5abfa0285542990832d3a171,
hotpot_distractor_dev,validation,5a7fb23f5542994857a767be,
hotpot_distractor_dev,validation,5a7a34bf5542994f819ef151,
hotpot_distractor_dev,validation,5a77a3905542992a6e59df40,
hotpot_distractor_dev,validation,5ae3d6bd5542991a06ce9a2b,
hotpot_distractor_dev,validation,5a8b98665542995d1e6f1413,
hotpot_distractor_dev,validation,5a8bbddf5542997f31a41db2,
hotpot_distractor_dev,validation,5a7e6df35542997cc2c47544,
hotpot_distractor_dev,validation,5ae2fffe55429928c423959c,
hotpot_distractor_dev,validation,5ae721885542996d980e7cba,
hotpot_distractor_dev,validation,5a77ca3955429967ab1052a3,
hotpot_distractor_dev,validation,5ac0d1555542997d64295a5d,
hotpot_distractor_dev,validation,5ae685fd5542996d980e7bda,
hotpot_distractor_dev,validation,5ae141475542997b2ef7d185,
hotpot_distractor_dev,validation,5a862974554299211dda2a95,
hotpot_distractor_dev,validation,5ab9b1fd5542996be202058e,
hotpot_distractor_dev,validation,5a8c78a8554299585d9e36bc,
hotpot_distractor_dev,validation,5a77769e5542997042120a65,
hotpot_distractor_dev,validation,5a78f59755429970f5fffdf8,
hotpot_distractor_dev,validation,5a7bb983554299042af8f7c1,
hotpot_distractor_dev,validation,5abea98d5542990832d3a07d,
hotpot_distractor_dev,validation,5a86f204554299211dda2b60,
hotpot_distractor_dev,validation,5ac1846d55429964131be20b,
hotpot_distractor_dev,validation,5a8eb63455429917b4a5bdb7,
hotpot_distractor_dev,validation,5a8591715542994c784ddb27,
hotpot_distractor_dev,validation,5a84c6e65542994c784dda48,
hotpot_distractor_dev,validation,5abdb9775542993f32c2a01b,
hotpot_distractor_dev,validation,5a877df15542993e715abf7a,
hotpot_distractor_dev,validation,5a808f96554299485f598655,
hotpot_distractor_dev,validation,5a89df265542992e4fca840d,
hotpot_distractor_dev,validation,5a7a73e45542996c55b2ddb6,
hotpot_distractor_dev,validation,5ae50eff55429908b6326500,
hotpot_distractor_dev,validation,5ae16ea85542990adbacf790,
hotpot_distractor_dev,validation,5ae657d55542995703ce8b5b,
hotpot_distractor_dev,validation,5a8c42445542996e8ac88a3f,
hotpot_distractor_dev,validation,5a82a1ae55429954d2e2eb89,
hotpot_distractor_dev,validation,5add292b5542990d50227e0a,
hotpot_distractor_dev,validation,5a7cc9db55429907fabef036,
hotpot_distractor_dev,validation,5a7b735c5542997c3ec9718a,
hotpot_distractor_dev,validation,5ac213805542992f1f2b37e7,
hotpot_distractor_dev,validation,5ae72c7d5542991e8301cb91,
hotpot_distractor_dev,validation,5a711bb55542994082a3e597,
hotpot_distractor_dev,validation,5ae684925542995703ce8b71,
hotpot_distractor_dev,validation,5a7283355542991f9a20c4b1,
hotpot_distractor_dev,validation,5a7557d75542992d0ec05f68,
hotpot_distractor_dev,validation,5a75227955429929fddd8508,
hotpot_distractor_dev,validation,5abc0e095542996583600417,
hotpot_distractor_dev,validation,5a8e00515542995a26add454,
hotpot_distractor_dev,validation,5ae75c395542991bbc9761f7,
hotpot_distractor_dev,validation,5ae43d7f5542996836b02c59,
hotpot_distractor_dev,validation,5a8ccceb554299653c1aa128,
hotpot_distractor_dev,validation,5adf95745542995534e8c7f8,
hotpot_distractor_dev,validation,5ac473e4554299204fd21f54,
hotpot_distractor_dev,validation,5ae1f3df554299234fd04364,
hotpot_distractor_dev,validation,5ade86b255429939a52fe8e0,
hotpot_distractor_dev,validation,5ab48bab5542991779162cd3,
hotpot_distractor_dev,validation,5a7458ff55429979e2882918,
hotpot_distractor_dev,validation,5a8ea03e5542990e94052b81,
hotpot_distractor_dev,validation,5ae1e22a5542997f29b3c160,
hotpot_distractor_dev,validation,5abe364e5542993f32c2a08e,
hotpot_distractor_dev,validation,5a8f44135542992414482a24,
hotpot_distractor_dev,validation,5a7a1e635542990783324e69,
hotpot_distractor_dev,validation,5a752fb75542993748c897df,
hotpot_distractor_dev,validation,5a7793275542992a6e59df04,
hotpot_distractor_dev,validation,5ae2b794554299495565db10,
hotpot_distractor_dev,validation,5a86e6f65542994775f6077c,
hotpot_distractor_dev,validation,5a77d4eb55429949eeb29f74,
hotpot_distractor_dev,validation,5a8126265542995ce29dcbc9,
hotpot_distractor_dev,validation,5a8182e255429938b614234d,
hotpot_distractor_dev,validation,5ac27d2555429963665199dc,
hotpot_distractor_dev,validation,5adee8ff55429975fa854fb8,
hotpot_distractor_dev,validation,5a7730015542994aec3b7210,
hotpot_distractor_dev,validation,5a8b45765542995d1e6f1333,
hotpot_distractor_dev,validation,5ae72a975542991e8301cb75,
hotpot_distractor_dev,validation,5ade3e69554299728e26c68d,
hotpot_distractor_dev,validation,5ae3d0bb5542990afbd1e1e5,
hotpot_distractor_dev,validation,5abfa0be5542990832d3a173,
hotpot_distractor_dev,validation,5a7ca98f55429935c91b5288,
hotpot_distractor_dev,validation,5a7776b955429967ab10519e,
hotpot_distractor_dev,validation,5a7b72e15542997c3ec97187,
hotpot_distractor_dev,validation,5a7fb7985542994857a767d2,
hotpot_distractor_dev,validation,5ab56ed0554299637185c597,
hotpot_distractor_dev,validation,5ae09d6155429945ae9593d4,
hotpot_distractor_dev,validation,5ae2c6bf554299492dc91c6c,
hotpot_distractor_dev,validation,5abdf68c5542993f32c2a06b,
hotpot_distractor_dev,validation,5a7fe0b55542994857a76818,
hotpot_distractor_dev,validation,5adcad175542994ed6169bc3,
hotpot_distractor_dev,validation,5a7c220b5542990527d5545c,
hotpot_distractor_dev,validation,5ab96d405542996be20204de,
hotpot_distractor_dev,validation,5a7149cf5542994082a3e773,
hotpot_distractor_dev,validation,5a7616755542992d0ec06028,
hotpot_distractor_dev,validation,5ac1a9cc5542994ab5c67dc0,
hotpot_distractor_dev,validation,5ac45b23554299204fd21f31,
hotpot_distractor_dev,validation,5ab9560855429970cfb8ea73,
hotpot_distractor_dev,validation,5a84f06f5542994c784dda92,
hotpot_distractor_dev,validation,5adf6a5c5542995ec70e8ff9,
hotpot_distractor_dev,validation,5ac03b395542992a796decce,
hotpot_distractor_dev,validation,5ab4071955429976abd1bd38,
hotpot_distractor_dev,validation,5a85cd295542997175ce202b,
hotpot_distractor_dev,validation,5a86ed6155429960ec39b6d9,
hotpot_distractor_dev,validation,5a90bb4e55429916514e7536,
hotpot_distractor_dev,validation,5ac257fe55429951e9e68562,
hotpot_distractor_dev,validation,5a90ba1b55429933b8a205c6,
hotpot_distractor_dev,validation,5aba94e355429901930fa845,
hotpot_distractor_dev,validation,5ae1f2d4554299234fd04358,
hotpot_distractor_dev,validation,5a75462d5542996c70cfaed3,
hotpot_distractor_dev,validation,5ae0ac1c5542993d6555ec07,
hotpot_distractor_dev,validation,5adc6f6255429947ff173961,
hotpot_distractor_dev,validation,5a8756aa5542994846c1cd69,
hotpot_distractor_dev,validation,5ab8736455429916710eb058,
hotpot_distractor_dev,validation,5ae0fe4e554299422ee995a9,
hotpot_distractor_dev,validation,5a878d795542993e715abf9d,
hotpot_distractor_dev,validation,5a7781c955429949eeb29ea8,
hotpot_distractor_dev,validation,5a8d51355542994ba4e3dc6b,
hotpot_distractor_dev,validation,5a70f6425542994082a3e44c,
hotpot_distractor_dev,validation,5aba7e2c55429955dce3ee5a,
hotpot_distractor_dev,validation,5a7c651a55429935c91b5188,
hotpot_distractor_dev,validation,5a81ca0d5542990a1d231ebb,
hotpot_distractor_dev,validation,5a825da055429954d2e2eb17,
hotpot_distractor_dev,validation,5a73630655429901807db020,
hotpot_distractor_dev,validation,5a77aa095542995d83181260,
hotpot_distractor_dev,validation,5ab97cd0554299753720f81a,
hotpot_distractor_dev,validation,5a84de5f5542991dd0999e07,
hotpot_distractor_dev,validation,5ae06ee755429945ae959352,
hotpot_distractor_dev,validation,5ab84bab55429934fafe6d49,
hotpot_distractor_dev,validation,5ae6793e5542991bbc9760e2,
hotpot_distractor_dev,validation,5a81418455429903bc27b95f,
hotpot_distractor_dev,validation,5adc872b5542994d58a2f62f,
hotpot_distractor_dev,validation,5ae81b895542997ec272770c,
hotpot_distractor_dev,validation,5a7e910a554299306751357f,
hotpot_distractor_dev,validation,5a8f75e6554299458435d635,
hotpot_distractor_dev,validation,5a7e040f5542990b8f503b13,
hotpot_distractor_dev,validation,5addb1515542995b365fab60,
hotpot_distractor_dev,validation,5ab80bbf5542991d32223818,
hotpot_distractor_dev,validation,5a848a685542997b5ce3feae,
hotpot_distractor_dev,validation,5ab6238e554299710c8d1e6d,
hotpot_distractor_dev,validation,5ab92307554299753720f72d,
hotpot_distractor_dev,validation,5abba3b1554299642a094aed,
hotpot_distractor_dev,validation,5a8173fa554299260e20a28e,
hotpot_distractor_dev,validation,5a8caf1d554299585d9e3720,
hotpot_distractor_dev,validation,5ac132a755429964131be17c,
humaneval,test,HumanEval/0,
humaneval,test,HumanEval/1,
humaneval,test,HumanEval/2,
humaneval,test,HumanEval/3,
humaneval,test,HumanEval/4,
humaneval,test,HumanEval/5,
humaneval,test,HumanEval/6,
humaneval,test,HumanEval/7,
humaneval,test,HumanEval/8,
humaneval,test,HumanEval/9,
humaneval,test,HumanEval/10,
humaneval,test,HumanEval/11,
humaneval,test,HumanEval/12,
humaneval,test,HumanEval/13,
humaneval,test,HumanEval/14,
humaneval,test,HumanEval/15,
humaneval,test,HumanEval/16,
humaneval,test,HumanEval/17,
humaneval,test,HumanEval/18,
humaneval,test,HumanEval/19,
humaneval,test,HumanEval/20,
humaneval,test,HumanEval/21,
humaneval,test,HumanEval/22,
humaneval,test,HumanEval/23,
humaneval,test,HumanEval/24,
humaneval,test,HumanEval/25,
humaneval,test,HumanEval/26,
humaneval,test,HumanEval/27,
humaneval,test,HumanEval/28,
humaneval,test,HumanEval/29,
humaneval,test,HumanEval/30,
humaneval,test,HumanEval/31,
humaneval,test,HumanEval/32,
humaneval,test,HumanEval/33,
humaneval,test,HumanEval/34,
humaneval,test,HumanEval/35,
humaneval,test,HumanEval/36,
humaneval,test,HumanEval/37,
humaneval,test,HumanEval/38,
humaneval,test,HumanEval/39,
humaneval,test,HumanEval/40,
humaneval,test,HumanEval/41,
humaneval,test,HumanEval/42,
humaneval,test,HumanEval/43,
humaneval,test,HumanEval/44,
humaneval,test,HumanEval/45,
humaneval,test,HumanEval/46,
humaneval,test,HumanEval/47,
humaneval,test,HumanEval/48,
humaneval,test,HumanEval/49,
humaneval,test,HumanEval/50,
humaneval,test,HumanEval/51,
humaneval,test,HumanEval/52,
humaneval,test,HumanEval/53,
humaneval,test,HumanEval/54,
humaneval,test,HumanEval/55,
humaneval,test,HumanEval/56,
humaneval,test,HumanEval/57,
humaneval,test,HumanEval/58,
humaneval,test,HumanEval/59,
humaneval,test,HumanEval/60,
humaneval,test,HumanEval/61,
humaneval,test,HumanEval/62,
humaneval,test,HumanEval/63,
humaneval,test,HumanEval/64,
humaneval,test,HumanEval/65,
humaneval,test,HumanEval/66,
humaneval,test,HumanEval/67,
humaneval,test,HumanEval/68,
humaneval,test,HumanEval/69,
humaneval,test,HumanEval/70,
humaneval,test,HumanEval/71,
humaneval,test,HumanEval/72,
humaneval,test,HumanEval/73,
humaneval,test,HumanEval/74,
humaneval,test,HumanEval/75,
humaneval,test,HumanEval/76,
humaneval,test,HumanEval/77,
humaneval,test,HumanEval/78,
humaneval,test,HumanEval/79,
humaneval,test,HumanEval/80,
humaneval,test,HumanEval/81,
humaneval,test,HumanEval/82,
humaneval,test,HumanEval/83,
humaneval,test,HumanEval/84,
humaneval,test,HumanEval/85,
humaneval,test,HumanEval/86,
humaneval,test,HumanEval/87,
humaneval,test,HumanEval/88,
humaneval,test,HumanEval/89,
humaneval,test,HumanEval/90,
humaneval,test,HumanEval/91,
humaneval,test,HumanEval/92,
humaneval,test,HumanEval/93,
humaneval,test,HumanEval/94,
humaneval,test,HumanEval/95,
humaneval,test,HumanEval/96,
humaneval,test,HumanEval/97,
humaneval,test,HumanEval/98,
humaneval,test,HumanEval/99,
humaneval,test,HumanEval/100,
humaneval,test,HumanEval/101,
humaneval,test,HumanEval/102,
humaneval,test,HumanEval/103,
humaneval,test,HumanEval/104,
humaneval,test,HumanEval/105,
humaneval,test,HumanEval/106,
humaneval,test,HumanEval/107,
humaneval,test,HumanEval/108,
humaneval,test,HumanEval/109,
humaneval,test,HumanEval/110,
humaneval,test,HumanEval/111,
humaneval,test,HumanEval/112,
humaneval,test,HumanEval/113,
humaneval,test,HumanEval/114,
humaneval,test,HumanEval/115,
humaneval,test,HumanEval/116,
humaneval,test,HumanEval/117,
humaneval,test,HumanEval/118,
humaneval,test,HumanEval/119,
humaneval,test,HumanEval/120,
humaneval,test,HumanEval/121,
humaneval,test,HumanEval/122,
humaneval,test,HumanEval/123,
humaneval,test,HumanEval/124,
humaneval,test,HumanEval/125,
humaneval,test,HumanEval/126,
humaneval,test,HumanEval/127,
humaneval,test,HumanEval/128,
humaneval,test,HumanEval/129,
humaneval,test,HumanEval/130,
humaneval,test,HumanEval/131,
humaneval,test,HumanEval/132,
humaneval,test,HumanEval/133,
humaneval,test,HumanEval/134,
humaneval,test,HumanEval/135,
humaneval,test,HumanEval/136,
humaneval,test,HumanEval/137,
humaneval,test,HumanEval/138,
humaneval,test,HumanEval/139,
humaneval,test,HumanEval/140,
humaneval,test,HumanEval/141,
humaneval,test,HumanEval/142,
humaneval,test,HumanEval/143,
humaneval,test,HumanEval/144,
humaneval,test,HumanEval/145,
humaneval,test,HumanEval/146,
humaneval,test,HumanEval/147,
humaneval,test,HumanEval/148,
humaneval,test,HumanEval/149,
humaneval,test,HumanEval/150,
humaneval,test,HumanEval/151,
humaneval,test,HumanEval/152,
humaneval,test,HumanEval/153,
humaneval,test,HumanEval/154,
humaneval,test,HumanEval/155,
humaneval,test,HumanEval/156,
humaneval,test,HumanEval/157,
humaneval,test,HumanEval/158,
humaneval,test,HumanEval/159,
humaneval,test,HumanEval/160,
humaneval,test,HumanEval/161,
humaneval,test,HumanEval/162,
humaneval,test,HumanEval/163,
